canonical_id,previously_needs_user_geometry,source_report_warnings,closed_reference_valid,residual_edges,outside_core_points,outside_max_distance_to_segment_end_mm,bifurcation_old_undetermined,bifurcation_route_consensus_resolved,coverage_pass,bifurcation_route_spread_mm,bifurcation_new_s_lo_mm,bifurcation_new_s_hi_mm,graph_left_cia_length_mm,graph_left_cia_tortuosity,transition_left_cia_length_min_mm,transition_left_cia_length_max_mm,transition_left_cia_tortuosity_min,transition_left_cia_tortuosity_max,graph_right_cia_length_mm,graph_right_cia_tortuosity,transition_right_cia_length_min_mm,transition_right_cia_length_max_mm,transition_right_cia_tortuosity_min,transition_right_cia_tortuosity_max,graph_cia_band_outlier,transition_cia_intervals_computable,transition_cia_inside_old_bands,prior_review_causes,audit_scope
AAA/ruputer/FENG_LI_XIN,True,,True,0,0,0.0,1,True,True,0.7674416590821753,94.5,95.0,79.09706979931374,1.0122267661883335,26.864752954145118,39.88207364759701,1.064013478670724,1.0943933321615027,94.49364714031466,1.0296519212106927,17.573431802166496,20.128805699570933,1.0548948101988032,1.0782933123741483,False,True,True,bifurcation_truncated_scan,independent_sidecar_no_candidate_mutation
AAA/ruputer/GAO_FENG_SHAN,True,pointcloud_section_coverage_low,True,0,0,0.0,1,True,False,0.18511564790611829,40.5,41.0,55.4204074706966,1.0397399461409886,28.833424131037646,34.54518175312404,1.0309781699835292,1.1363893450291216,40.530672897107976,1.1375113538634452,49.600326686320734,52.20846119489603,1.048710835305222,1.1404967237653427,False,True,True,bifurcation_truncated_scan;coverage,independent_sidecar_no_candidate_mutation
AAA/ruputer/LIU_YONG_LAN,True,centerline_inside_audit_needs_review,False,4,0,0.0,0,False,True,,,,89.38709204525307,1.3067202683175076,76.85796687213201,77.84320475078543,1.2253100945309248,1.3798765404258664,72.0685875266291,1.0904228053721667,56.53539258072553,57.34614642774149,1.3001212583004669,1.3750690144947015,False,True,True,source_inside_or_surface_audit,independent_sidecar_no_candidate_mutation
AAA/ruputer/LI_BING_JIANG,True,centerline_inside_audit_needs_review,True,0,23,8.99493408203125,1,True,True,0.34424539057709386,50.75,51.0,54.19918084401402,1.0574878346758263,25.38683658190233,28.038566240850933,1.031184369275167,1.0328590634389843,43.16485483597638,1.067024396810464,23.135208513678897,23.714586061341734,1.0255353363908062,1.0494627439540078,False,True,True,source_inside_or_surface_audit;bifurcation_truncated_scan,independent_sidecar_no_candidate_mutation
AAA/ruputer/LI_ZHEN_HUA,True,,True,0,0,0.0,0,False,True,,,,120.39117128917604,1.120422564050071,55.36968078165866,55.884617988847864,1.0338844956517605,1.0593645991883722,123.25546684834735,1.040554168405101,58.82659978067167,58.99283809704994,1.0698682808436752,1.1196834348869347,True,True,True,graph_based_cia_band,independent_sidecar_no_candidate_mutation
AAA/ruputer/WANG_KUI_WU,True,,True,0,0,0.0,0,False,True,,,,62.49486134788421,1.0396970805427026,42.89738380711888,43.480465113599585,1.0399502678570691,1.0637480780774358,70.62044683447327,1.0217375984072854,53.46071052061652,53.9427454403235,1.0147663720481273,1.075204475373157,False,True,True,stale_hardcoded_review_case,independent_sidecar_no_candidate_mutation
AAA/ruputer/ZHOU_KE_XUN,True,centerline_inside_audit_needs_review,True,0,1,2.9940669536590576,0,False,True,,,,42.18832167299072,1.0338671843076428,32.92804467217917,34.093515731374644,1.0386788333258032,1.2010088310969338,52.23693908778697,1.0474673861588004,43.06235583599096,43.548604521285185,1.038788492433692,1.0651332954143151,False,True,True,source_inside_or_surface_audit,independent_sidecar_no_candidate_mutation
AAA/ruputer/ZOU_LI_SHUN,True,,True,0,0,0.0,0,False,True,,,,127.90974596933292,1.2288541718224022,103.75687596203512,106.34518466572307,1.2233866681782557,1.2253376337530242,130.23948502267154,1.388191599091221,108.05936048056442,108.50384434421794,1.4085305572532276,1.4224076470503098,True,True,True,graph_based_cia_band,independent_sidecar_no_candidate_mutation
AAA/unruputer/CAO_HONG_TAI,True,,True,0,0,0.0,1,True,True,0.0,43.75,44.0,49.18299713308354,1.056247410161396,41.4152726697582,42.28897384246761,1.016630283415921,1.043739502793507,44.209768397910295,1.0192076589019805,21.85635235611837,23.33144452220091,1.0141913257484387,1.1054040545028512,False,True,True,bifurcation_truncated_scan,independent_sidecar_no_candidate_mutation
AAA/unruputer/GUO_BAO_CHUN,True,reference_section_coverage_low,True,0,0,0.0,0,False,False,,,,65.27426025255372,1.0534577344436902,43.22999436133304,45.57601221135657,1.1169110023586706,1.1899015385740577,58.819900777710174,1.0430171699857829,36.56134850727253,43.6728616263851,1.1893939396899524,1.2017234921386546,False,True,True,coverage,independent_sidecar_no_candidate_mutation
AAA/unruputer/LIN_JIAN_RONG,True,centerline_inside_audit_needs_review,True,0,2,3.494828939437866,0,False,True,,,,58.01735384972382,1.1881592390278557,54.38696953947873,54.64898316239483,1.1836880552248137,1.355792402114516,41.756697826806096,1.0719811950331752,40.1484130254648,42.25979584343039,1.099284933825809,1.2920449635833855,False,True,True,source_inside_or_surface_audit,independent_sidecar_no_candidate_mutation
AAA/unruputer/LIU_JIE,True,centerline_inside_audit_needs_review,True,0,3,3.99776291847229,0,False,True,,,,68.01553602389454,1.187902557204915,53.2846216529597,55.48791026900686,1.0548582308828718,1.1236338008922464,54.30543207952687,1.156394087939359,44.97287297295748,45.36386350612454,1.0455315789141948,1.0523797041299827,False,True,True,source_inside_or_surface_audit,independent_sidecar_no_candidate_mutation
AAA/unruputer/LIU_KANG_WEN,True,,True,0,0,0.0,0,False,True,,,,149.97893373355754,1.180163111759339,73.45519630710753,74.44593290642128,1.0229494260234024,1.1024507519192661,134.0459399717939,1.1250160238170068,50.74368482667904,51.73148595350946,1.0303509434055882,1.0376239159263478,True,True,True,graph_based_cia_band,independent_sidecar_no_candidate_mutation
AAA/unruputer/LIU_XING_GUO,True,,True,0,0,0.0,1,False,True,23.389374160312524,54.5,97.75,44.670904873033926,1.0149997970004427,,,,,68.54034621826618,1.25392430779675,,,,,False,False,False,bifurcation_truncated_scan,independent_sidecar_no_candidate_mutation
AAA/unruputer/MA_JIN_HE,True,centerline_inside_audit_needs_review,False,1,0,0.0,0,False,True,,,,62.35189022420575,1.085493861423279,42.45846451216911,44.03564167670121,1.032520229798889,1.0730695931244423,66.76619648316886,1.074237208233341,48.63397754499032,49.10937608708229,1.0220991555017351,1.0294540147482616,False,True,True,source_inside_or_surface_audit,independent_sidecar_no_candidate_mutation
AAA/unruputer/SUN_SHU_MING,True,,True,0,0,0.0,1,False,True,14.173659882390057,48.5,147.75,104.4481021061469,1.324985559408218,,,,,101.08143545776647,1.4178542542371473,,,,,False,False,False,bifurcation_truncated_scan,independent_sidecar_no_candidate_mutation
AAA/unruputer/WANG_MAN_TIAN,True,centerline_inside_audit_needs_review,False,1,0,0.0,0,False,True,,,,67.90655991787327,1.047243438304768,43.774185269101594,45.08993960023396,1.0345747938317715,1.1858179674311466,46.284169305576754,1.0309695056208836,41.01794681965267,43.805590306352975,1.0182665063685397,1.0323410976200298,False,True,True,source_inside_or_surface_audit,independent_sidecar_no_candidate_mutation
AAA/unruputer/YANG_BEN_RUI,True,centerline_inside_audit_needs_review,True,0,4,4.499885559082031,0,False,True,,,,71.14216890857881,1.131672527227368,61.11924575266943,61.79320916997955,1.1469513454837277,1.488450455555764,69.73968425445413,1.1919382847390942,59.711301329183236,60.686633817318956,1.0985707165511873,1.2353804539626525,False,True,True,source_inside_or_surface_audit,independent_sidecar_no_candidate_mutation
AG/fast/FAN_JIAN_MING,True,,True,0,0,0.0,0,False,True,,,,95.01890547290458,2.2331681140986217,81.24945669619693,81.62812029865341,1.7308167552401679,2.211861394508375,111.61713309168908,1.732660266853831,92.33464935470793,95.9357078627742,1.5702008970110695,1.8887453808253762,True,True,False,graph_based_cia_band,independent_sidecar_no_candidate_mutation
AG/slow/HE_SHU_ZHEN,True,centerline_inside_audit_needs_review,True,0,3,3.9996261596679688,0,False,True,,,,46.603359790186,1.060953926923435,51.77010822680859,52.009823832974774,1.0483427152006248,1.1155060098857938,51.26337817520107,1.1082823555993118,47.67250935423172,47.84798305166028,1.0651787642727613,1.128873600091443,False,True,True,source_inside_or_surface_audit,independent_sidecar_no_candidate_mutation
AG/slow/LIU_FENG,True,centerline_inside_audit_needs_review,True,0,3,3.9894256591796875,0,False,True,,,,62.52262976486103,1.0313525847308098,50.72150355613569,51.28663029810697,1.0697819755275333,1.2271099549531437,74.64432055942957,1.1019417997155845,50.33462284330884,51.31660967617791,1.0608802956151344,1.0935555800875576,False,True,True,source_inside_or_surface_audit,independent_sidecar_no_candidate_mutation
AG/slow/LI_CHONG_ZENG,True,centerline_inside_audit_needs_review,True,0,3,3.9769821166992188,0,False,True,,,,55.33196712777046,1.0387233369000244,49.02922322789594,49.131500096482725,1.056691295097139,1.135101628824608,69.82259995409329,1.0906843818561052,66.64154308644356,67.22371329133915,1.060382622754146,1.123841727805395,False,True,True,source_inside_or_surface_audit,independent_sidecar_no_candidate_mutation
AG/slow/LI_GUI_YING,True,centerline_inside_audit_needs_review,True,0,7,5.99737548828125,0,False,True,,,,73.19992899702405,1.0857919473821336,41.86160338939782,43.196189256664816,1.05146271529418,1.1662116783359577,76.06942264775114,1.1716639449941129,44.8431008357862,45.29117733506466,1.0831402669079984,1.1222921825376357,False,True,True,source_inside_or_surface_audit,independent_sidecar_no_candidate_mutation
ILO/GUO_YU_SHU-0/before,True,centerline_inside_audit_needs_review,False,1,0,0.0,0,False,True,,,,73.3727084206082,1.1036573595870385,67.89120732232607,67.94828074379402,1.0530439472280024,1.129922867227984,74.03566978082787,1.2196729706122322,68.65461390858512,69.89447250078774,1.143845285564918,1.144625813130109,False,True,True,source_inside_or_surface_audit,independent_sidecar_no_candidate_mutation
ILO/LIU_LIAN_YOU-0/before,True,,True,0,0,0.0,1,True,True,0.09658587408915295,20.75,21.0,23.27297676423052,1.0223918424733116,19.924800258402456,24.054219756873174,1.0468111634553698,1.0671256362859542,14.91110261520324,1.0730190408466749,9.271464244771007,9.411294563823446,1.0083981944259275,1.0151831822945097,True,True,False,bifurcation_truncated_scan;graph_based_cia_band,independent_sidecar_no_candidate_mutation
ILO/WANG_XIAO_LIN-0/before,True,centerline_inside_audit_needs_review,False,1,0,0.0,0,False,True,,,,79.73477630555709,1.1411373077366889,72.59361307139427,72.7381812531684,1.1062078764309304,1.2008678895748273,115.44527060391668,1.8157487060767104,111.08795689079611,113.98134646281014,1.6933585578556032,1.8580923670896194,False,True,True,source_inside_or_surface_audit,independent_sidecar_no_candidate_mutation
AAA/ruputer/KANG_YONG,True,,True,0,0,0.0,1,True,True,0.04617568465133498,45.5,45.75,59.219094054054345,1.147505413808475,36.67504352633398,40.21680771726326,1.0862969308700943,1.097936197966094,34.95969987273181,1.011818347997835,17.39166586282998,18.985385283169492,1.0050370317319568,1.0132820909704803,False,True,True,bifurcation_truncated_scan,independent_sidecar_no_candidate_mutation
AG/fast/LIU_JUN_FENG,True,,True,0,0,0.0,1,True,True,0.12972811308577442,40.25,40.5,45.319932008183706,1.0089763883357028,16.903890830412486,18.103871333148604,1.0305464901725188,1.072463616574201,35.69415266520926,1.092304008982662,13.581002953825262,14.23683129841617,1.0085671039751816,1.0526204623256903,False,True,False,bifurcation_truncated_scan,independent_sidecar_no_candidate_mutation
AG/fast/LI_SHI_QIANG,True,,True,0,0,0.0,1,True,True,0.2315195620440988,22.25,22.5,66.85975040406586,1.052300965863652,59.05137203897087,60.648612504737116,1.0524801450827619,1.064101527681945,14.601271041655366,1.0507135312361695,13.153732134689161,14.626566536305006,1.015953451930117,1.0789798562260908,True,True,False,bifurcation_truncated_scan;graph_based_cia_band,independent_sidecar_no_candidate_mutation
