epoch_one_based,train_loss_batch_mean,train_mse_sampled_point_mean,trailing20_train_loss,lr_used,lr_logged_after_step,is_selected_best
1,0.967926424410608,0.9278550852015398,,0.0001,0.0002,False
2,0.6958500805000464,0.7211042621999547,,0.0002,0.0003,False
3,0.5407635420560837,0.5569274900574614,,0.0003,0.0004,False
4,0.4657013743287987,0.4821177910403929,,0.0004,0.0005,False
5,0.4464622243411011,0.4607470832271852,,0.0005,0.0006,False
6,0.4292011505199803,0.43976017995640854,,0.0006,0.0007,False
7,0.4198198645479149,0.4196643448539402,,0.0007,0.0008,False
8,0.36372169686688316,0.3719501372848732,,0.0008,0.0009000000000000001,False
9,0.38613879846202004,0.3462686756963315,,0.0009000000000000001,0.001,False
10,0.3809778077734841,0.38681900687839677,,0.001,0.001,False
11,0.4744525994691584,0.39612835994112316,,0.001,0.0009999839400796813,False
12,0.40000879805948997,0.41242116345391755,,0.0009999839400796813,0.0009999357613608305,False
13,0.37106093433168197,0.3810656391530797,,0.0009999357613608305,0.0009998554669696956,False
14,0.3540657108856572,0.36622756763402964,,0.0009998554669696956,0.0009997430621164645,False
15,0.33027909364965224,0.33966333432404894,,0.0009997430621164645,0.000999598554094927,False
16,0.3608284489148193,0.3588065245697464,,0.000999598554094927,0.0009994219522820016,False
17,0.3346686421169175,0.33773451370018115,,0.0009994219522820016,0.000999213268137127,False
18,0.35113057535555625,0.35873603161798007,,0.000999213268137127,0.0009989725152015183,False
19,0.30636177211999893,0.31105865496206975,,0.0009989725152015183,0.0009986997090972883,False
20,0.36434024075667065,0.37623191307178444,0.43718798897332617,0.0009986997090972883,0.000998394867526434,False
21,0.35570528482397396,0.3664723036614017,0.4065769319939944,0.000998394867526434,0.0009980580102696885,False
22,0.3146741944882605,0.31771781872735505,0.38751813769340515,0.0009980580102696885,0.0009976891591852361,False
23,0.3421429925494724,0.3506603897758152,0.3775871102180746,0.0009976891591852361,0.0009972883382072953,False
24,0.3033754854566521,0.2941058459295743,0.3694708157744672,0.0009972883382072953,0.000996855573344565,False
25,0.2788415967176358,0.27650046775928444,0.361089784393294,0.000996855573344565,0.0009963908926785368,False
26,0.3180093670056926,0.3259081139605978,0.3555301952175796,0.0009963908926785368,0.0009958943263616731,False
27,0.5224330404566394,0.2976262727156929,0.36066085401301584,0.0009958943263616731,0.000995365906615451,False
28,0.25106854033139014,0.2493252547554348,0.3550281961862412,0.000995365906615451,0.0009948056677282703,False
29,0.2638548057940271,0.2666767526820086,0.34891399655284155,0.0009948056677282703,0.0009942136460532297,False
30,0.3498150598671701,0.29491195156816125,0.34735585915752587,0.0009942136460532297,0.0009935898800057668,False
31,0.28138115381201106,0.285520948327106,0.3377022868746685,0.0009935898800057668,0.000992934410061167,False
32,0.2778724460966057,0.2865223149838655,0.3315954692765242,0.000992934410061167,0.000992247278751936,False
33,0.2391767758462164,0.24439894488790762,0.32500126135225094,0.000992247278751936,0.000991528530665039,False
34,0.21600643835133976,0.2197664690542912,0.31809829772553505,0.000991528530665039,0.0009907782124390096,False
35,0.25489124324586654,0.24119592143625454,0.31432890520534573,0.0009907782124390096,0.0009899963727609225,False
36,0.23830987099144194,0.23791024116847825,0.3082029763091769,0.0009899963727609225,0.0009891830623632338,False
37,0.26110080008705455,0.2594264351222826,0.30452458420768375,0.0009891830623632338,0.0009883383340204897,False
38,0.25727547829349834,0.26290306414175724,0.29983182935458086,0.0009883383340204897,0.000987462242545902,False
39,0.2922414843406942,0.296547875445822,0.29912581496561563,0.000987462242545902,0.0009865548447877902,False
40,0.24546480716930497,0.24712568288609602,0.29318204328624736,0.0009865548447877902,0.0009856161996258958,False
41,0.19639342567986912,0.19904414752462635,0.2852164503290422,0.0009856161996258958,0.0009846463679675573,False
42,0.20202343372835052,0.2026550002830616,0.2795839122910467,0.0009846463679675573,0.0009836454127437613,False
43,0.2867651457587878,0.27302353515625,0.2768150199515125,0.0009836454127437613,0.000982613398905058,False
44,0.4206993840634823,0.30011011379076086,0.28268121488185394,0.000982613398905058,0.0009815503934173463,False
45,0.18289812778433165,0.1862953321373981,0.2778840414351887,0.0009815503934173463,0.0009804564652575293,False
46,0.2899286175767581,0.28543073978147643,0.27648000396374195,0.0009804564652575293,0.0009793316854090372,False
47,0.23180901921457714,0.2308862106544384,0.2619488029016389,0.0009793316854090372,0.000978176126857223,False
48,0.18287956404189268,0.18182381078747736,0.258539354087164,0.000978176126857223,0.0009769898645846245,False
49,0.22685334417555067,0.23481423790973166,0.2566892810062402,0.0009769898645846245,0.0009757729755661011,False
50,0.2645656880405214,0.2364415771484375,0.2524268124149078,0.0009757729755661011,0.000974525538763837,False
51,0.1887440871861246,0.18777478168874548,0.24779495908361343,0.000974525538763837,0.000973247635122219,False
52,0.20995035457114378,0.21408921747622284,0.24439885450734034,0.000973247635122219,0.0009719393475625828,False
53,0.1772508327331808,0.17518345575747282,0.24130255735168854,0.0009719393475625828,0.0009706007609778335,False
54,0.22615909452239671,0.21130576737998188,0.2418101901602414,0.0009706007609778335,0.0009692319622269362,False
55,0.22395441350009707,0.21586381552875905,0.24026334867295296,0.0009692319622269362,0.0009678330401292804,False
56,0.24116033274266455,0.24817505997367528,0.24040587176051406,0.0009678330401292804,0.0009664040854589161,False
57,0.19348102518253857,0.19515165856402852,0.23702488301528826,0.0009664040854589161,0.0009649451909386641,False
58,0.22958951443433762,0.22140500311367753,0.23564058482233022,0.0009649451909386641,0.0009634564512340994,False
59,0.21104982143474948,0.21661506214971127,0.231581001677033,0.0009634564512340994,0.0009619379629474077,False
60,0.23448315345578724,0.23767186473901722,0.23103191899135708,0.0009619379629474077,0.000960389824611118,False
61,0.21769023169245985,0.173742089136096,0.23209675929198664,0.000960389824611118,0.0009588121366817083,False
62,0.1666584366725551,0.1687177633534307,0.23032850943919686,0.0009588121366817083,0.0009572050015330874,False
63,0.18880586760739484,0.1858950096240942,0.22543054553162722,0.0009572050015330874,0.0009555685234499522,False
64,0.1506115129838387,0.15092861735026042,0.21192615197764506,0.0009555685234499522,0.00095390280862102,False
65,0.21472962035073173,0.19141524728968523,0.21351772660596502,0.00095390280862102,0.0009522079651321392,False
66,0.16942609205014175,0.1743390601116678,0.2074926003296342,0.0009522079651321392,0.0009504841029592749,False
67,0.16395055523349178,0.16210562832597372,0.20409967713057994,0.0009504841029592749,0.0009487313339613734,False
68,0.18977702657381693,0.1770880410014719,0.20444455025717614,0.0009487313339613734,0.0009469497718731027,False
69,0.16639603426059088,0.16810137939453124,0.2014216847614282,0.0009469497718731027,0.000945139532297474,False
70,0.18208382858170402,0.18420163485762,0.1972975917884873,0.000945139532297474,0.0009433007326983388,False
71,0.16062372343407738,0.15023624320652174,0.19589157360088494,0.0009433007326983388,0.0009414334923927686,False
72,0.17073340134488213,0.17064035662222599,0.19393072593957184,0.0009414334923927686,0.0009395379325433103,False
73,0.12488372561832269,0.12833249370187952,0.19131237058382897,0.0009395379325433103,0.0009376141761501264,False
74,0.13075523347490364,0.1338774217688519,0.1865421775314543,0.0009376141761501264,0.0009356623480430125,False
75,0.19579783454537392,0.17432501309159873,0.18513434858371813,0.0009356623480430125,0.0009336825748732972,False
76,0.18545532381782928,0.19233328366486924,0.18234909813747638,0.0009336825748732972,0.0009316749851056243,False
77,0.1554468288603756,0.14944131496263588,0.18044738832136822,0.0009316749851056243,0.000929639709009617,False
78,0.19499661359522077,0.20156797803795856,0.1787177432794124,0.000929639709009617,0.0009275768786514248,False
79,0.23107036534282896,0.23823536208885304,0.17971877047481635,0.0009275768786514248,0.0009254866278851529,False
80,0.17218970465991232,0.1624651565330616,0.17660409803502264,0.0009254866278851529,0.0009233690923441785,False
81,0.12655932766695818,0.12736485949530119,0.17204755283374756,0.0009233690923441785,0.0009212244094323479,False
82,0.1647352007114225,0.16863507115460824,0.17195139103569093,0.0009212244094323479,0.0009190527183150622,False
83,0.1608331733279758,0.16295166794044383,0.17055275632171996,0.0009190527183150622,0.0009168541599102458,False
84,0.12663783381382623,0.12935937606148099,0.16935407236321934,0.0009168541599102458,0.0009146288768792027,False
85,0.12665901684926617,0.12825234074247055,0.16495054218814606,0.0009146288768792027,0.0009123770136173599,False
86,0.17999908121095765,0.16014170275701992,0.16547919164618685,0.0009123770136173599,0.0009100987162448975,False
87,0.12267264164984226,0.12524807960399684,0.16341529596700435,0.0009100987162448975,0.0009077941325972672,False
88,0.15243719373312262,0.14133820128509963,0.16154830432496967,0.0009077941325972672,0.000905463412215599,False
89,0.1345641143206093,0.13861423587522645,0.1599567083279706,0.000905463412215599,0.0009031067063369985,False
90,0.14040339262121254,0.14398014499830164,0.15787268652994604,0.0009031067063369985,0.0009007241678847331,False
91,0.11156358528468344,0.11365255781533061,0.15541967962247635,0.0009007241678847331,0.0008983159514583084,False
92,0.12517810012731287,0.11666695963541666,0.15314191456159787,0.0008983159514583084,0.0008958822133234372,False
93,0.16186565533280373,0.16400899198228033,0.1549910110473219,0.0008958822133234372,0.0008934231114018996,False
94,0.14080599385003248,0.1443689594655797,0.1554935490660783,0.0008934231114018996,0.000890938805261295,False
95,0.14980816468596458,0.15260613093721695,0.15319406557310783,0.000890938805261295,0.000888429456104689,False
96,0.11437744088470936,0.11624117785467618,0.14964017142645183,0.000888429456104689,0.0008858952267601521,False
97,0.19720644876360893,0.14374523147361867,0.15172815242161353,0.0008858952267601521,0.0008833362816701948,False
98,0.10852339905169275,0.10784955930848053,0.14740449169443712,0.0008833362816701948,0.0008807527868810971,False
99,0.1323209512564871,0.13629720803965692,0.14246702099012004,0.0008807527868810971,0.0008781449100321333,False
100,0.14615266087154546,0.14179777690500453,0.14116516880070168,0.0008781449100321333,0.000875512820344695,False
101,0.17076889218555558,0.1751710146696671,0.14337564702663155,0.000875512820344695,0.0008728566886113102,False
102,0.15087720793154505,0.13413190404919612,0.1426827473876377,0.0008728566886113102,0.0008701766871845605,False
103,0.10402125989397366,0.10636621080481488,0.1398421517159376,0.0008701766871845605,0.000867472989965898,False
104,0.13793712792297205,0.12001561261605526,0.1404071164213949,0.000867472989965898,0.0008647457723943605,False
105,0.10646151358054744,0.10874835859658062,0.13939724125795896,0.0008647457723943605,0.0008619952114351882,False
106,0.11801738685203923,0.12080307015681613,0.136298156540013,0.0008619952114351882,0.00085922148556834,False
107,0.12538437296946844,0.12930570068359376,0.13643374310599435,0.00085922148556834,0.0008564247747769124,False
108,0.12945172376930714,0.13158351564269136,0.13528446960780358,0.0008564247747769124,0.0008536052605354608,False
109,0.10725912410351965,0.10654271576370018,0.1339192200969491,0.0008536052605354608,0.000850763125798224,False
110,0.0980781815532181,0.091819091443048,0.13180295954354937,0.000850763125798224,0.0008478985549872517,False
111,0.10401653270754549,0.10512596550540648,0.1314256069146925,0.0008478985549872517,0.0008450117339804393,False
112,0.1282705848829614,0.12402238132642664,0.13158023115247489,0.0008450117339804393,0.0008421028500994646,False
113,0.16332855882743993,0.16540107758010644,0.1316533763272067,0.0008421028500994646,0.0008391720920976342,False
114,0.10499121165937847,0.10140306750311368,0.129862637217674,0.0008391720920976342,0.0008362196501476349,False
115,0.12281161857148011,0.12563617951766304,0.12851280991194977,0.0008362196501476349,0.0008332457158291936,False
116,0.13082396735747656,0.11726685950237772,0.12933513623558812,0.0008332457158291936,0.0008302504821166468,False
117,0.1110940192722612,0.11262064297441123,0.12502951476102075,0.0008302504821166468,0.0008272341433664174,False
118,0.09014017590218121,0.08979047674649003,0.12411035360354516,0.0008272341433664174,0.0008241968953044044,False
119,0.10171622845033805,0.10284054061226224,0.12258011746323771,0.0008241968953044044,0.0008211389350132822,False
120,0.1346506310833825,0.13725761152626811,0.12200501597382957,0.0008211389350132822,0.0008180604609197117,False
121,0.09609011560678482,0.09315887575011322,0.11827107714489103,0.0008180604609197117,0.0008149616727814653,False
122,0.1233837888058689,0.1255426122693048,0.11689640618860724,0.0008149616727814653,0.0008118427716744646,False
123,0.12255827151238918,0.11249409993489583,0.117823256769528,0.0008118427716744646,0.0008087039599797323,False
124,0.10265202302899626,0.10070278514917345,0.1160590015248292,0.0008087039599797323,0.0008055454413702621,False
125,0.09094076127641731,0.09038519888615262,0.1152829639096227,0.0008055454413702621,0.0008023674207977996,False
126,0.08367874038716157,0.08133972344882247,0.11356603158637882,0.0008023674207977996,0.0007991701044795457,False
127,0.10457877897553974,0.10725680988698766,0.11252575188668239,0.0007991701044795457,0.0007959536998847742,False
128,0.09747984922594494,0.09552009418874548,0.11092715815951427,0.0007959536998847742,0.0007927184157213702,False
129,0.09911526139411661,0.10014523306584013,0.11051996502404411,0.0007927184157213702,0.0007894644619222865,False
130,0.11311999149620533,0.11537416850656702,0.11127205552119347,0.0007894644619222865,0.0007861920496319221,False
131,0.12486069483889474,0.1281133812945822,0.11231426362776094,0.0007861920496319221,0.0007829013911924211,False
132,0.11826049060457283,0.09945687344316123,0.11181375891384152,0.0007829013911924211,0.0007795927001298937,False
133,0.1317589638961686,0.1336497999108356,0.11023527916727795,0.0007795927001298937,0.0007762661911405618,False
134,0.11274544004764822,0.10124852666440218,0.11062299058669144,0.0007762661911405618,0.000772922080076826,False
135,0.10013454573021995,0.10065902931102808,0.10948913694462842,0.000772922080076826,0.0007695605839332615,False
136,0.11379902789162265,0.10244789667544157,0.10863788997133572,0.0007695605839332615,0.0007661819208325358,False
137,0.10570879466831684,0.1094259444748146,0.10836862874113852,0.0007661819208325358,0.0007627863100112554,False
138,0.08405736130144861,0.08226233157835144,0.10806448801110188,0.0007627863100112554,0.0007593739718057405,False
139,0.09422292456858689,0.09625209200209466,0.10768982281701434,0.0007593739718057405,0.0007559451276377273,False
140,0.08972641680803564,0.08928932008605073,0.10544361210324699,0.0007559451276377273,0.0007525,False
141,0.10898875672784117,0.10424227843353714,0.1060885441592998,0.0007525,0.0007490388124419541,False
142,0.11234594871186548,0.10621954681838768,0.10553665215459963,0.0007490388124419541,0.00074556178955509,False
143,0.08546730544832018,0.08275687892747961,0.10368210385139619,0.00074556178955509,0.0007420691569584402,False
144,0.10813459464245373,0.10882404767464901,0.10395623243206906,0.0007420691569584402,0.0007385611412839287,False
145,0.1019728093718489,0.10430130159682122,0.10450783483684063,0.0007385611412839287,0.0007350379701616654,False
146,0.1012685275119212,0.10450432509270267,0.10538732419307861,0.0007350379701616654,0.0007314998722051757,False
147,0.11474451784872347,0.11541474361696105,0.1058956111367378,0.0007314998722051757,0.0007279470769965654,False
148,0.07784695240358512,0.07804676602128623,0.10491396629561982,0.0007279470769965654,0.0007243798150716245,False
149,0.0961062748812967,0.0980081302366395,0.10476351696997882,0.0007243798150716245,0.000720798317904867,False
150,0.11460169404745102,0.09445955368263134,0.10483760209754109,0.000720798317904867,0.0007172028178945118,False
151,0.09095384284026092,0.09240497949572576,0.10314225949760941,0.0007172028178945118,0.000713593548347402,False
152,0.07464206446376112,0.07649967275426008,0.10096133819056881,0.000713593548347402,0.000709970743463866,False
153,0.08022834029462603,0.08118116490460825,0.0983848070104917,0.000709970743463866,0.0007063346383225212,False
154,0.1032602306869295,0.10539386923969656,0.09791054654245578,0.0007063346383225212,0.0007026854688650193,False
155,0.09197689447965887,0.09108905701568161,0.09750266397992771,0.0007026854688650193,0.0006990234718807372,False
156,0.10855955744369163,0.09565682532269022,0.09724069045753116,0.0006990234718807372,0.0006953488849914112,False
157,0.1276684496551752,0.12539921503481657,0.09833867320687407,0.0006953488849914112,0.0006916619466357186,False
158,0.08600419852882624,0.08657972518257473,0.09843601506824295,0.0006916619466357186,0.000687962896053806,False
159,0.08830173748234908,0.08435466220137001,0.09813995571393107,0.000687962896053806,0.0006842519732717643,False
160,0.07570674197955264,0.07477076911373415,0.09743897197250692,0.0006842519732717643,0.0006805294190860552,False
161,0.0854652099725273,0.08315421938688859,0.09626279463474123,0.0006805294190860552,0.0006767954750478849,False
162,0.08582405601110724,0.08758528331811877,0.09493669999970332,0.0006767954750478849,0.0006730503834475314,False
163,0.07880033180117607,0.07993273058905118,0.0946033513173461,0.0006730503834475314,0.0006692943872986217,False
164,0.0693731392837233,0.0708275027067765,0.09266527854940956,0.0006692943872986217,0.000665527730322363,False
165,0.08127755764871836,0.08346905070871546,0.09163051596325306,0.000665527730322363,0.000661750656931729,False
166,0.09744419550730123,0.09979179413284081,0.09143929936302206,0.000661750656931729,0.000657963412215599,False
167,0.10503687171472444,0.1056077414692312,0.09095391705632211,0.000657963412215599,0.0006541662419228555,False
168,0.07910408845378293,0.08103982110507246,0.091016773858832,0.0006541662419228555,0.0006503593924464373,False
169,0.07374695750574271,0.07442284333602242,0.0898988079900543,0.0006503593924464373,0.0006465431108073511,False
170,0.07939547372774945,0.07580809733072917,0.08813849697406922,0.0006465431108073511,0.0006427176446386441,False
171,0.08267143368721008,0.08064548375226449,0.08772437651641668,0.0006427176446386441,0.0006388832421693336,False
172,0.08990403471721543,0.09141225143653758,0.0884874750290894,0.0006388832421693336,0.0006350401522083006,False
173,0.0602906598813004,0.061613319994055706,0.08749059100842312,0.0006350401522083006,0.0006311886241281456,False
174,0.08307816398640473,0.08367788873202558,0.08648148767339688,0.0006311886241281456,0.0006273289078490065,False
175,0.07951016299840477,0.07722256213201993,0.08585815109933417,0.0006273289078490065,0.0006234612538223411,False
176,0.07218828714556164,0.06884212080361186,0.08403958758442769,0.0006234612538223411,0.0006195859130146769,False
177,0.06557377179463704,0.06700773992123811,0.08093485369140077,0.0006195859130146769,0.0006157031368913251,False
178,0.10055913579546744,0.10016488355553668,0.08166260055473283,0.0006157031368913251,0.0006118131774000642,False
179,0.07531370139784282,0.07137766520182291,0.0810131987505075,0.0006118131774000642,0.0006079162869547908,False
180,0.07808113957030906,0.07298177543308423,0.08113191863004532,0.0006079162869547908,0.000604012718419142,False
181,0.06806277338829306,0.06404020182291667,0.08026179680083362,0.000604012718419142,0.0006001027250900857,False
182,0.07359783165156841,0.07491789900185405,0.07965048558285666,0.0006001027250900857,0.0005961865606814857,False
183,0.0701677082106471,0.06988580959154211,0.07921885440333022,0.0005961865606814857,0.0005922644793076387,False
184,0.076749288994405,0.07533434616310009,0.0795876618888643,0.0005922644793076387,0.000588336735466784,False
185,0.06386126753770643,0.06548332404537477,0.07871684738331372,0.000588336735466784,0.0005844035840245913,False
186,0.08927804221295649,0.09095617817312047,0.07830853971859648,0.0005844035840245913,0.000580465280197621,False
187,0.07568857435964876,0.06529212522644927,0.07684112485084271,0.000580465280197621,0.0005765220795367645,False
188,0.06725964343382253,0.06575009871773098,0.07624890259984467,0.0005765220795367645,0.0005725742379106623,False
189,0.053438502777781755,0.05490230166670205,0.07523347986344661,0.0005725742379106623,0.0005686220114890993,False
190,0.06953767324901289,0.05910111367045969,0.07474058983950979,0.0005686220114890993,0.0005646656567263849,False
191,0.07413701361252202,0.07376868365743885,0.07431386883577538,0.0005646656567263849,0.0005607054303447097,False
192,0.0945648957664768,0.0728344456769418,0.07454691188823846,0.0005607054303447097,0.0005567415893174885,False
193,0.1559333031376203,0.0893474607605865,0.07932904405105445,0.0005567415893174885,0.000552774390852685,False
194,0.06628953686190976,0.06387061820652173,0.07848961269482972,0.000552774390852685,0.0005488040923761223,False
195,0.0721852859068248,0.07143159445057745,0.07812336884025071,0.0005488040923761223,0.0005448309515147795,False
196,0.08292910415265295,0.08488952389039855,0.07866040969060528,0.0005448309515147795,0.0005408552260800724,False
197,0.07371701051791509,0.07606345110907071,0.07906757162676918,0.0005408552260800724,0.0005368771740511277,False
198,0.06254970158139865,0.0615147069958673,0.07716709991606574,0.0005368771740511277,0.0005328970535580405,False
199,0.062205986637208194,0.06281978441321331,0.076511714178034,0.0005328970535580405,0.000528915122865126,False
200,0.06065848324861792,0.06138944892330446,0.07564058136194944,0.000528915122865126,0.0005249316403541605,False
201,0.06113316770642996,0.06207591924252717,0.07529410107785629,0.0005249316403541605,0.0005209468645076158,False
202,0.05497505453725656,0.054820385565274,0.0743629622221407,0.0005209468645076158,0.0005169610538918856,False
203,0.07246757774717277,0.07034216016686481,0.074477955698967,0.0005169610538918856,0.0005129744671405092,False
204,0.06112759353386031,0.06120852439990942,0.07369687092593975,0.0005129744671405092,0.0005089873629373881,False
205,0.06002322377430068,0.059192224032637,0.07350496873776947,0.0005089873629373881,0.000505,False
206,0.07004755787137482,0.07174740520974864,0.07254344452069039,0.000505,0.0005010126370626121,False
207,0.06122048768318362,0.05716725154268569,0.07182004018686713,0.0005010126370626121,0.0004970255328594908,False
208,0.06082820757809612,0.061655568219613335,0.0714984683940808,0.0004970255328594908,0.0004930389461081146,False
209,0.05624678244607316,0.05683684665845788,0.07163888237749538,0.0004930389461081146,0.0004890531354923845,False
210,0.07048769057210949,0.06640257957569067,0.0716863832436502,0.0004890531354923845,0.00048506835964583965,False
211,0.0597113621317678,0.05947601221056952,0.07096510066961248,0.00048506835964583965,0.00048108487713487407,False
212,0.059230816550552845,0.059391537254444064,0.06919839670881629,0.00048108487713487407,0.00047710294644195945,False
213,0.06061113801681333,0.0606886571911798,0.06443228845277595,0.00047710294644195945,0.00047312282594887237,False
214,0.06651719907919566,0.06250395649343297,0.06444367156364024,0.00047312282594887237,0.0004691447739199277,False
215,0.071610517696374,0.057125797879868656,0.0644149331531177,0.0004691447739199277,0.0004651690484852207,False
216,0.06103597115725279,0.06012846193175385,0.0633202765033477,0.0004651690484852207,0.00046119590762387766,False
217,0.05011322028521034,0.051239946028115095,0.06214008699171245,0.00046119590762387766,0.000457225609147315,False
218,0.06629863588346376,0.06365816765384398,0.06232753370681571,0.000457225609147315,0.00045325841068251166,False
219,0.0618336403535472,0.06344619012362715,0.06230891639263265,0.00045325841068251166,0.0004492945696552903,False
220,0.057608319032523364,0.05167883212324502,0.062156408181827924,0.0004492945696552903,0.0004453343432736152,False
221,0.106906707605554,0.06790015736455503,0.06444508517678413,0.0004453343432736152,0.00044137798851090075,False
222,0.056094399756855436,0.05720736141481261,0.06450105243776408,0.00044137798851090075,0.000437425762089338,False
223,0.06197891136010488,0.0619733227715976,0.06397661911841068,0.000437425762089338,0.0004334779204632356,False
224,0.06395362400346333,0.06098037445510643,0.06411792064189083,0.0004334779204632356,0.000429534719802379,False
225,0.05097052041027281,0.05119560825513757,0.06366528547368944,0.000429534719802379,0.00042559641597540867,False
226,0.05882701758916179,0.05443362913269927,0.06310425845957879,0.00042559641597540867,0.0004216632645332159,False
227,0.05413643270730972,0.054756537263289745,0.0627500557107851,0.0004216632645332159,0.0004177355206923614,False
228,0.05479595178945197,0.05617081263445426,0.06244844292135289,0.0004177355206923614,0.0004138134393185143,False
229,0.04774608752793736,0.04812184244791667,0.0620234081754461,0.0004138134393185143,0.00040989727490991433,False
230,0.0584829557273123,0.05812023571954257,0.06142317143320623,0.00040989727490991433,0.0004059872815808581,False
231,0.06828184229218298,0.06935487060546874,0.06185169544122699,0.0004059872815808581,0.0004020837130452092,False
232,0.05345310643315315,0.053451746755406475,0.061562809935357,0.0004020837130452092,0.00039818682259993606,False
233,0.05224911723699835,0.05003599835824275,0.06114470889636626,0.00039818682259993606,0.00039429686310867517,False
234,0.05311120560185777,0.053929264057546424,0.06047440922249936,0.00039429686310867517,0.0003904140869853233,False
235,0.04397379824270805,0.04438491325931273,0.059092573249816066,0.0003904140869853233,0.00038653874617765907,False
236,0.05107349074549145,0.0524477709784024,0.058594449229228004,0.00038653874617765907,0.00038267109215099355,False
237,0.05662313517596987,0.057714836054262905,0.05891994497376597,0.00038267109215099355,0.00037881137587185426,False
238,0.0805531224856774,0.06795988840296649,0.05963266930387666,0.00037881137587185426,0.0003749598477916995,False
239,0.1256375257960624,0.07367931315104166,0.06282286357600242,0.0003749598477916995,0.0003711167578306666,False
240,0.057295395889216,0.05500061565896739,0.06280721741883706,0.0003711167578306666,0.000367282355361356,False
241,0.05247935145679447,0.050653960031702895,0.06008584961139908,0.000367282355361356,0.0003634568891926489,False
242,0.050120788936813675,0.05057294550356658,0.05978716907039699,0.0003634568891926489,0.00035964060755356284,False
243,0.05064955219212505,0.05197554664058962,0.059220701111998,0.00035964060755356284,0.00035583375807714463,False
244,0.04433444463130501,0.04505213906108469,0.05823974214339008,0.00035583375807714463,0.0003520365877844011,False
245,0.04834301024675369,0.04637542866140172,0.058108366635214126,0.0003520365877844011,0.00034824934306827124,False
246,0.04692105328043302,0.045161761474609374,0.057513068419777685,0.00034824934306827124,0.0003444722696776371,False
247,0.04453876159257359,0.044424275981516076,0.05703318486404088,0.0003444722696776371,0.0003407056127013786,False
248,0.056774814199242324,0.05587808864427649,0.0571321279845304,0.0003407056127013786,0.0003369496165524686,False
249,0.04625714735852347,0.0466577525705531,0.057057680976059705,0.0003369496165524686,0.00033320452495211507,False
250,0.0459599443193939,0.0447175489342731,0.05643153040566379,0.00033320452495211507,0.0003294705809139449,False
251,0.05057723116543558,0.04956301136846128,0.05554629984932642,0.0003294705809139449,0.0003257480267282358,False
252,0.04857482812884781,0.049012293586178104,0.05530238593411115,0.0003257480267282358,0.0003220371039461941,False
253,0.07118801017188364,0.05569816584932631,0.05624933058085541,0.0003220371039461941,0.0003183380533642814,False
254,0.04696019863088926,0.04536415502575861,0.05594178023230699,0.0003183380533642814,0.0003146511150085889,False
255,0.04182133647716708,0.041609692117442254,0.05583415714402994,0.0003146511150085889,0.0003109765281192629,False
256,0.04573369460801283,0.045388478597005205,0.055567167337156005,0.0003109765281192629,0.0003073145311349808,False
257,0.048241561382181115,0.04840122273763021,0.055148088647466564,0.0003073145311349808,0.000303665361677479,False
258,0.0434755508063568,0.04439425431403561,0.05329421006350054,0.000303665361677479,0.0003000292565361342,False
259,0.06000687275081873,0.05084309179333673,0.050012677411238354,0.0003000292565361342,0.0002964064516525982,False
260,0.05148843499935336,0.046196855185688404,0.04972232936674523,0.0002964064516525982,0.0002927971821054881,False
261,0.17735805486639342,0.07737097999462184,0.05596626453722517,0.0002927971821054881,0.000289201682095133,False
262,0.042429365838567414,0.04338546076235564,0.055581693382312856,0.000289201682095133,0.0002856201849283756,False
263,0.04223995003849268,0.04252639376875283,0.05516121327463124,0.0002856201849283756,0.00028205292300343456,False
264,0.04972453477482001,0.046069425721099413,0.05543071778180699,0.00028205292300343456,0.00027850012779482436,False
265,0.0479673667707377,0.044830512713003846,0.05541193560800619,0.00027850012779482436,0.00027496202983833456,False
266,0.04181180211404959,0.042058117012355636,0.055156473049687016,0.00027496202983833456,0.00027143885871607143,False
267,0.11905539108233319,0.06149203004698822,0.058882304524175,0.00027143885871607143,0.00026793084304155995,False
268,0.0503751922191845,0.04472055319081182,0.058562323425172105,0.00026793084304155995,0.00026443821044491,False
269,0.04170949674314923,0.041307756241508155,0.058334940894403386,0.00026443821044491,0.000260961187558046,False
270,0.040799636083344616,0.039454663262851,0.058076925482600926,0.000260961187558046,0.00025750000000000013,False
271,0.04724955693301228,0.04481172697647758,0.05791054177097976,0.00025750000000000013,0.0002540548723622729,False
272,0.047489230831464134,0.043701627161882924,0.057856261906110575,0.0002540548723622729,0.0002506260281942595,False
273,0.048436933611002236,0.04903536925384964,0.056718708078066504,0.0002506260281942595,0.0002472136899887446,False
274,0.04400345072564152,0.044672728872990265,0.056570870682804114,0.0002472136899887446,0.00024381807916746423,False
275,0.044676609699510865,0.04604633032757303,0.05671363434392131,0.00024381807916746423,0.00024043941606673844,False
276,0.04463147330615255,0.043874244490913726,0.056658523278828296,0.00024043941606673844,0.00023707791992317402,False
277,0.03945367835048172,0.0403695642001387,0.05621912912724333,0.00023707791992317402,0.00023373380885943846,False
278,0.04467904350409905,0.04600053976307745,0.056279303762130445,0.00023373380885943846,0.00023040729987010622,False
279,0.04488933376140065,0.0443664330523947,0.05552342681265954,0.00023040729987010622,0.00022709860880757896,False
280,0.04175612832316094,0.041701404870074725,0.055036811478849916,0.00022709860880757896,0.00022380795036807793,False
281,0.041420597583055496,0.04010025953209918,0.04823993861468302,0.00022380795036807793,0.00022053553807771365,False
282,0.03988594748079777,0.040731993567425274,0.04811276769679453,0.00022053553807771365,0.00021728158427863003,False
283,0.042964626310600176,0.03999434425243433,0.048149001510399914,0.00021728158427863003,0.00021404630011522585,False
284,0.0431112250727084,0.04374865939375283,0.04781833602529433,0.00021404630011522585,0.00021082989552045445,False
285,0.04437645193603304,0.04084991968127265,0.0476387902835591,0.00021082989552045445,0.00020763257920220036,False
286,0.03974828299962812,0.04028170121787251,0.047535614327838024,0.00020763257920220036,0.00020445455862973797,False
287,0.037089896905753345,0.037881423662710884,0.04343733961900903,0.00020445455862973797,0.00020129604002026765,False
288,0.04922783292002148,0.048189597397956294,0.04337997165405088,0.00020129604002026765,0.00019815722832553553,False
289,0.04264711433400711,0.043632427668917007,0.04342685253359377,0.00019815722832553553,0.0001950383272185347,False
290,0.048324527943299875,0.0409941993602808,0.043803097126591535,0.0001950383272185347,0.0001919395390802883,False
291,0.036211745192607246,0.03574045286316802,0.04325120653957129,0.0001919395390802883,0.00018886106498671785,False
292,0.044629755429923534,0.045517137875764266,0.043108232769494256,0.00018886106498671785,0.00018580310469559565,False
293,0.05705289635807276,0.04765136869126472,0.04353903090684778,0.00018580310469559565,0.00018276585663358263,False
294,0.04086033648086919,0.0420190953793733,0.04338187519460916,0.00018276585663358263,0.00017974951788335335,False
295,0.037696173104147114,0.03844959471329399,0.04303285336484097,0.00017974951788335335,0.00017675428417080648,False
296,0.041230924220548734,0.041637721407240716,0.04286282591056078,0.00017675428417080648,0.00017378034985236535,False
297,0.04004246803621451,0.04026867516559103,0.042892265394847424,0.00017378034985236535,0.00017082790790236586,False
298,0.037396795116364956,0.03718272983716882,0.04252815297546072,0.00017082790790236586,0.00016789714990053534,False
299,0.03824087377223703,0.038711037500353825,0.04219572997600254,0.00016789714990053534,0.0001649882660195607,False
300,0.03658753612803088,0.03625033153589221,0.04193730036624604,0.0001649882660195607,0.00016210144501274828,False
301,0.03778826812696126,0.03802206849913666,0.04175568389344133,0.00016210144501274828,0.00015923687420177625,False
302,0.04126988475521406,0.03936077208588089,0.04182488075716215,0.00015923687420177625,0.00015639473946453935,False
303,0.0402064821165469,0.04131498267132303,0.04168697354745948,0.00015639473946453935,0.00015357522522308766,False
304,0.0447902935039666,0.0412879295459692,0.041770926969022404,0.00015357522522308766,0.0001507785144316601,False
305,0.038536038974093065,0.03847266951851223,0.04147890632092541,0.0001507785144316601,0.00014800478856481184,False
306,0.03686543616155783,0.037381881758095564,0.04133476397902188,0.00014800478856481184,0.0001452542276056396,False
307,0.0986146376364761,0.053555090420488,0.04441100101555802,0.0001452542276056396,0.00014252701003410225,False
308,0.036825138765076794,0.03738885734668677,0.04379086630781078,0.00014252701003410225,0.0001398233128154396,False
309,0.03751828759494755,0.03844707991005718,0.043534424970857806,0.0001398233128154396,0.0001371433113886898,False
310,0.036063098452157445,0.03565870741692142,0.042921353496300683,0.0001371433113886898,0.0001344871796553049,False
311,0.03906126641150978,0.03979617307358894,0.04306382955724581,0.0001344871796553049,0.0001318550899678667,False
312,0.04256536294188765,0.03674489277272985,0.042960609932844014,0.0001318550899678667,0.00012924721311890296,False
313,0.03737697750329971,0.03686849471382473,0.04197681399010537,0.00012924721311890296,0.00012666371832980504,False
314,0.03611718392413524,0.03595553863083107,0.041739656362268666,0.00012666371832980504,0.00012410477323984785,False
315,0.08902443065825436,0.04767152320751245,0.04430606923997402,0.00012410477323984785,0.00012157054389531104,False
316,0.03521470777276489,0.03439860760232677,0.04400525841758484,0.00012157054389531104,0.00011906119473870497,False
317,0.03420182845244805,0.03491388978819916,0.04371322643839651,0.00011906119473870497,0.0001165768885981005,False
318,0.038731153692222305,0.038188810663637905,0.04377994436718938,0.0001165768885981005,0.00011411778667656276,False
319,0.035903883528792195,0.036223078277145604,0.04366309485501714,0.00011411778667656276,0.0001116840485416917,False
320,0.03833123700072368,0.03891947034752887,0.043750279898651774,0.0001116840485416917,0.00010927583211526703,False
321,0.037224400167663894,0.03614210205078125,0.04372208650068691,0.00010927583211526703,0.00010689329366300145,False
322,0.03728451383196645,0.03470315905584805,0.04352281795452453,0.00010689329366300145,0.00010453658778440107,False
323,0.03601252701547411,0.03625670674641927,0.04331312019947089,0.00010453658778440107,0.00010220586740273277,False
324,0.03812585279552473,0.03604125206988791,0.04297989816404879,0.00010220586740273277,9.99012837551024e-05,False
325,0.03644803839011325,0.036601311813575635,0.0428754981348498,9.99012837551024e-05,9.76229863826401e-05,False
326,0.03368438149078025,0.03420576879528985,0.04271644540131092,9.76229863826401e-05,9.537112312079738e-05,False
327,0.04612911565022336,0.03820545822364697,0.040092169301998284,9.537112312079738e-05,9.314584008975433e-05,False
328,0.035721810120675296,0.036553450189120526,0.04003700286977821,9.314584008975433e-05,9.094728168493777e-05,False
329,0.0369595338900884,0.03759485217108243,0.04000906518453526,9.094728168493777e-05,8.877559056765208e-05,False
330,0.03382326367621621,0.03476550141486569,0.039897073445738195,8.877559056765208e-05,8.663090765582167e-05,False
331,0.03595208335253927,0.036293753582498305,0.03974161429278967,8.663090765582167e-05,8.451337211484718e-05,False
332,0.036982962447735995,0.03720949990092844,0.03946249426808208,8.451337211484718e-05,8.242312134857536e-05,False
333,0.03515984076592657,0.03467862610747849,0.03935163743121342,8.242312134857536e-05,8.036029099038284e-05,False
334,0.03789448505267501,0.03832150755066802,0.03944050248764041,8.036029099038284e-05,7.83250148943756e-05,False
335,0.036882748930818506,0.03448128034066463,0.03683341840126862,7.83250148943756e-05,7.631742512670284e-05,False
336,0.03602531924843788,0.03650657656020012,0.03687394897505227,7.631742512670284e-05,7.433765195698761e-05,False
337,0.0379679802701705,0.03599316202799479,0.037062256565938395,7.433765195698761e-05,7.238582384987364e-05,False
338,0.035307950547171965,0.03403506089362545,0.036891096408685875,7.238582384987364e-05,7.04620674566897e-05,False
339,0.03586949144179622,0.036844701728267946,0.03688937680433607,7.04620674566897e-05,6.856650760723151e-05,False
340,0.03780492586601111,0.03821410668414572,0.03686306124760045,6.856650760723151e-05,6.669926730166114e-05,False
341,0.03633757018380695,0.03544168289847996,0.036818719748407606,6.669926730166114e-05,6.486046770252613e-05,False
342,0.03664667842288812,0.03741671286320341,0.0367868279779537,6.486046770252613e-05,6.305022812689734e-05,False
343,0.03886475574432148,0.039056472247579826,0.03692943941439607,6.305022812689734e-05,6.126866603862663e-05,False
344,0.032382386529611215,0.032768265124334804,0.03664226610110038,6.126866603862663e-05,5.951589704072504e-05,False
345,0.03406179789453745,0.03398164544589278,0.03652295407632159,5.951589704072504e-05,5.7792034867860855e-05,False
346,0.03688406488961644,0.03504903325619905,0.0366829382462634,5.7792034867860855e-05,5.609719137898003e-05,False
347,0.04268765739268727,0.03601783748018569,0.03651086533338659,5.609719137898003e-05,5.443147655004788e-05,False
348,0.036920250600410834,0.034158666903730754,0.036570787357373374,5.443147655004788e-05,5.279499846691251e-05,False
349,0.033048116912444435,0.03359913524682971,0.036375216508491175,5.279499846691251e-05,5.118786331829171e-05,False
350,0.03830302423901028,0.03722896162392437,0.036599204536630875,5.118786331829171e-05,4.961017538888201e-05,False
351,0.037145575818916164,0.03442956693345222,0.03665887915994972,4.961017538888201e-05,4.806203705259236e-05,False
352,0.03392375281287564,0.03383017259680707,0.036505918678206704,4.806203705259236e-05,4.654354876590071e-05,False
353,0.03538325004693535,0.0358247824848562,0.03651708914225714,4.654354876590071e-05,4.5054809061335864e-05,False
354,0.03518521630515655,0.03602849952587183,0.03638162570488122,4.5054809061335864e-05,4.3595914541083995e-05,False
355,0.034924446501665644,0.033673074119678445,0.03628371058342358,4.3595914541083995e-05,4.2166959870719715e-05,False
356,0.04415100160986185,0.03613701932603034,0.036689994701494776,4.2166959870719715e-05,4.0768037773063865e-05,False
357,0.032952686978711024,0.03350562352719514,0.0364392300369218,4.0768037773063865e-05,3.939923902216652e-05,False
358,0.0354109268842472,0.03439825864045516,0.03644437885377556,3.939923902216652e-05,3.806065243741714e-05,False
359,0.03530994471576479,0.03491863894255265,0.03641640151747399,3.806065243741714e-05,3.675236487778103e-05,False
360,0.03416729708098703,0.03372528982853544,0.03623452007822279,3.675236487778103e-05,3.5474461236162985e-05,False
361,0.034320528308550514,0.033519543545488,0.036133667984459966,3.5474461236162985e-05,3.4227024433899005e-05,False
362,0.03326229606237677,0.03312482936693274,0.0359644488664344,3.4227024433899005e-05,3.3010135415375565e-05,False
363,0.03401636342621512,0.034489312832597374,0.03572202925052908,3.3010135415375565e-05,3.1823873142777125e-05,False
364,0.03422041759929723,0.03467621906667516,0.03581393080401338,3.1823873142777125e-05,3.066831459096272e-05,False
365,0.03200261905375454,0.031983176853345785,0.03571097186197423,3.066831459096272e-05,2.954353474247074e-05,False
366,0.033636978516976036,0.033206215148041215,0.03554861754334221,2.954353474247074e-05,2.8449606582653618e-05,False
367,0.03506199818932348,0.034913249317113905,0.035167334583174024,2.8449606582653618e-05,2.7386601094942082e-05,False
368,0.037323107580757804,0.03839261211450549,0.035187477432191375,2.7386601094942082e-05,2.6354587256238774e-05,False
369,0.03480092094590267,0.03206545516304348,0.03527511763386429,2.6354587256238774e-05,2.535363203244282e-05,False
370,0.03664767990509669,0.035746646693132926,0.03519235041716861,2.535363203244282e-05,2.4383800374104253e-05,False
371,0.03295814763340685,0.03224879353841146,0.03498297900789314,2.4383800374104253e-05,2.3445155212209604e-05,False
372,0.0363424138372971,0.03501687913977582,0.03510391205911422,2.3445155212209604e-05,2.2537757454098255e-05,False
373,0.03299262628166212,0.033805840931768,0.034984380870850554,2.2537757454098255e-05,2.1661665979510303e-05,False
374,0.03146130658893122,0.03177479712444803,0.03479818538503928,2.1661665979510303e-05,2.0816937636766185e-05,False
375,0.03414285990099112,0.034333518827134285,0.03475910605500556,2.0816937636766185e-05,2.0003627239077502e-05,False
376,0.031656226557162076,0.031545365131765174,0.03413436730237057,2.0003627239077502e-05,1.9221787560990352e-05,False
377,0.03611070952481694,0.03494790782099185,0.034292268429675865,1.9221787560990352e-05,1.8471469334961106e-05,False
378,0.035466006905254394,0.034795502151268115,0.03429502243072623,1.8471469334961106e-05,1.775272124806412e-05,False
379,0.032150315327776804,0.03214458450096241,0.034137040961326824,1.775272124806412e-05,1.7065589938832845e-05,False
380,0.031914475477404065,0.03239500772227412,0.03402439988114768,1.7065589938832845e-05,1.6410119994233144e-05,False
381,0.03849395643919706,0.03605430120938066,0.03423307128768,1.6410119994233144e-05,1.5786353946770484e-05,False
382,0.031374795362353325,0.03189282323864923,0.03413869625267883,1.5786353946770484e-05,1.5194332271729696e-05,True
383,0.03420764787329568,0.03470297838293988,0.03414826047503287,1.5194332271729696e-05,1.4634093384548982e-05,False
384,0.0321889811505874,0.03244954400546309,0.03404668865259737,1.4634093384548982e-05,1.4105673638326796e-05,False
385,0.035668738496800266,0.03366690381920856,0.03422999462474966,1.4105673638326796e-05,1.3609107321463285e-05,False
386,0.033228299839215145,0.03342201936141304,0.03420956069086161,1.3609107321463285e-05,1.314442665543507e-05,False
387,0.03577822270906634,0.03660464585898579,0.03424537191684875,1.314442665543507e-05,1.2711661792704722e-05,False
388,0.06278485075260203,0.0408061598625736,0.03551845907544096,1.2711661792704722e-05,1.231084081476393e-05,False
389,0.03502096711761422,0.03499256932355355,0.035529461384026545,1.231084081476393e-05,1.1941989730311609e-05,False
390,0.05265784511963526,0.03731133988974751,0.03632996964475347,1.1941989730311609e-05,1.1605132473566086e-05,False
391,0.03170375722563929,0.03227252177362857,0.03626725012436509,1.1605132473566086e-05,1.1300290902711933e-05,False
392,0.033694991945392556,0.03370794518512228,0.03613487902976987,1.1300290902711933e-05,1.1027484798481829e-05,False
393,0.03258171905246046,0.03318625059266021,0.03611433366830979,1.1027484798481829e-05,1.0786731862872998e-05,False
394,0.03366169483504362,0.032118743011916896,0.036224353080615404,1.0786731862872998e-05,1.0578047717998313e-05,False
395,0.03512344193748302,0.03250132773579031,0.03627338218244,1.0578047717998313e-05,1.0401445905073056e-05,False
396,0.03276366616288821,0.033153540680373926,0.0363287541627263,1.0401445905073056e-05,1.0256937883535627e-05,False
397,0.033468293543491096,0.03176118358667346,0.03619663336366001,1.0256937883535627e-05,1.0144533030304495e-05,False
398,0.03849131893366575,0.036420590696473056,0.03634789896508059,1.0144533030304495e-05,1.0064238639169536e-05,False
399,0.03485890250239107,0.03426453684931216,0.0364833283238113,1.0064238639169536e-05,1.0016059920318663e-05,False
400,0.03777366773121887,0.03631851788949275,0.03677628793650204,1.0016059920318663e-05,1e-05,False
