mode,term,n,median,q10,q90,negative_fraction
BC,no_slip,1380,-0.8760584592819214,-0.9573593318462372,-0.6259136557579039,0.9934782608695653
BC,inlet_bc,1380,0.055095402523875237,-0.2481587141752243,0.3156358927488327,0.4057971014492754
BC-PDE-F,no_slip,1380,-0.9680482447147369,-0.985854321718216,-0.9152262926101684,1.0
BC-PDE-F,momentum,1380,-0.22133012861013412,-0.3578949064016342,-0.08679927885532374,0.9507246376811594
BC-PDE-F,continuity,1380,0.027460970915853977,-0.19115419685840607,0.20890205502510079,0.427536231884058
BC-PDE-F,inlet_bc,1380,0.20159143954515457,-0.10171231478452682,0.39990156590938575,0.18333333333333332
BC-PDE-EMA,no_slip,1380,-0.9686701595783234,-0.984838056564331,-0.8899080336093902,1.0
BC-PDE-EMA,momentum,1380,-0.2879659980535507,-0.43761126101016995,-0.15321586579084392,0.9920289855072464
BC-PDE-EMA,continuity,1380,0.012034339364618063,-0.17508619874715808,0.18430807292461396,0.4688405797101449
BC-PDE-EMA,inlet_bc,1380,0.1800784468650818,-0.05360339060425758,0.35229958593845373,0.14347826086956522
