canonical_id,manual_reasons,root_position_user_confirmed,confirmed_root_s_mm,n_sections,reference_before,reference_after,pointcloud_before,pointcloud_after,recovered_reference,withheld_reference,recovered_pointcloud,withheld_pointcloud,reference_coverage,pointcloud_coverage,reference_wall_coverage,pointcloud_wall_coverage,low_coverage_diagnostic_only,case_level_feature_disable,retain_all_case_supervision,training_allowed,recommendation
AAA/ruputer/DING_JUN_FENG,,False,,277,203,201,200,199,1,3,1,2,0.7256317689530686,0.7184115523465704,0.7607553395620752,0.741835984434123,False,False,True,False,保留病例与全部监督；几何特征逐字段使用有效 mask，缺失保留
AAA/ruputer/FENG_LI_XIN,,False,,386,220,229,195,197,11,2,2,0,0.5932642487046632,0.5103626943005182,0.5717981888745148,0.46470153391240065,True,False,True,False,保留病例与全部监督；几何特征逐字段使用有效 mask，缺失保留
AAA/ruputer/GAO_FENG_SHAN,,False,,304,196,207,131,133,13,2,3,1,0.680921052631579,0.4375,0.6608975023318479,0.42644833661519327,True,False,True,False,保留病例与全部监督；几何特征逐字段使用有效 mask，缺失保留
AAA/ruputer/GUO_AI_JUN,,False,,284,207,208,181,181,3,2,1,1,0.7323943661971831,0.6373239436619719,0.7599826388888888,0.6068431712962963,False,False,True,False,保留病例与全部监督；几何特征逐字段使用有效 mask，缺失保留
AAA/ruputer/HUO_SHI_LIANG,,False,,255,191,197,189,191,8,2,4,2,0.7725490196078432,0.7490196078431373,0.8235055625831144,0.7966981285070222,False,False,True,False,保留病例与全部监督；几何特征逐字段使用有效 mask，缺失保留
AAA/ruputer/KANG_YONG,,False,,308,217,224,200,205,7,0,5,0,0.7272727272727273,0.6655844155844156,0.7788788910505836,0.7156493190661478,False,False,True,False,保留病例与全部监督；几何特征逐字段使用有效 mask，缺失保留
AAA/ruputer/LIN_LIANG_XIAO,,False,,269,196,200,189,188,5,1,0,1,0.7434944237918215,0.6988847583643123,0.7632998444292589,0.7231131595399759,False,False,True,False,保留病例与全部监督；几何特征逐字段使用有效 mask，缺失保留
AAA/ruputer/LIU_JI_XIN,,False,,263,207,210,196,198,4,1,2,0,0.7984790874524715,0.752851711026616,0.7962584301908452,0.753784617592194,False,False,True,False,保留病例与全部监督；几何特征逐字段使用有效 mask，缺失保留
AAA/ruputer/LIU_YONG_LAN,,False,,304,229,228,226,225,4,5,4,5,0.75,0.7401315789473685,0.7466754100890093,0.7288639015593508,False,False,True,False,保留病例与全部监督；几何特征逐字段使用有效 mask，缺失保留
AAA/ruputer/LI_BING_JIANG,,False,,298,180,183,179,182,4,1,4,1,0.6140939597315436,0.610738255033557,0.6648409872956529,0.660233131317942,False,False,True,False,保留病例与全部监督；几何特征逐字段使用有效 mask，缺失保留
AAA/ruputer/LI_LAO_PING,,False,,295,235,238,204,205,6,3,4,3,0.8067796610169492,0.6949152542372882,0.8119827318911441,0.6784411000071553,False,False,True,False,保留病例与全部监督；几何特征逐字段使用有效 mask，缺失保留
AAA/ruputer/LI_ZHEN_HUA,,False,,330,225,229,201,202,4,0,1,0,0.693939393939394,0.6121212121212121,0.7626795777442654,0.6131439003095484,False,False,True,False,保留病例与全部监督；几何特征逐字段使用有效 mask，缺失保留
AAA/ruputer/MA_XIAO_DONG,,False,,253,191,191,176,176,2,2,2,2,0.7549407114624506,0.6956521739130435,0.7269268963409976,0.6692231303949279,False,False,True,False,保留病例与全部监督；几何特征逐字段使用有效 mask，缺失保留
AAA/ruputer/MENG_GUANG_QIN,,False,,307,213,229,172,173,17,1,1,0,0.745928338762215,0.5635179153094463,0.7437185929648241,0.5488400908652853,False,False,True,False,保留病例与全部监督；几何特征逐字段使用有效 mask，缺失保留
AAA/ruputer/TONG_XUE_LIAN,,False,,309,234,239,218,216,7,2,0,2,0.7734627831715211,0.6990291262135923,0.7839424663994341,0.7415585946710681,False,False,True,False,保留病例与全部监督；几何特征逐字段使用有效 mask，缺失保留
AAA/ruputer/WANG_AN,,False,,313,218,221,160,160,5,2,1,1,0.7060702875399361,0.5111821086261981,0.6895072244305634,0.5182661366647738,False,False,True,False,保留病例与全部监督；几何特征逐字段使用有效 mask，缺失保留
AAA/ruputer/WANG_FU_SHUN,,False,,296,221,228,195,197,8,1,2,0,0.7702702702702703,0.6655405405405406,0.7940725814915097,0.6188632118044624,False,False,True,False,保留病例与全部监督；几何特征逐字段使用有效 mask，缺失保留
AAA/ruputer/WANG_KUI_WU,,False,,273,192,194,189,191,4,2,4,2,0.7106227106227107,0.6996336996336996,0.70678615386743,0.6972437732509092,False,False,True,False,保留病例与全部监督；几何特征逐字段使用有效 mask，缺失保留
AAA/ruputer/WU_GUANG_CUN,,False,,298,198,208,169,174,11,1,5,0,0.697986577181208,0.5838926174496645,0.7241357636706474,0.5332495285983658,False,False,True,False,保留病例与全部监督；几何特征逐字段使用有效 mask，缺失保留
AAA/ruputer/XIE_JIN_QUAN,,False,,284,211,218,208,213,8,1,5,0,0.7676056338028169,0.75,0.7401363326516701,0.7237764144512611,False,False,True,False,保留病例与全部监督；几何特征逐字段使用有效 mask，缺失保留
AAA/ruputer/YU_TIAN_HAI,,False,,278,215,214,202,200,2,3,1,3,0.7697841726618705,0.7194244604316546,0.7675010063307351,0.692300655029824,False,False,True,False,保留病例与全部监督；几何特征逐字段使用有效 mask，缺失保留
AAA/ruputer/ZHANG_MAO_JIN,,False,,318,239,241,216,218,5,3,5,3,0.7578616352201258,0.6855345911949685,0.765491792848963,0.6590427111167664,False,False,True,False,保留病例与全部监督；几何特征逐字段使用有效 mask，缺失保留
AAA/ruputer/ZHOU_KE_XUN,,False,,282,216,221,212,217,8,3,7,2,0.7836879432624113,0.7695035460992907,0.8570497474399308,0.8430242031510472,False,False,True,False,保留病例与全部监督；几何特征逐字段使用有效 mask，缺失保留
AAA/ruputer/ZOU_LI_SHUN,,False,,355,279,278,218,221,1,2,5,2,0.7830985915492957,0.6225352112676056,0.7856800602368403,0.5871038400985694,False,False,True,False,保留病例与全部监督；几何特征逐字段使用有效 mask，缺失保留
AAA/ruputer/ZUO_DAO_SHENG,,False,,285,185,192,185,188,8,1,4,1,0.6736842105263158,0.6596491228070176,0.6213198242384337,0.6128273693546002,False,False,True,False,保留病例与全部监督；几何特征逐字段使用有效 mask，缺失保留
AAA/unruputer/CAO_HONG_TAI,,False,,333,225,244,180,190,20,1,11,1,0.7327327327327328,0.5705705705705706,0.7383846019654591,0.5803919288247951,False,False,True,False,保留病例与全部监督；几何特征逐字段使用有效 mask，缺失保留
AAA/unruputer/CHEN_FU_YE,,False,,316,238,249,196,203,11,0,7,0,0.7879746835443038,0.6424050632911392,0.792975707059913,0.5737693239296145,False,False,True,False,保留病例与全部监督；几何特征逐字段使用有效 mask，缺失保留
AAA/unruputer/CHEN_LIANG_FU,,False,,310,188,192,188,190,4,0,2,0,0.6193548387096774,0.6129032258064516,0.6861174395531712,0.6830832869636426,False,False,True,False,保留病例与全部监督；几何特征逐字段使用有效 mask，缺失保留
AAA/unruputer/CHEN_SHU_LIN,,False,,381,287,290,261,263,4,1,2,0,0.7611548556430446,0.6902887139107612,0.7983440849291411,0.7024432366536293,False,False,True,False,保留病例与全部监督；几何特征逐字段使用有效 mask，缺失保留
AAA/unruputer/FENG_ZHI_YING,,False,,265,202,207,199,201,5,0,2,0,0.7811320754716982,0.7584905660377359,0.8220110192837465,0.8065977961432507,False,False,True,False,保留病例与全部监督；几何特征逐字段使用有效 mask，缺失保留
AAA/unruputer/GAO_DIAN_WEN,,False,,315,230,234,185,184,5,1,0,1,0.7428571428571429,0.5841269841269842,0.7756754917307561,0.5858572109167631,False,False,True,False,保留病例与全部监督；几何特征逐字段使用有效 mask，缺失保留
AAA/unruputer/GAO_WEI_LI,,False,,286,181,189,173,175,8,0,2,0,0.6608391608391608,0.6118881118881119,0.6915483824483032,0.6163268246991859,False,False,True,False,保留病例与全部监督；几何特征逐字段使用有效 mask，缺失保留
AAA/unruputer/GUO_BAO_CHUN,,False,,302,175,183,163,165,9,1,3,1,0.6059602649006622,0.5463576158940397,0.6580971349777845,0.6028497012409989,False,False,True,False,保留病例与全部监督；几何特征逐字段使用有效 mask，缺失保留
AAA/unruputer/HAN_JIAN_FU,,False,,313,251,247,251,247,0,4,0,4,0.7891373801916933,0.7891373801916933,0.8413434121601125,0.8413434121601125,False,False,True,False,保留病例与全部监督；几何特征逐字段使用有效 mask，缺失保留
AAA/unruputer/LIN_JIAN_RONG,,False,,270,224,226,212,212,2,0,0,0,0.837037037037037,0.7851851851851852,0.8580688389436733,0.8094620774037551,False,False,True,False,保留病例与全部监督；几何特征逐字段使用有效 mask，缺失保留
AAA/unruputer/LIU_CHENG_ZHANG,,False,,294,207,208,205,206,2,1,2,1,0.7074829931972789,0.7006802721088435,0.7173056842953709,0.705728260272216,False,False,True,False,保留病例与全部监督；几何特征逐字段使用有效 mask，缺失保留
AAA/unruputer/LIU_JIE,,False,,272,213,217,208,210,4,0,2,0,0.7977941176470589,0.7720588235294118,0.8112719996218507,0.7802480028991444,False,False,True,False,保留病例与全部监督；几何特征逐字段使用有效 mask，缺失保留
AAA/unruputer/LIU_KANG_WEN,,False,,356,225,233,187,186,10,2,1,2,0.6544943820224719,0.5224719101123596,0.7267445979454481,0.5235565001771165,False,False,True,False,保留病例与全部监督；几何特征逐字段使用有效 mask，缺失保留
AAA/unruputer/LIU_LI_FENG,,False,,297,210,221,207,214,11,0,7,0,0.7441077441077442,0.7205387205387206,0.7347783807522194,0.7029862919163086,False,False,True,False,保留病例与全部监督；几何特征逐字段使用有效 mask，缺失保留
AAA/unruputer/LIU_XING_GUO,,True,71.0,330,240,249,167,168,10,1,2,1,0.7545454545454545,0.509090909090909,0.7844738720164935,0.5030528903338355,False,False,True,False,保留病例与全部监督；几何特征逐字段使用有效 mask，缺失保留
AAA/unruputer/LI_YOU_YU,,False,,298,214,218,200,204,5,1,5,1,0.7315436241610739,0.6845637583892618,0.7427451417530562,0.6822167725634452,False,False,True,False,保留病例与全部监督；几何特征逐字段使用有效 mask，缺失保留
AAA/unruputer/MA_JIN_HE,,False,,267,205,205,205,204,2,2,1,2,0.7677902621722846,0.7640449438202247,0.7693049564050098,0.7673369912288704,False,False,True,False,保留病例与全部监督；几何特征逐字段使用有效 mask，缺失保留
AAA/unruputer/QIAO_XIU_YUN,,False,,283,214,216,201,203,5,3,4,2,0.7632508833922261,0.7173144876325088,0.7648516604120937,0.725624867237839,False,False,True,False,保留病例与全部监督；几何特征逐字段使用有效 mask，缺失保留
AAA/unruputer/SHEN_CHUN_WANG,,False,,276,222,228,221,224,6,0,3,0,0.8260869565217391,0.8115942028985508,0.8456656711725873,0.8368241119144924,False,False,True,False,保留病例与全部监督；几何特征逐字段使用有效 mask，缺失保留
AAA/unruputer/SHEN_FANG_JIN,,False,,298,205,208,205,207,3,0,2,0,0.697986577181208,0.6946308724832215,0.6578237831754665,0.6548227515708525,False,False,True,False,保留病例与全部监督；几何特征逐字段使用有效 mask，缺失保留
AAA/unruputer/SUN_SHU_MING,,True,48.75,392,271,282,178,181,12,1,4,1,0.7193877551020408,0.461734693877551,0.7628025137050408,0.41081695413825375,True,False,True,False,保留病例与全部监督；几何特征逐字段使用有效 mask，缺失保留
AAA/unruputer/WANG_MAN_TIAN,,False,,303,216,221,200,203,7,2,4,1,0.7293729372937293,0.66996699669967,0.7207801164105818,0.6640782323246255,False,False,True,False,保留病例与全部监督；几何特征逐字段使用有效 mask，缺失保留
AAA/unruputer/YANG_BEN_RUI,,False,,317,234,236,234,236,3,1,3,1,0.7444794952681388,0.7444794952681388,0.8124705538316572,0.8124705538316572,False,False,True,False,保留病例与全部监督；几何特征逐字段使用有效 mask，缺失保留
AAA/unruputer/YAN_FU_TANG,,False,,284,209,211,207,208,4,2,3,2,0.7429577464788732,0.7323943661971831,0.7726238229353362,0.7654120793149555,False,False,True,False,保留病例与全部监督；几何特征逐字段使用有效 mask，缺失保留
AAA/unruputer/ZHANG_XUN_LIAN,,False,,296,222,224,208,207,3,1,0,1,0.7567567567567568,0.6993243243243243,0.7300537289890078,0.6939715088480307,False,False,True,False,保留病例与全部监督；几何特征逐字段使用有效 mask，缺失保留
AAA/unruputer/ZHANG_YONG_ZHI,,False,,280,201,207,186,185,8,2,1,2,0.7392857142857143,0.6607142857142857,0.7148667674818794,0.6216126957640229,False,False,True,False,保留病例与全部监督；几何特征逐字段使用有效 mask，缺失保留
AAA/unruputer/ZHANG_ZHI_HUA,,False,,272,211,209,210,209,2,4,2,3,0.7683823529411765,0.7683823529411765,0.7846739130434782,0.7846739130434782,False,False,True,False,保留病例与全部监督；几何特征逐字段使用有效 mask，缺失保留
AAA/unruputer/ZHOU_XI_SHENG,,False,,351,262,271,185,189,9,0,4,0,0.7720797720797721,0.5384615384615384,0.804752823822796,0.5456945870617573,False,False,True,False,保留病例与全部监督；几何特征逐字段使用有效 mask，缺失保留
AAA/unruputer/ZHU_ZI_HAI,,False,,349,282,289,185,188,7,0,3,0,0.828080229226361,0.5386819484240688,0.8144958980269849,0.4768458878568039,False,False,True,False,保留病例与全部监督；几何特征逐字段使用有效 mask，缺失保留
AG/fast/CHEN_SHI_MING,,False,,271,202,202,142,142,2,2,2,2,0.7453874538745388,0.5239852398523985,0.7642964232169629,0.49571642750053546,False,False,True,False,保留病例与全部监督；几何特征逐字段使用有效 mask，缺失保留
AG/fast/FAN_JIAN_MING,,False,,297,223,228,152,153,5,0,1,0,0.7676767676767676,0.5151515151515151,0.789874847087607,0.47031147078197044,False,False,True,False,保留病例与全部监督；几何特征逐字段使用有效 mask，缺失保留
AG/fast/HAN_JIAN_JUN,,False,,319,257,255,205,201,2,4,0,4,0.799373040752351,0.6300940438871473,0.8324944812362031,0.5852538631346579,False,False,True,False,保留病例与全部监督；几何特征逐字段使用有效 mask，缺失保留
AG/fast/LIU_FENG_MING,,False,,291,216,220,197,197,4,0,0,0,0.7560137457044673,0.6769759450171822,0.7680516943421745,0.6473814711849125,False,False,True,False,保留病例与全部监督；几何特征逐字段使用有效 mask，缺失保留
AG/fast/LIU_JUN_FENG,,False,,280,201,203,190,190,2,0,0,0,0.725,0.6785714285714286,0.7543971631205674,0.705531914893617,False,False,True,False,保留病例与全部监督；几何特征逐字段使用有效 mask，缺失保留
AG/fast/LIU_LI_QUN,,False,,231,161,163,148,150,3,1,3,1,0.7056277056277056,0.6493506493506493,0.7153485808762745,0.6162395517589786,False,False,True,False,保留病例与全部监督；几何特征逐字段使用有效 mask，缺失保留
AG/fast/LIU_YI_BING,,False,,298,218,219,194,195,2,1,2,1,0.7348993288590604,0.6543624161073825,0.7586920200493277,0.6370435197708648,False,False,True,False,保留病例与全部监督；几何特征逐字段使用有效 mask，缺失保留
AG/fast/LI_SHI_QIANG,,False,,264,202,204,185,185,4,2,2,2,0.7727272727272727,0.7007575757575758,0.779971148735859,0.6794472705185635,False,False,True,False,保留病例与全部监督；几何特征逐字段使用有效 mask，缺失保留
AG/fast/LI_SHU_KUN,,False,,267,202,205,186,188,3,0,2,0,0.7677902621722846,0.704119850187266,0.8016543627145779,0.7108423018767233,False,False,True,False,保留病例与全部监督；几何特征逐字段使用有效 mask，缺失保留
AG/fast/LI_ZHEN_SHAN,,False,,343,246,250,215,219,6,2,6,2,0.7288629737609329,0.6384839650145773,0.737574994444856,0.5966965409969632,False,False,True,False,保留病例与全部监督；几何特征逐字段使用有效 mask，缺失保留
AG/fast/LI_ZHI_LIN,,False,,299,245,241,226,223,0,4,0,3,0.8060200668896321,0.745819397993311,0.8364063501103438,0.7585961415248808,False,False,True,False,保留病例与全部监督；几何特征逐字段使用有效 mask，缺失保留
AG/fast/LOU_YANG,,False,,273,198,196,174,173,0,2,0,1,0.717948717948718,0.6336996336996337,0.7537479178234314,0.6385341476957246,False,False,True,False,保留病例与全部监督；几何特征逐字段使用有效 mask，缺失保留
AG/fast/RAN_QING_BO,,False,,340,259,258,234,234,1,2,1,1,0.7588235294117647,0.6882352941176471,0.7662594729103043,0.674414658975229,False,False,True,False,保留病例与全部监督；几何特征逐字段使用有效 mask，缺失保留
AG/fast/SUN_ZHI_YU,,False,,247,187,185,179,177,0,2,0,2,0.7489878542510121,0.7165991902834008,0.7675273597811217,0.7161422708618331,False,False,True,False,保留病例与全部监督；几何特征逐字段使用有效 mask，缺失保留
AG/fast/WANG_CHUN_MING,,False,,232,181,180,164,163,2,3,2,3,0.7758620689655172,0.7025862068965517,0.8153539381854437,0.7366899302093719,False,False,True,False,保留病例与全部监督；几何特征逐字段使用有效 mask，缺失保留
AG/fast/WANG_DAO_CHUN,,False,,271,203,204,175,175,1,0,0,0,0.7527675276752768,0.6457564575645757,0.7717679098267645,0.6953627354565398,False,False,True,False,保留病例与全部监督；几何特征逐字段使用有效 mask，缺失保留
AG/fast/WANG_YONG_FAN,,False,,298,235,235,218,218,1,1,1,1,0.7885906040268457,0.7315436241610739,0.8268090154211151,0.7664356621090092,False,False,True,False,保留病例与全部监督；几何特征逐字段使用有效 mask，缺失保留
AG/fast/YAO_CUN_HONG,,False,,257,213,210,158,157,0,3,0,1,0.8171206225680934,0.6108949416342413,0.8223413025556472,0.5705894476504534,False,False,True,False,保留病例与全部监督；几何特征逐字段使用有效 mask，缺失保留
AG/fast/ZHANG_CHUN,,False,,294,242,240,221,219,1,3,0,2,0.8163265306122449,0.7448979591836735,0.8684476534296028,0.7818772563176896,False,False,True,False,保留病例与全部监督；几何特征逐字段使用有效 mask，缺失保留
AG/fast/ZHANG_HAO,,False,,269,209,211,196,198,3,1,3,1,0.7843866171003717,0.7360594795539034,0.7988179857838831,0.7288555227218273,False,False,True,False,保留病例与全部监督；几何特征逐字段使用有效 mask，缺失保留
AG/fast/ZHANG_LIANG,,False,,311,254,252,228,226,0,2,0,2,0.8102893890675241,0.7266881028938906,0.8143621084797555,0.7118549899298562,False,False,True,False,保留病例与全部监督；几何特征逐字段使用有效 mask，缺失保留
AG/fast/ZHANG_QING_WANG,,False,,328,267,267,243,243,2,2,1,1,0.8140243902439024,0.7408536585365854,0.8196922632377375,0.6964530809795565,False,False,True,False,保留病例与全部监督；几何特征逐字段使用有效 mask，缺失保留
AG/fast/ZHANG_XIU_WEN,,False,,285,225,227,198,199,3,1,2,1,0.7964912280701755,0.6982456140350877,0.8072617011351267,0.6811537863473799,False,False,True,False,保留病例与全部监督；几何特征逐字段使用有效 mask，缺失保留
AG/fast/ZHANG_XIU_ZHEN,,False,,310,246,245,205,201,3,4,0,4,0.7903225806451613,0.6483870967741936,0.8073591815381038,0.6157065628088124,False,False,True,False,保留病例与全部监督；几何特征逐字段使用有效 mask，缺失保留
AG/slow/A_MIN_SE_HA_CHI,,False,,284,213,216,190,190,4,1,1,1,0.7605633802816901,0.6690140845070423,0.7830855471606142,0.7051750751482655,False,False,True,False,保留病例与全部监督；几何特征逐字段使用有效 mask，缺失保留
AG/slow/BAI_WEN_JIE,,False,,237,167,165,147,147,2,4,2,2,0.6962025316455697,0.620253164556962,0.7068428504011326,0.6311467673430864,False,False,True,False,保留病例与全部监督；几何特征逐字段使用有效 mask，缺失保留
AG/slow/CAO_FENG_CHI,,False,,251,198,200,191,192,4,2,3,2,0.796812749003984,0.7649402390438247,0.8260615666972554,0.7790940185200634,False,False,True,False,保留病例与全部监督；几何特征逐字段使用有效 mask，缺失保留
AG/slow/CHENG_GUANG_SEN,,False,,252,206,206,195,195,2,2,2,2,0.8174603174603174,0.7738095238095238,0.8357594067563856,0.7647166529341756,False,False,True,False,保留病例与全部监督；几何特征逐字段使用有效 mask，缺失保留
AG/slow/CHENG_LU_LI,,False,,261,207,208,187,188,3,2,3,2,0.7969348659003831,0.7203065134099617,0.8095324065715833,0.7092435457663838,False,False,True,False,保留病例与全部监督；几何特征逐字段使用有效 mask，缺失保留
AG/slow/CHEN_JING_RU,,False,,308,243,243,202,202,2,2,1,1,0.788961038961039,0.6558441558441559,0.7922577542678528,0.6528813015949346,False,False,True,False,保留病例与全部监督；几何特征逐字段使用有效 mask，缺失保留
AG/slow/DING_LIAN_ZHONG,,False,,267,211,212,186,186,3,2,2,2,0.7940074906367042,0.6966292134831461,0.8087242197481292,0.6905457200219018,False,False,True,False,保留病例与全部监督；几何特征逐字段使用有效 mask，缺失保留
AG/slow/GONG_HUI_XIA,,False,,285,227,230,211,213,4,1,3,1,0.8070175438596491,0.7473684210526316,0.8275134755097258,0.7331458479806265,False,False,True,False,保留病例与全部监督；几何特征逐字段使用有效 mask，缺失保留
AG/slow/GUAN_TONG_XIANG,,False,,326,239,244,202,202,7,2,2,2,0.7484662576687117,0.6196319018404908,0.7388555169143218,0.547660448940879,False,False,True,False,保留病例与全部监督；几何特征逐字段使用有效 mask，缺失保留
AG/slow/GUO_XI_JIANG,,False,,268,216,219,177,179,3,0,2,0,0.8171641791044776,0.667910447761194,0.820926143024619,0.5955451348182884,False,False,True,False,保留病例与全部监督；几何特征逐字段使用有效 mask，缺失保留
AG/slow/HE_SHU_ZHEN,,False,,248,170,168,156,154,0,2,0,2,0.6774193548387096,0.6209677419354839,0.724131198750488,0.6477938305349473,False,False,True,False,保留病例与全部监督；几何特征逐字段使用有效 mask，缺失保留
AG/slow/KANG_XI_MING,,False,,255,199,202,182,182,6,3,2,2,0.792156862745098,0.7137254901960784,0.7978732753317515,0.6896915370419193,False,False,True,False,保留病例与全部监督；几何特征逐字段使用有效 mask，缺失保留
AG/slow/LIU_FA_CHUN,,False,,271,185,189,165,168,5,1,4,1,0.6974169741697417,0.6199261992619927,0.7532239670146504,0.6341784367049741,False,False,True,False,保留病例与全部监督；几何特征逐字段使用有效 mask，缺失保留
AG/slow/LIU_FENG,,False,,296,215,216,191,191,2,1,1,1,0.7297297297297297,0.6452702702702703,0.7582959311308954,0.6535207122360386,False,False,True,False,保留病例与全部监督；几何特征逐字段使用有效 mask，缺失保留
AG/slow/LIU_JIN_LIANG,,False,,297,221,219,207,205,0,2,0,2,0.7373737373737373,0.6902356902356902,0.7781088741914384,0.6845700995711897,False,False,True,False,保留病例与全部监督；几何特征逐字段使用有效 mask，缺失保留
AG/slow/LIU_ZONG_YANG,,False,,231,170,175,163,167,7,2,6,2,0.7575757575757576,0.7229437229437229,0.7837370242214533,0.7430383918273191,False,False,True,False,保留病例与全部监督；几何特征逐字段使用有效 mask，缺失保留
AG/slow/LI_BING_YI,,False,,271,212,215,193,195,4,1,3,1,0.7933579335793358,0.7195571955719557,0.7976994967649174,0.6872034507548527,False,False,True,False,保留病例与全部监督；几何特征逐字段使用有效 mask，缺失保留
AG/slow/LI_CHONG_ZENG,,False,,271,214,211,203,200,2,5,2,5,0.7785977859778598,0.7380073800738007,0.8121063448915998,0.7601935954385732,False,False,True,False,保留病例与全部监督；几何特征逐字段使用有效 mask，缺失保留
AG/slow/LI_GUI_YING,,False,,283,196,194,168,168,1,3,1,1,0.6855123674911661,0.5936395759717314,0.7195285293329762,0.6040717921242968,False,False,True,False,保留病例与全部监督；几何特征逐字段使用有效 mask，缺失保留
AG/slow/LI_HUAN_GE,,False,,252,183,189,147,149,7,1,3,1,0.75,0.5912698412698413,0.7827594358206603,0.5975888424868017,False,False,True,False,保留病例与全部监督；几何特征逐字段使用有效 mask，缺失保留
AG/slow/LU_ZHEN_QING,,False,,276,199,201,178,180,3,1,3,1,0.7282608695652174,0.6521739130434783,0.7593833239163774,0.6183711356848818,False,False,True,False,保留病例与全部监督；几何特征逐字段使用有效 mask，缺失保留
AG/slow/LV_FU_LONG,,False,,268,205,205,183,182,1,1,0,1,0.7649253731343284,0.6791044776119403,0.784035074457631,0.676921913976869,False,False,True,False,保留病例与全部监督；几何特征逐字段使用有效 mask，缺失保留
AG/slow/MA_TIAN_YI,,False,,223,166,162,160,156,0,4,0,4,0.726457399103139,0.6995515695067265,0.7332225387780943,0.6839189616967395,False,False,True,False,保留病例与全部监督；几何特征逐字段使用有效 mask，缺失保留
AG/slow/MA_YU,,False,,337,259,260,252,252,3,2,2,2,0.771513353115727,0.7477744807121661,0.8144312000925819,0.7869459553292443,False,False,True,False,保留病例与全部监督；几何特征逐字段使用有效 mask，缺失保留
AG/slow/MI_DE_XI,,False,,260,192,194,179,179,3,1,1,1,0.7461538461538462,0.6884615384615385,0.7966189856957087,0.714629388816645,False,False,True,False,保留病例与全部监督；几何特征逐字段使用有效 mask，缺失保留
AG/slow/NI_YAN_BIN,,False,,281,209,208,203,202,1,2,1,2,0.7402135231316725,0.7188612099644128,0.7686281439594745,0.74094362961654,False,False,True,False,保留病例与全部监督；几何特征逐字段使用有效 mask，缺失保留
AG/slow/QIN_SI_FU,,False,,274,218,219,204,202,4,3,1,3,0.7992700729927007,0.7372262773722628,0.8009495464852607,0.7108843537414966,False,False,True,False,保留病例与全部监督；几何特征逐字段使用有效 mask，缺失保留
AG/slow/QU_HE_PING,,False,,245,166,164,158,156,0,2,0,2,0.6693877551020408,0.636734693877551,0.7576890519187359,0.7068989841986456,False,False,True,False,保留病例与全部监督；几何特征逐字段使用有效 mask，缺失保留
AG/slow/SHEN_ZHI_GANG,,False,,241,190,195,179,180,6,1,2,1,0.8091286307053942,0.7468879668049793,0.8254656991097479,0.7609785292137353,False,False,True,False,保留病例与全部监督；几何特征逐字段使用有效 mask，缺失保留
AG/slow/SUN_ZONG_GE,,False,,246,198,196,178,177,0,2,0,1,0.7967479674796748,0.7195121951219512,0.8374314523261985,0.7410224659472846,False,False,True,False,保留病例与全部监督；几何特征逐字段使用有效 mask，缺失保留
AG/slow/WANG_GUANG_CHAO,,False,,188,137,140,123,123,3,0,0,0,0.7446808510638298,0.6542553191489362,0.7584172515512155,0.6853829722306988,False,False,True,False,保留病例与全部监督；几何特征逐字段使用有效 mask，缺失保留
AG/slow/WANG_GUI,,False,,282,204,208,171,174,6,2,4,1,0.7375886524822695,0.6170212765957447,0.729532042224254,0.5969578588645997,False,False,True,False,保留病例与全部监督；几何特征逐字段使用有效 mask，缺失保留
AG/slow/WANG_KE,,False,,278,218,218,200,200,1,1,1,1,0.7841726618705036,0.7194244604316546,0.7907544435120909,0.6859409565947059,False,False,True,False,保留病例与全部监督；几何特征逐字段使用有效 mask，缺失保留
AG/slow/WANG_YAN_LING,,False,,224,165,165,154,152,2,2,0,2,0.7366071428571429,0.6785714285714286,0.7686190679777682,0.6745617785378367,False,False,True,False,保留病例与全部监督；几何特征逐字段使用有效 mask，缺失保留
AG/slow/WANG_YONG_LI,,False,,267,205,207,177,178,3,1,2,1,0.7752808988764045,0.6666666666666666,0.8224046354418155,0.6846933848382424,False,False,True,False,保留病例与全部监督；几何特征逐字段使用有效 mask，缺失保留
AG/slow/WEI_BAO_XING,,False,,260,207,208,160,162,2,1,2,0,0.8,0.6230769230769231,0.8256852791878173,0.6376649746192894,False,False,True,False,保留病例与全部监督；几何特征逐字段使用有效 mask，缺失保留
AG/slow/WU_FENG_YAN,,False,,325,267,270,230,231,4,1,2,1,0.8307692307692308,0.7107692307692308,0.8518332496233049,0.7070388175360551,False,False,True,False,保留病例与全部监督；几何特征逐字段使用有效 mask，缺失保留
AG/slow/WU_YI_FA,,False,,289,235,235,228,227,3,3,2,3,0.8131487889273357,0.7854671280276817,0.8119522655230281,0.7678538131642737,False,False,True,False,保留病例与全部监督；几何特征逐字段使用有效 mask，缺失保留
AG/slow/XI_CHENG_JIANG,,False,,305,231,229,208,207,1,3,1,2,0.7508196721311475,0.6786885245901639,0.7733385153517295,0.6827050136027983,False,False,True,False,保留病例与全部监督；几何特征逐字段使用有效 mask，缺失保留
AG/slow/XU_YI_CAI,,False,,288,216,215,182,181,0,1,0,1,0.7465277777777778,0.6284722222222222,0.7692093541202673,0.5648663697104677,False,False,True,False,保留病例与全部监督；几何特征逐字段使用有效 mask，缺失保留
AG/slow/YANG_YOU_SHENG,,False,,289,221,223,215,217,3,1,3,1,0.7716262975778547,0.7508650519031141,0.7959224733418282,0.7598417275836631,False,False,True,False,保留病例与全部监督；几何特征逐字段使用有效 mask，缺失保留
AG/slow/YIN_YU_RONG,,False,,250,196,197,167,166,2,1,0,1,0.788,0.664,0.8230348460291734,0.6654173419773096,False,False,True,False,保留病例与全部监督；几何特征逐字段使用有效 mask，缺失保留
AG/slow/ZANG_YU_SHU,,False,,336,266,272,236,239,7,1,4,1,0.8095238095238095,0.7113095238095238,0.8129510434952214,0.673363240361485,False,False,True,False,保留病例与全部监督；几何特征逐字段使用有效 mask，缺失保留
AG/slow/ZHANG_JING_SHUN,,False,,364,284,286,164,163,3,1,0,1,0.7857142857142857,0.4478021978021978,0.7870809484873262,0.4495502861815209,True,False,True,False,保留病例与全部监督；几何特征逐字段使用有效 mask，缺失保留
AG/slow/ZHANG_JUN_HUA,,False,,280,227,228,211,210,2,1,0,1,0.8142857142857143,0.75,0.8312329574766011,0.751566069717739,False,False,True,False,保留病例与全部监督；几何特征逐字段使用有效 mask，缺失保留
AG/slow/ZHANG_LING_GUANG,,False,,323,254,254,245,243,3,3,1,3,0.7863777089783281,0.7523219814241486,0.8000993158243214,0.7552968439638049,False,False,True,False,保留病例与全部监督；几何特征逐字段使用有效 mask，缺失保留
AG/slow/ZHANG_QING_SHUI,,False,,340,282,281,218,218,0,1,0,0,0.8264705882352941,0.6411764705882353,0.8387822540954791,0.5995922098010265,False,False,True,False,保留病例与全部监督；几何特征逐字段使用有效 mask，缺失保留
AG/slow/ZHANG_QUAN_YOU,,False,,285,231,230,208,207,1,2,1,2,0.8070175438596491,0.7263157894736842,0.8467241518252882,0.7629946006930454,False,False,True,False,保留病例与全部监督；几何特征逐字段使用有效 mask，缺失保留
AG/slow/ZHANG_SONG_TIAN,,False,,293,232,232,207,206,2,2,1,2,0.7918088737201365,0.7030716723549488,0.794995187680462,0.6677895412255374,False,False,True,False,保留病例与全部监督；几何特征逐字段使用有效 mask，缺失保留
AG/slow/ZHANG_WEI_XIAN,,False,,240,180,177,175,172,0,3,0,3,0.7375,0.7166666666666667,0.7092966855295069,0.6790622473726758,False,False,True,False,保留病例与全部监督；几何特征逐字段使用有效 mask，缺失保留
AG/slow/ZHANG_ZHI_JUN,,False,,239,175,172,163,160,0,3,0,3,0.7196652719665272,0.6694560669456067,0.7662209014363547,0.7054977711738485,False,False,True,False,保留病例与全部监督；几何特征逐字段使用有效 mask，缺失保留
ILO/AN_GUANG_JIE-0/before,,False,,293,227,226,220,219,0,1,0,1,0.7713310580204779,0.7474402730375427,0.7454213419024039,0.6853324904739329,False,False,True,False,保留病例与全部监督；几何特征逐字段使用有效 mask，缺失保留
ILO/BAO_EN_YUN-0/before,,False,,334,255,256,252,253,3,2,3,2,0.7664670658682635,0.7574850299401198,0.7969379082043482,0.787040350720229,False,False,True,False,保留病例与全部监督；几何特征逐字段使用有效 mask，缺失保留
ILO/CUI_WEI_PING-0/before,,False,,318,261,259,252,250,0,2,0,2,0.8144654088050315,0.7861635220125787,0.8289333789847368,0.7768367181446308,False,False,True,False,保留病例与全部监督；几何特征逐字段使用有效 mask，缺失保留
ILO/GAO_SHU_CAI-0/before,,False,,396,324,327,318,320,3,0,2,0,0.8257575757575758,0.8080808080808081,0.7808103915227051,0.7547658489127291,False,False,True,False,保留病例与全部监督；几何特征逐字段使用有效 mask，缺失保留
ILO/GENG_CHUN_LAI-1/before,,False,,361,309,305,275,271,0,4,0,4,0.8448753462603878,0.7506925207756233,0.8558345883023322,0.7572143758394725,False,False,True,False,保留病例与全部监督；几何特征逐字段使用有效 mask，缺失保留
ILO/GONG_HAI_ZENG-1/before,,False,,330,246,246,243,243,2,2,1,1,0.7454545454545455,0.7363636363636363,0.7796260587273304,0.7748053406233982,False,False,True,False,保留病例与全部监督；几何特征逐字段使用有效 mask，缺失保留
ILO/GUO_QING_SHAN-0/before,,False,,315,245,246,239,238,2,1,0,1,0.780952380952381,0.7555555555555555,0.8076486919798225,0.7838931685762327,False,False,True,False,保留病例与全部监督；几何特征逐字段使用有效 mask，缺失保留
ILO/GUO_YU_SHU-0/before,,False,,282,233,235,229,229,6,4,3,3,0.8333333333333334,0.8120567375886525,0.8217839587579427,0.7989050073931983,False,False,True,False,保留病例与全部监督；几何特征逐字段使用有效 mask，缺失保留
ILO/HOU_SHI_GUO-0/before,,False,,357,303,300,295,294,1,4,0,1,0.8403361344537815,0.8235294117647058,0.8487888613389281,0.8351707037955369,False,False,True,False,保留病例与全部监督；几何特征逐字段使用有效 mask，缺失保留
ILO/LIN_CHUN_YANG-1/before,,False,,322,267,265,259,259,1,3,1,1,0.8229813664596274,0.8043478260869565,0.8033024929324081,0.7836160370084811,False,False,True,False,保留病例与全部监督；几何特征逐字段使用有效 mask，缺失保留
ILO/LIU_BAO_JUN-0/before,,False,,319,220,227,189,190,7,0,1,0,0.7115987460815048,0.5956112852664577,0.705641830497274,0.6009623327275732,False,False,True,False,保留病例与全部监督；几何特征逐字段使用有效 mask，缺失保留
ILO/LIU_LIAN_YOU-0/before,,False,,285,220,218,209,208,2,4,2,3,0.7649122807017544,0.7298245614035088,0.7875228207350582,0.7424253600604864,False,False,True,False,保留病例与全部监督；几何特征逐字段使用有效 mask，缺失保留
ILO/LIU_YUE_DONG-0/before,,False,,302,241,242,237,237,3,2,2,2,0.8013245033112583,0.7847682119205298,0.8183593129940633,0.7921838788532969,False,False,True,False,保留病例与全部监督；几何特征逐字段使用有效 mask，缺失保留
ILO/LI_SHENG_WEN-0/before,,False,,302,236,239,231,234,3,0,3,0,0.7913907284768212,0.7748344370860927,0.8056985015892235,0.7827493567428485,False,False,True,False,保留病例与全部监督；几何特征逐字段使用有效 mask，缺失保留
ILO/LI_YOU_ZHI-0/before,,False,,360,254,261,242,244,9,2,3,1,0.725,0.6777777777777778,0.737603305785124,0.6943476977567886,False,False,True,False,保留病例与全部监督；几何特征逐字段使用有效 mask，缺失保留
ILO/LU_FU_SHAN-0/before,,False,,311,264,265,264,263,3,2,1,2,0.8520900321543409,0.8456591639871383,0.8838904247298316,0.8823071123397839,False,False,True,False,保留病例与全部监督；几何特征逐字段使用有效 mask，缺失保留
ILO/LV_JIAN_HUA-0/before,,False,,384,303,308,300,304,5,0,4,0,0.8020833333333334,0.7916666666666666,0.8032992373862539,0.78870719268197,False,False,True,False,保留病例与全部监督；几何特征逐字段使用有效 mask，缺失保留
ILO/PAN_YIN_GEN-1/before,,False,,284,221,228,213,216,7,0,3,0,0.8028169014084507,0.7605633802816901,0.8023683565147322,0.7688575132256595,False,False,True,False,保留病例与全部监督；几何特征逐字段使用有效 mask，缺失保留
ILO/SUN_DE_QI-1/before,,False,,295,229,232,223,223,4,1,1,1,0.7864406779661017,0.7559322033898305,0.8298139481794315,0.8084978883689077,False,False,True,False,保留病例与全部监督；几何特征逐字段使用有效 mask，缺失保留
ILO/SUN_DONG_XIN-0/before,,False,,297,222,221,217,216,1,2,1,2,0.7441077441077442,0.7272727272727273,0.7320214325188015,0.708498522309522,False,False,True,False,保留病例与全部监督；几何特征逐字段使用有效 mask，缺失保留
ILO/SUN_XU_XIA-1/before,,False,,320,258,261,255,256,6,3,3,2,0.815625,0.8,0.8484597136742921,0.826943813141786,False,False,True,False,保留病例与全部监督；几何特征逐字段使用有效 mask，缺失保留
ILO/SUN_YU_SHENG-0/before,,False,,300,225,227,220,220,5,3,3,3,0.7566666666666667,0.7333333333333333,0.7983742307984502,0.7598115931018765,False,False,True,False,保留病例与全部监督；几何特征逐字段使用有效 mask，缺失保留
ILO/WAGN_LI_JUN-1/before,,False,,326,232,237,223,224,5,0,1,0,0.7269938650306749,0.6871165644171779,0.7321808152831966,0.6808018296784609,False,False,True,False,保留病例与全部监督；几何特征逐字段使用有效 mask，缺失保留
ILO/WANG_JIN_MING-0/before,,False,,314,252,254,248,248,3,1,1,1,0.8089171974522293,0.7898089171974523,0.8355496997181027,0.8206888099031744,False,False,True,False,保留病例与全部监督；几何特征逐字段使用有效 mask，缺失保留
ILO/WANG_SHU_SHENG-0/before,,False,,343,298,293,293,288,0,5,0,5,0.8542274052478134,0.8396501457725948,0.8721745541246412,0.8293203243870685,False,False,True,False,保留病例与全部监督；几何特征逐字段使用有效 mask，缺失保留
ILO/WANG_TIAN_QING-1/before,,False,,323,265,270,232,233,5,0,1,0,0.8359133126934984,0.7213622291021672,0.805082270470256,0.7171891734008373,False,False,True,False,保留病例与全部监督；几何特征逐字段使用有效 mask，缺失保留
ILO/WANG_XIAO_LIN-0/before,,False,,331,271,271,229,231,1,1,2,0,0.8187311178247734,0.6978851963746223,0.7778132603406326,0.6160431873479318,False,False,True,False,保留病例与全部监督；几何特征逐字段使用有效 mask，缺失保留
ILO/WENG_ZHAO_GUANG-0/before,,False,,411,338,346,321,323,8,0,2,0,0.8418491484184915,0.7858880778588808,0.8049939932569465,0.7278751630863033,False,False,True,False,保留病例与全部监督；几何特征逐字段使用有效 mask，缺失保留
ILO/WU_JUN-0/before,,False,,327,267,266,266,265,2,3,2,3,0.8134556574923547,0.8103975535168195,0.7964139188573165,0.7964139188573165,False,False,True,False,保留病例与全部监督；几何特征逐字段使用有效 mask，缺失保留
ILO/XIE_ZHI_FU-0/before,,False,,283,208,211,208,210,5,2,4,2,0.7455830388692579,0.7420494699646644,0.7891342002533543,0.7882293632532767,False,False,True,False,保留病例与全部监督；几何特征逐字段使用有效 mask，缺失保留
ILO/YANG_WANG_QI-1/before,,False,,356,296,305,290,293,10,1,4,1,0.8567415730337079,0.8230337078651685,0.8758861997310842,0.8447928126145948,False,False,True,False,保留病例与全部监督；几何特征逐字段使用有效 mask，缺失保留
ILO/YANG_WEN_TAI-0/before,,False,,375,295,301,269,270,7,1,2,1,0.8026666666666666,0.72,0.7935457077246298,0.6827087506718131,False,False,True,False,保留病例与全部监督；几何特征逐字段使用有效 mask，缺失保留
ILO/YANG_YU_QING-1/before,,False,,300,240,241,231,233,3,2,3,1,0.8033333333333333,0.7766666666666666,0.8352908320791895,0.8168432811506059,False,False,True,False,保留病例与全部监督；几何特征逐字段使用有效 mask，缺失保留
ILO/YAO_GUO_CHEN-0/before,,False,,341,248,251,236,238,3,0,2,0,0.7360703812316716,0.6979472140762464,0.7143236942206225,0.6589840075258702,False,False,True,False,保留病例与全部监督；几何特征逐字段使用有效 mask，缺失保留
ILO/YU_XIANG_SHENG-1/before,,False,,296,233,232,228,227,1,2,1,2,0.7837837837837838,0.7668918918918919,0.8186472366374867,0.7842602785203823,False,False,True,False,保留病例与全部监督；几何特征逐字段使用有效 mask，缺失保留
ILO/ZHANG_HE_PING-0/before,,False,,305,253,250,252,249,1,4,1,4,0.819672131147541,0.8163934426229508,0.828319684632893,0.8189337588286365,False,False,True,False,保留病例与全部监督；几何特征逐字段使用有效 mask，缺失保留
ILO/ZHANG_JIAN_JUN-1/before,,False,,358,269,273,268,272,5,1,5,1,0.7625698324022346,0.7597765363128491,0.7645904348724305,0.7601782578541177,False,False,True,False,保留病例与全部监督；几何特征逐字段使用有效 mask，缺失保留
ILO/ZHANG_JIN_CHUN-1/before,,False,,324,258,268,216,221,10,0,5,0,0.8271604938271605,0.6820987654320988,0.8182575737211365,0.6888524502029515,False,False,True,False,保留病例与全部监督；几何特征逐字段使用有效 mask，缺失保留
ILO/ZHANG_YAN_SHAN-0/before,,False,,282,219,222,215,218,4,1,4,1,0.7872340425531915,0.7730496453900709,0.8173816215069728,0.794068260954098,False,False,True,False,保留病例与全部监督；几何特征逐字段使用有效 mask，缺失保留
ILO/ZHANG_YONG_SHENG-0/before,,False,,308,242,240,242,240,2,4,2,4,0.7792207792207793,0.7792207792207793,0.81595915728754,0.81595915728754,False,False,True,False,保留病例与全部监督；几何特征逐字段使用有效 mask，缺失保留
ILO/ZHAO_CHANG_SHAN-0/before,,False,,285,222,223,205,205,2,1,1,1,0.7824561403508772,0.7192982456140351,0.8275986138201374,0.7468328062567463,False,False,True,False,保留病例与全部监督；几何特征逐字段使用有效 mask，缺失保留
