model,role,case_id,n_points,point_domain,r2_prediction,r2_linear_fit,slope_a,intercept_b,mae,r2_three_seed_mean_selection,r2_five_seed_mean_selection,unit,source_csv
X5X11,best,AG/fast/ZHANG_LIANG,14399,壁面节点,0.8710665338,0.8772355912,0.9502730203,0.2439339394,0.7980889568,0.8777100320,,Pa,/public/newhome/cy/Digital_twin/GNN/docs/03-汇报材料/启发式实验汇报_2026-09-13/启发式v2_代表病例后处理_20260914/X5X11/best/_export/same_point_fields.csv.gz
X5X11,median,AG/fast/YAO_CUN_HONG,9704,壁面节点,0.7201411022,0.7430292661,0.8733383876,0.9056334006,2.0932864694,0.7483608188,,Pa,/public/newhome/cy/Digital_twin/GNN/docs/03-汇报材料/启发式实验汇报_2026-09-13/启发式v2_代表病例后处理_20260914/X5X11/median/_export/same_point_fields.csv.gz
X5X11,worst,AAA/unruputer/SUN_SHU_MING,14958,壁面节点,0.4982765389,0.5405407093,0.4522361283,0.6367500114,0.7419703388,0.4665799261,,Pa,/public/newhome/cy/Digital_twin/GNN/docs/03-汇报材料/启发式实验汇报_2026-09-13/启发式v2_代表病例后处理_20260914/X5X11/worst/_export/same_point_fields.csv.gz
VF6,best,AG/fast/ZHANG_LIANG,426057,体内点,0.9163681619,0.9202946259,0.9732753402,0.0178539571,0.0561547416,0.9167705440,,m/s,/public/newhome/cy/Digital_twin/GNN/docs/03-汇报材料/启发式实验汇报_2026-09-13/启发式v2_代表病例后处理_20260914/VF6/best/_export/same_point_fields.csv.gz
VF6,median,AG/slow/LI_HUAN_GE,367250,体内点,0.7711830357,0.7994577247,0.9294313131,0.0667830514,0.1178165109,0.7996790671,,m/s,/public/newhome/cy/Digital_twin/GNN/docs/03-汇报材料/启发式实验汇报_2026-09-13/启发式v2_代表病例后处理_20260914/VF6/median/_export/same_point_fields.csv.gz
VF6,worst,AAA/unruputer/SUN_SHU_MING,463947,体内点,0.4376894162,0.4555951123,0.4780978863,0.0664227683,0.0771331550,0.4812790946,,m/s,/public/newhome/cy/Digital_twin/GNN/docs/03-汇报材料/启发式实验汇报_2026-09-13/启发式v2_代表病例后处理_20260914/VF6/worst/_export/same_point_fields.csv.gz
PF6,best,AG/fast/YAO_CUN_HONG,283262,壁面∪体内点,0.9679598186,0.9699919197,1.0138545689,0.6928539835,69.7467564137,0.9650403868,,Pa,/public/newhome/cy/Digital_twin/GNN/docs/03-汇报材料/启发式实验汇报_2026-09-13/启发式v2_代表病例后处理_20260914/PF6/best/_export/same_point_fields.csv.gz
PF6,median,AG/fast/ZHANG_CHUN,421245,壁面∪体内点,0.8606673611,0.9342166426,0.6934116864,-18.4537596269,236.7440022795,0.8510824778,,Pa,/public/newhome/cy/Digital_twin/GNN/docs/03-汇报材料/启发式实验汇报_2026-09-13/启发式v2_代表病例后处理_20260914/PF6/median/_export/same_point_fields.csv.gz
PF6,worst,AAA/unruputer/SUN_SHU_MING,478905,壁面∪体内点,0.3487340950,0.3865237451,0.4952468544,-27.4970154273,53.3615154008,0.3755076553,,Pa,/public/newhome/cy/Digital_twin/GNN/docs/03-汇报材料/启发式实验汇报_2026-09-13/启发式v2_代表病例后处理_20260914/PF6/worst/_export/same_point_fields.csv.gz
VF6_wss,best,AG/fast/RAN_QING_BO,17682,壁面节点,0.7928084505,0.7940948382,0.7903819307,0.6414822269,1.2624479469,0.7561696991,,Pa,/public/newhome/cy/Digital_twin/GNN/docs/03-汇报材料/启发式实验汇报_2026-09-13/启发式v2_代表病例后处理_20260914/VF6_wss/best/_export/same_point_fields.csv.gz
VF6_wss,median,ILO/LU_FU_SHAN-0/before,79580,壁面节点,0.5145951078,0.5929748694,0.7898666502,1.5722541543,2.1182572912,0.4879243071,,Pa,/public/newhome/cy/Digital_twin/GNN/docs/03-汇报材料/启发式实验汇报_2026-09-13/启发式v2_代表病例后处理_20260914/VF6_wss/median/_export/same_point_fields.csv.gz
VF6_wss,worst,AAA/ruputer/KANG_YONG,16448,壁面节点,-0.2205534820,0.6050904782,1.2063090547,0.2848140541,0.9795237091,-0.2173379850,,Pa,/public/newhome/cy/Digital_twin/GNN/docs/03-汇报材料/启发式实验汇报_2026-09-13/启发式v2_代表病例后处理_20260914/VF6_wss/worst/_export/same_point_fields.csv.gz
X5D_v51,best,AG/fast/ZHANG_LIANG,14399,壁面节点,0.8837962353,0.8858135256,0.9258778888,0.2484010263,0.7467938471,,0.9042640595,Pa,/public/newhome/cy/Digital_twin/GNN/docs/03-汇报材料/启发式实验汇报_2026-09-13/启发式v2_代表病例后处理_20260914/X5D_v51/best/_export/same_point_fields.csv.gz
X5D_v51,median,AAA/ruputer/KANG_YONG,16448,壁面节点,0.7780804844,0.8622226166,1.0563507643,0.1739739731,0.4019446231,,0.7607525451,Pa,/public/newhome/cy/Digital_twin/GNN/docs/03-汇报材料/启发式实验汇报_2026-09-13/启发式v2_代表病例后处理_20260914/X5D_v51/median/_export/same_point_fields.csv.gz
X5D_v51,worst,ILO/ZHANG_YONG_SHENG-0/before,60329,壁面节点,0.6095286813,0.6096157905,0.6112240190,0.8862055748,0.7723453488,,0.6021192707,Pa,/public/newhome/cy/Digital_twin/GNN/docs/03-汇报材料/启发式实验汇报_2026-09-13/启发式v2_代表病例后处理_20260914/X5D_v51/worst/_export/same_point_fields.csv.gz
V4_EMA_speed,best,AG/fast/RAN_QING_BO,990613,体内点,-0.1695195124,0.0113148719,0.0158883422,0.1365585196,0.2136059940,,,m/s,/public/newhome/cy/Digital_twin/GNN/docs/03-汇报材料/启发式实验汇报_2026-09-13/启发式v2_代表病例后处理_20260914/V4_EMA/best/_export/same_point_speed.csv.gz
V4_EMA_speed,median,ILO/LI_YOU_ZHI-0/before,723465,体内点,-0.6142683651,0.0598552060,0.0606860780,0.0338882782,0.1314887254,,,m/s,/public/newhome/cy/Digital_twin/GNN/docs/03-汇报材料/启发式实验汇报_2026-09-13/启发式v2_代表病例后处理_20260914/V4_EMA/median/_export/same_point_speed.csv.gz
V4_EMA_speed,worst,AG/fast/LOU_YANG,746864,体内点,-0.0500135122,0.1235259650,0.1072853571,0.1988980981,0.2358402730,,,m/s,/public/newhome/cy/Digital_twin/GNN/docs/03-汇报材料/启发式实验汇报_2026-09-13/启发式v2_代表病例后处理_20260914/V4_EMA/worst/_export/same_point_speed.csv.gz
V4_EMA_pressure,best,AG/fast/RAN_QING_BO,990613,体内点,0.1446024140,0.4713880732,0.0793474085,-16.6031696411,408.5895318320,,,Pa,/public/newhome/cy/Digital_twin/GNN/docs/03-汇报材料/启发式实验汇报_2026-09-13/启发式v2_代表病例后处理_20260914/V4_EMA/best/_export/same_point_pressure.csv.gz
V4_EMA_pressure,median,ILO/LI_YOU_ZHI-0/before,723465,体内点,0.0108420347,0.2517605461,0.0069659335,-10.2903639351,160.1105592171,,,Pa,/public/newhome/cy/Digital_twin/GNN/docs/03-汇报材料/启发式实验汇报_2026-09-13/启发式v2_代表病例后处理_20260914/V4_EMA/median/_export/same_point_pressure.csv.gz
V4_EMA_pressure,worst,AG/fast/LOU_YANG,746864,体内点,0.2556203677,0.8554270535,0.1404963342,24.6677308914,354.5687768981,,,Pa,/public/newhome/cy/Digital_twin/GNN/docs/03-汇报材料/启发式实验汇报_2026-09-13/启发式v2_代表病例后处理_20260914/V4_EMA/worst/_export/same_point_pressure.csv.gz
V4_EMA,best,AG/fast/RAN_QING_BO,17682,壁面节点,0.2599162778,0.2766991738,0.2108658280,3.0488396460,3.4997840025,,,Pa,/public/newhome/cy/Digital_twin/GNN/docs/03-汇报材料/启发式实验汇报_2026-09-13/启发式v2_代表病例后处理_20260914/V4_EMA/best/_export/same_point_fields.csv.gz
V4_EMA,median,ILO/LI_YOU_ZHI-0/before,67760,壁面节点,-0.0402721230,0.1414993536,0.1373170816,0.6283842848,1.1626994194,,,Pa,/public/newhome/cy/Digital_twin/GNN/docs/03-汇报材料/启发式实验汇报_2026-09-13/启发式v2_代表病例后处理_20260914/V4_EMA/median/_export/same_point_fields.csv.gz
V4_EMA,worst,AG/fast/LOU_YANG,10806,壁面节点,-0.8892651028,0.2919936400,0.7220672747,4.9852420799,4.8564501246,,,Pa,/public/newhome/cy/Digital_twin/GNN/docs/03-汇报材料/启发式实验汇报_2026-09-13/启发式v2_代表病例后处理_20260914/V4_EMA/worst/_export/same_point_fields.csv.gz
