canonical_id,error_count,segment_error_count,geometry_error_count,reference_area_slope_coverage,pointcloud_area_slope_coverage,reference_wall_area_coverage,pointcloud_wall_area_coverage,conclusion
AG/fast/CHEN_SHI_MING,118,0,123,0.7453874538745388,0.7638376383763837,0.7656885842792889,0.7705076033411865,needs_user_decision
AG/fast/HAN_JIAN_JUN,76,0,81,0.8119122257053292,0.8087774294670846,0.8493598233995585,0.8347902869757174,needs_user_decision
AG/fast/LIU_FENG_MING,117,0,122,0.7525773195876289,0.7250859106529209,0.7691036140957247,0.7335637538507777,needs_user_decision
AG/fast/LIU_JUN_FENG,140,0,145,0.7214285714285714,0.7142857142857143,0.754468085106383,0.7509929078014185,needs_user_decision
AG/fast/LIU_LI_QUN,129,0,134,0.7012987012987013,0.7316017316017316,0.7210434463121154,0.7524570588775604,needs_user_decision
AG/fast/LIU_YI_BING,85,0,90,0.7348993288590604,0.7516778523489933,0.7635452303285862,0.7808099291908664,needs_user_decision
AG/fast/LI_SHI_QIANG,92,0,97,0.7765151515151515,0.7765151515151515,0.7905246374610888,0.7896894692885885,needs_user_decision
AG/fast/LI_SHU_KUN,86,0,91,0.7565543071161048,0.7752808988764045,0.7917815529662902,0.8088588455038691,needs_user_decision
AG/fast/LI_ZHEN_SHAN,98,0,103,0.717201166180758,0.717201166180758,0.7283164210058514,0.7261684319680024,needs_user_decision
AG/fast/LI_ZHI_LIN,92,0,97,0.8193979933110368,0.8193979933110368,0.8482238200327472,0.8522104363921122,needs_user_decision
AG/fast/WANG_CHUN_MING,119,0,124,0.7844827586206896,0.7887931034482759,0.8286141575274177,0.8322033898305085,needs_user_decision
AG/fast/WANG_DAO_CHUN,103,0,108,0.7601476014760148,0.7195571955719557,0.7781223995763673,0.7519479537030033,needs_user_decision
AG/fast/WANG_YONG_FAN,123,0,128,0.7919463087248322,0.785234899328859,0.8311169382531061,0.8121995379908847,needs_user_decision
AG/fast/ZHANG_HAO,122,0,127,0.7806691449814126,0.7806691449814126,0.7923488539254053,0.7888347576072199,needs_user_decision
AG/fast/ZHANG_QING_WANG,111,0,104,0.8140243902439024,0.8262195121951219,0.8170916708805894,0.8294444845770426,needs_user_decision
AG/fast/ZHANG_XIU_WEN,106,0,111,0.7894736842105263,0.8070175438596491,0.8016638158917743,0.8170580003109936,needs_user_decision
AG/fast/ZHANG_XIU_ZHEN,122,0,127,0.8032258064516129,0.6741935483870968,0.8266581410219148,0.6471545660640586,needs_user_decision
AG/slow/A_MIN_SE_HA_CHI,77,0,82,0.7535211267605634,0.7711267605633803,0.7788609960191729,0.7979527175237631,needs_user_decision
AG/slow/CAO_FENG_CHI,75,0,80,0.7888446215139442,0.8127490039840638,0.8283140068407442,0.8567614916159172,needs_user_decision
AG/slow/CHENG_GUANG_SEN,113,0,118,0.8174603174603174,0.8333333333333334,0.8361256065183558,0.8613933900942964,needs_user_decision
AG/slow/CHENG_LU_LI,110,0,115,0.7931034482758621,0.8160919540229885,0.8094421375699585,0.8347174580249143,needs_user_decision
AG/slow/DING_LIAN_ZHONG,122,0,127,0.7902621722846442,0.797752808988764,0.8047088884832999,0.81529476181785,needs_user_decision
AG/slow/GONG_HUI_XIA,95,0,100,0.8035087719298246,0.8175438596491228,0.8305601124912116,0.8452464651199125,needs_user_decision
AG/slow/GUAN_TONG_XIANG,94,0,99,0.745398773006135,0.745398773006135,0.745969016756244,0.748498261144483,needs_user_decision
AG/slow/KANG_XI_MING,105,0,110,0.7843137254901961,0.7803921568627451,0.8107039282889533,0.7940943843923016,needs_user_decision
AG/slow/LIU_FA_CHUN,99,0,104,0.6863468634686347,0.7011070110701108,0.7393631020264936,0.7568207737520836,needs_user_decision
AG/slow/LIU_FENG,126,0,131,0.7364864864864865,0.7398648648648649,0.7687440217791185,0.7752188948568906,needs_user_decision
AG/slow/LIU_JIN_LIANG,126,0,131,0.7441077441077442,0.7272727272727273,0.7857402427501998,0.7448942510356857,needs_user_decision
AG/slow/LIU_ZONG_YANG,114,0,119,0.7402597402597403,0.7705627705627706,0.7759103641456583,0.8093590377327402,needs_user_decision
AG/slow/LI_BING_YI,102,0,107,0.7859778597785978,0.8044280442804428,0.78921639108555,0.8108554996405464,needs_user_decision
AG/slow/LI_CHONG_ZENG,117,0,122,0.7896678966789668,0.8228782287822878,0.8287475966319697,0.8667373864615793,needs_user_decision
AG/slow/LI_GUI_YING,117,0,122,0.6925795053003534,0.6925795053003534,0.7282346638092687,0.7335253147602464,needs_user_decision
AG/slow/LU_ZHEN_QING,141,0,146,0.7282608695652174,0.717391304347826,0.7618048268625394,0.736136895633223,needs_user_decision
AG/slow/LV_FU_LONG,113,0,118,0.7649253731343284,0.746268656716418,0.785093355506841,0.7454834076649784,needs_user_decision
AG/slow/MI_DE_XI,127,0,132,0.7461538461538462,0.7346153846153847,0.7992847854356306,0.7801040312093628,needs_user_decision
AG/slow/NI_YAN_BIN,109,0,114,0.7437722419928826,0.7508896797153025,0.7739294339400365,0.7854155622312541,needs_user_decision
AG/slow/QIN_SI_FU,131,0,136,0.8029197080291971,0.7846715328467153,0.8170351473922902,0.7939342403628118,needs_user_decision
AG/slow/QU_HE_PING,109,0,114,0.6775510204081633,0.6938775510204082,0.7658013544018059,0.7821670428893905,needs_user_decision
AG/slow/SHEN_ZHI_GANG,117,0,122,0.7925311203319502,0.8008298755186722,0.8144684671205207,0.8276352210668063,needs_user_decision
AG/slow/SUN_ZONG_GE,105,0,110,0.8089430894308943,0.8130081300813008,0.846541659295949,0.8586591190518309,needs_user_decision
AG/slow/WANG_GUANG_CHAO,111,0,116,0.7340425531914894,0.6914893617021277,0.7593327230190214,0.7318685789848438,needs_user_decision
AG/slow/WANG_GUI,123,0,128,0.723404255319149,0.7375886524822695,0.7196409276036905,0.7371789543678829,needs_user_decision
AG/slow/WANG_KE,127,0,132,0.7877697841726619,0.802158273381295,0.7974673888168434,0.8161568388130293,needs_user_decision
AG/slow/WANG_YAN_LING,106,0,111,0.7410714285714286,0.7276785714285714,0.7772552372808893,0.7380932022231723,needs_user_decision
AG/slow/WANG_YONG_LI,107,0,112,0.7677902621722846,0.7827715355805244,0.8146788990825689,0.8278126508932883,needs_user_decision
AG/slow/WEI_BAO_XING,111,0,116,0.8038461538461539,0.8,0.8315736040609137,0.8293401015228427,needs_user_decision
AG/slow/WU_FENG_YAN,125,0,130,0.8215384615384616,0.8307692307692308,0.847025902274521,0.8528377699648418,needs_user_decision
AG/slow/WU_YI_FA,125,0,130,0.8200692041522492,0.8304498269896193,0.8203430915532351,0.8399683013238859,needs_user_decision
AG/slow/XI_CHENG_JIANG,124,0,129,0.7573770491803279,0.7836065573770492,0.7822774970851146,0.8105713175281772,needs_user_decision
AG/slow/XU_YI_CAI,132,0,137,0.7534722222222222,0.7638888888888888,0.7783964365256125,0.7886971046770601,needs_user_decision
AG/slow/YANG_YOU_SHENG,130,0,135,0.7716262975778547,0.7750865051903114,0.7902219837703709,0.791429146267856,needs_user_decision
AG/slow/YIN_YU_RONG,117,0,122,0.788,0.792,0.8231361426256077,0.8257698541329012,needs_user_decision
AG/slow/ZANG_YU_SHU,142,0,147,0.7976190476190477,0.8095238095238095,0.8022885378063845,0.8184123268968208,needs_user_decision
AG/slow/ZHANG_JING_SHUN,123,0,128,0.7884615384615384,0.6785714285714286,0.7941128372853639,0.6814390842191332,needs_user_decision
AG/slow/ZHANG_JUN_HUA,122,0,127,0.8214285714285714,0.8321428571428572,0.8411084088731667,0.8338860638219471,needs_user_decision
AG/slow/ZHANG_LING_GUANG,122,0,127,0.7956656346749226,0.7987616099071208,0.8158794967998234,0.822390200838667,needs_user_decision
AG/slow/ZHANG_QING_SHUI,117,0,122,0.8529411764705882,0.7382352941176471,0.8718976305983267,0.7261477887928004,needs_user_decision
AG/slow/ZHANG_QUAN_YOU,109,0,114,0.8105263157894737,0.8350877192982457,0.8507534853735192,0.8709807397856395,needs_user_decision
AG/slow/ZHANG_SONG_TIAN,134,0,139,0.7918088737201365,0.78839590443686,0.7983638113570741,0.7944337504010266,needs_user_decision
AG/slow/ZHANG_ZHI_JUN,111,0,116,0.7322175732217573,0.7656903765690377,0.7792966815255077,0.8069341258048539,needs_user_decision
AAA/ruputer/DING_JUN_FENG,102,0,107,0.7328519855595668,0.7184115523465704,0.7630866345067517,0.7293007908469774,needs_user_decision
AAA/ruputer/FENG_LI_XIN,137,0,134,0.6191709844559585,0.5362694300518135,0.6433653668453151,0.4998613934577712,needs_user_decision
AAA/ruputer/GAO_FENG_SHAN,124,0,129,0.6710526315789473,0.4375,0.699699450720282,0.4408539745051301,needs_user_decision
AAA/ruputer/GUO_AI_JUN,81,0,86,0.7394366197183099,0.7183098591549296,0.7717737268518519,0.7377025462962963,needs_user_decision
AAA/ruputer/HUO_SHI_LIANG,117,0,122,0.7529411764705882,0.7607843137254902,0.801482274334274,0.8062664201615257,needs_user_decision
AAA/ruputer/LIN_LIANG_XIAO,128,0,133,0.7323420074349443,0.7100371747211895,0.7607700024716847,0.7321275389290336,needs_user_decision
AAA/ruputer/LIU_JI_XIN,120,0,125,0.7908745247148289,0.7680608365019012,0.7994511407662506,0.7693356292150955,needs_user_decision
AAA/ruputer/LIU_YONG_LAN,126,0,131,0.7697368421052632,0.7697368421052632,0.7687396935301889,0.7529050985081536,needs_user_decision
AAA/ruputer/LI_BING_JIANG,124,0,129,0.6006711409395973,0.62751677852349,0.6616976436829509,0.6768904711443438,needs_user_decision
AAA/ruputer/LI_LAO_PING,124,0,129,0.8101694915254237,0.7016949152542373,0.8483196985236244,0.6547570777780428,needs_user_decision
AAA/ruputer/MA_XIAO_DONG,86,0,91,0.7549407114624506,0.7707509881422925,0.7246046902452067,0.742968451607975,needs_user_decision
AAA/ruputer/MENG_GUANG_QIN,127,0,132,0.7003257328990228,0.6514657980456026,0.70895573759207,0.6494114407654712,needs_user_decision
AAA/ruputer/TONG_XUE_LIAN,112,0,117,0.7637540453074434,0.7313915857605178,0.7850035369016741,0.7581348738505069,needs_user_decision
AAA/ruputer/WANG_AN,147,0,152,0.7060702875399361,0.5750798722044729,0.6911477064799041,0.5353650072559782,needs_user_decision
AAA/ruputer/WANG_KUI_WU,136,0,141,0.706959706959707,0.7216117216117216,0.6993735219682197,0.722219917299368,needs_user_decision
AAA/ruputer/WU_GUANG_CUN,125,0,130,0.6845637583892618,0.6442953020134228,0.7499685732243871,0.6125078566939032,needs_user_decision
AAA/ruputer/XIE_JIN_QUAN,113,0,118,0.75,0.7394366197183099,0.7382685753237901,0.7132651670074983,needs_user_decision
AAA/ruputer/ZHANG_MAO_JIN,150,0,155,0.7735849056603774,0.6981132075471698,0.7873669253933918,0.6949993637867413,needs_user_decision
AAA/ruputer/ZHOU_KE_XUN,144,0,149,0.7624113475177305,0.7872340425531915,0.8448667009262625,0.8639685145958412,needs_user_decision
AAA/ruputer/ZOU_LI_SHUN,89,0,94,0.7971830985915493,0.7633802816901408,0.8045725237867069,0.767472106235882,needs_user_decision
AAA/ruputer/ZUO_DAO_SHENG,146,0,151,0.6526315789473685,0.6596491228070176,0.6078017710530913,0.6141173625015117,needs_user_decision
AAA/unruputer/CAO_HONG_TAI,156,0,143,0.6966966966966966,0.6366366366366366,0.6902948188637553,0.613537244868291,needs_user_decision
AAA/unruputer/CHEN_FU_YE,121,0,126,0.7816455696202531,0.7278481012658228,0.8023081855097243,0.7229464985395739,needs_user_decision
AAA/unruputer/CHEN_LIANG_FU,134,0,139,0.6161290322580645,0.6129032258064516,0.686883851798969,0.6856974876376655,needs_user_decision
AAA/unruputer/CHEN_SHU_LIN,130,0,135,0.7559055118110236,0.7270341207349081,0.7959059277695941,0.7573017727434348,needs_user_decision
AAA/unruputer/FENG_ZHI_YING,124,0,129,0.7773584905660378,0.7622641509433963,0.8205371900826446,0.808939393939394,needs_user_decision
AAA/unruputer/GAO_WEI_LI,138,0,143,0.6433566433566433,0.6433566433566433,0.6818214568772967,0.6771381223431083,needs_user_decision
AAA/unruputer/GUO_BAO_CHUN,167,0,172,0.5993377483443708,0.5629139072847682,0.6618967366324499,0.6203462540217558,needs_user_decision
AAA/unruputer/HAN_JIAN_FU,124,0,129,0.805111821086262,0.8115015974440895,0.8528216266061613,0.8599439436038682,needs_user_decision
AAA/unruputer/LIN_JIAN_RONG,115,0,120,0.8296296296296296,0.7814814814814814,0.852417228671726,0.8002126636854908,needs_user_decision
AAA/unruputer/LIU_CHENG_ZHANG,133,0,138,0.7074829931972789,0.7278911564625851,0.7135137115536097,0.7362472292952793,needs_user_decision
AAA/unruputer/LIU_JIE,114,0,119,0.7867647058823529,0.7757352941176471,0.8079631934706225,0.7950903619203681,needs_user_decision
AAA/unruputer/LIU_LI_FENG,144,0,149,0.7171717171717171,0.7003367003367004,0.7080993757646099,0.6934345493898805,needs_user_decision
AAA/unruputer/LIU_XING_GUO,128,0,133,0.7363636363636363,0.6575757575757576,0.7829672508127825,0.6832923638093727,needs_user_decision
AAA/unruputer/LI_YOU_YU,132,0,137,0.7281879194630873,0.7248322147651006,0.7462378776056181,0.7356110429903764,needs_user_decision
AAA/unruputer/QIAO_XIU_YUN,127,0,132,0.7632508833922261,0.7208480565371025,0.7718083976492247,0.7333073709551795,needs_user_decision
AAA/unruputer/SHEN_CHUN_WANG,120,0,125,0.8043478260869565,0.8152173913043478,0.832914177931468,0.8452334171644137,needs_user_decision
AAA/unruputer/SHEN_FANG_JIN,127,0,132,0.6946308724832215,0.7248322147651006,0.6586795460939698,0.6822775016411892,needs_user_decision
AAA/unruputer/YANG_BEN_RUI,133,0,138,0.7539432176656151,0.7570977917981072,0.8215196659789125,0.8251750523938719,needs_user_decision
AAA/unruputer/YAN_FU_TANG,141,0,146,0.7535211267605634,0.7464788732394366,0.7881994822337913,0.7806463543000199,needs_user_decision
AAA/unruputer/ZHANG_XUN_LIAN,144,0,149,0.7804054054054054,0.7195945945945946,0.7535466062010154,0.717434810469759,needs_user_decision
AAA/unruputer/ZHANG_ZHI_HUA,129,0,134,0.7794117647058824,0.7867647058823529,0.8082789855072464,0.8141123188405797,needs_user_decision
AAA/unruputer/ZHOU_XI_SHENG,106,0,111,0.7492877492877493,0.7037037037037037,0.7870764265806073,0.7264192460026404,needs_user_decision
AAA/unruputer/ZHU_ZI_HAI,90,0,95,0.8223495702005731,0.6160458452722063,0.8132754763034782,0.5802427283205641,needs_user_decision
ILO/AN_GUANG_JIE-0/before,114,0,119,0.7918088737201365,0.7679180887372014,0.8307959753463625,0.7526207659484803,needs_user_decision
ILO/BAO_EN_YUN-0/before,134,0,139,0.7634730538922155,0.7694610778443114,0.7901717813366735,0.796143866869464,needs_user_decision
ILO/CUI_WEI_PING-0/before,112,0,117,0.8207547169811321,0.7955974842767296,0.8374029156830591,0.7945506640477177,needs_user_decision
ILO/GAO_SHU_CAI-0/before,119,0,124,0.8282828282828283,0.8106060606060606,0.7879361573453235,0.752846362178223,needs_user_decision
ILO/GUO_QING_SHAN-0/before,110,0,115,0.7714285714285715,0.765079365079365,0.807238102686427,0.8100535721268526,needs_user_decision
ILO/GUO_YU_SHU-0/before,117,0,122,0.8368794326241135,0.8262411347517731,0.837169803780522,0.8293769731846701,needs_user_decision
ILO/HOU_SHI_GUO-0/before,91,0,96,0.8543417366946778,0.8487394957983193,0.8589611545552801,0.8563672197851103,needs_user_decision
ILO/LIU_BAO_JUN-0/before,150,0,155,0.7084639498432602,0.5987460815047022,0.7077482240211466,0.608314059144226,needs_user_decision
ILO/LIU_LIAN_YOU-0/before,149,0,154,0.7859649122807018,0.7368421052631579,0.8234827668873439,0.749875523263319,needs_user_decision
ILO/LIU_YUE_DONG-0/before,127,0,116,0.8013245033112583,0.7980132450331126,0.8134861424172196,0.8113432172449919,needs_user_decision
ILO/LI_SHENG_WEN-0/before,120,0,125,0.7880794701986755,0.7947019867549668,0.8043363099742697,0.8081580142273347,needs_user_decision
ILO/LV_JIAN_HUA-0/before,129,0,134,0.7890625,0.7864583333333334,0.7885732329273077,0.7845735773952482,needs_user_decision
ILO/SUN_YU_SHENG-0/before,121,0,126,0.75,0.7633333333333333,0.7933145939375522,0.8019600395046722,needs_user_decision
ILO/WANG_JIN_MING-0/before,117,0,122,0.8121019108280255,0.7898089171974523,0.8418617477632063,0.8298657923765167,needs_user_decision
ILO/WANG_SHU_SHENG-0/before,128,0,133,0.8688046647230321,0.8833819241982507,0.8870605951279196,0.9048956094806356,needs_user_decision
ILO/WANG_XIAO_LIN-0/before,140,0,145,0.8368580060422961,0.7039274924471299,0.7979014598540146,0.6289385644768857,needs_user_decision
ILO/WENG_ZHAO_GUANG-0/before,148,0,153,0.829683698296837,0.781021897810219,0.7977471484117654,0.7375634583338716,needs_user_decision
ILO/WU_JUN-0/before,128,0,133,0.8195718654434251,0.8348623853211009,0.8024160461935876,0.8228688649141468,needs_user_decision
ILO/XIE_ZHI_FU-0/before,103,0,108,0.7455830388692579,0.7455830388692579,0.7934774178537266,0.7935808277965927,needs_user_decision
ILO/YAO_GUO_CHEN-0/before,139,0,144,0.7272727272727273,0.7419354838709677,0.7062047527506238,0.7180048263732668,needs_user_decision
ILO/ZHANG_YAN_SHAN-0/before,119,0,124,0.7801418439716312,0.7836879432624113,0.8191667992293689,0.8099934602400268,needs_user_decision
ILO/ZHAO_CHANG_SHAN-0/before,115,0,120,0.7824561403508772,0.7228070175438597,0.827844793303918,0.7543128751870017,needs_user_decision
ILO/GENG_CHUN_LAI-1/before,134,0,139,0.8559556786703602,0.8642659279778393,0.8719524604175994,0.8854450730595466,needs_user_decision
ILO/GONG_HAI_ZENG-1/before,146,0,151,0.7484848484848485,0.7515151515151515,0.780016597915497,0.7860699553320804,needs_user_decision
ILO/LIN_CHUN_YANG-1/before,126,0,131,0.8354037267080745,0.8074534161490683,0.8143279362631715,0.7879208429709587,needs_user_decision
ILO/PAN_YIN_GEN-1/before,142,0,147,0.7887323943661971,0.7605633802816901,0.7940125424797674,0.7808219178082192,needs_user_decision
ILO/SUN_DE_QI-1/before,129,0,134,0.7796610169491526,0.7762711864406779,0.8282444926378267,0.8286725259673553,needs_user_decision
ILO/WAGN_LI_JUN-1/before,90,0,95,0.7147239263803681,0.6871165644171779,0.7197901251177183,0.6892775460782995,needs_user_decision
ILO/WANG_TIAN_QING-1/before,180,0,153,0.8390092879256966,0.7337461300309598,0.8274997565962419,0.7521297828838477,needs_user_decision
ILO/YANG_WANG_QI-1/before,124,0,129,0.8370786516853933,0.8202247191011236,0.857337122601149,0.8473138980564723,needs_user_decision
ILO/YANG_YU_QING-1/before,126,0,131,0.8033333333333333,0.7966666666666666,0.833630707647433,0.8315206429491258,needs_user_decision
ILO/ZHANG_JIAN_JUN-1/before,98,0,103,0.7541899441340782,0.7625698324022346,0.7477385748225538,0.7617719539008662,needs_user_decision
AG/fast/FAN_JIAN_MING,103,0,108,0.7575757575757576,0.6397306397306397,0.7798061541356921,0.6528653429942599,needs_user_decision
AG/fast/LOU_YANG,103,0,108,0.7289377289377289,0.7362637362637363,0.7652230242457894,0.7771608365722746,needs_user_decision
AG/fast/RAN_QING_BO,138,0,143,0.7617647058823529,0.7529411764705882,0.7666553557289899,0.7569845040153829,needs_user_decision
AG/fast/SUN_ZHI_YU,128,0,133,0.7651821862348178,0.7975708502024291,0.7845417236662107,0.8196819425444597,needs_user_decision
AG/fast/YAO_CUN_HONG,122,0,127,0.8287937743190662,0.8482490272373541,0.8325432811211871,0.8501648804616653,needs_user_decision
AG/fast/ZHANG_CHUN,99,0,104,0.826530612244898,0.8401360544217688,0.8758122743682311,0.884043321299639,needs_user_decision
AG/fast/ZHANG_LIANG,103,0,108,0.8167202572347267,0.819935691318328,0.8207514410722967,0.8246406000416696,needs_user_decision
AG/slow/BAI_WEN_JIE,118,0,123,0.7046413502109705,0.7172995780590717,0.7086361491269467,0.7238319962246342,needs_user_decision
AG/slow/CHEN_JING_RU,129,0,134,0.8051948051948052,0.8116883116883117,0.8150997836018273,0.8233549731505971,needs_user_decision
AG/slow/GUO_XI_JIANG,78,0,83,0.8097014925373134,0.832089552238806,0.8162368112543963,0.8386088315748339,needs_user_decision
AG/slow/HE_SHU_ZHEN,82,0,87,0.6895161290322581,0.717741935483871,0.7349668098399063,0.7723545490042952,needs_user_decision
AG/slow/LI_HUAN_GE,100,0,105,0.7301587301587301,0.746031746031746,0.7684185643369317,0.7910330155228115,needs_user_decision
AG/slow/MA_TIAN_YI,108,0,113,0.7443946188340808,0.7623318385650224,0.7561728395061729,0.7797562519784742,needs_user_decision
AG/slow/MA_YU,105,0,110,0.7744807121661721,0.8041543026706232,0.8190024302742738,0.8483393125795625,needs_user_decision
AG/slow/ZHANG_WEI_XIAN,125,0,130,0.7625,0.75,0.7568849366747508,0.7231473996227432,needs_user_decision
AAA/ruputer/KANG_YONG,110,0,115,0.7045454545454546,0.7175324675324676,0.7594236381322957,0.777419747081712,needs_user_decision
AAA/ruputer/LI_ZHEN_HUA,110,0,115,0.6818181818181818,0.6878787878787879,0.7495039288832447,0.7586316374315422,needs_user_decision
AAA/ruputer/WANG_FU_SHUN,129,0,134,0.7702702702702703,0.6486486486486487,0.8039900929832294,0.6021556157252902,needs_user_decision
AAA/ruputer/YU_TIAN_HAI,110,0,115,0.7733812949640287,0.737410071942446,0.7733560215171809,0.7162513265268782,needs_user_decision
AAA/unruputer/GAO_DIAN_WEN,140,0,145,0.7333333333333333,0.6476190476190476,0.7760838494521201,0.6834547063227387,needs_user_decision
AAA/unruputer/LIU_KANG_WEN,109,0,114,0.6404494382022472,0.6151685393258427,0.6975557917109458,0.6595820049592632,needs_user_decision
AAA/unruputer/MA_JIN_HE,120,0,125,0.7677902621722846,0.7752808988764045,0.7701260279685647,0.775482542454613,needs_user_decision
AAA/unruputer/SUN_SHU_MING,117,0,122,0.7091836734693877,0.5459183673469388,0.7565182511030887,0.5320229977269688,needs_user_decision
AAA/unruputer/WANG_MAN_TIAN,161,0,166,0.7194719471947195,0.6666666666666666,0.7277316487821026,0.6565060274199332,needs_user_decision
AAA/unruputer/ZHANG_YONG_ZHI,153,0,158,0.7392857142857143,0.6571428571428571,0.7488832107907042,0.6404547113729989,needs_user_decision
ILO/LI_YOU_ZHI-0/before,134,0,139,0.7083333333333334,0.675,0.7312868949232586,0.703202479338843,needs_user_decision
ILO/LU_FU_SHAN-0/before,102,0,107,0.8488745980707395,0.8585209003215434,0.8836642372455391,0.8933777330987686,needs_user_decision
ILO/SUN_DONG_XIN-0/before,144,0,149,0.7474747474747475,0.7474747474747475,0.7362022153343425,0.741344097647709,needs_user_decision
ILO/YANG_WEN_TAI-0/before,137,0,142,0.8026666666666666,0.7066666666666667,0.8046978062246544,0.6671349000830605,needs_user_decision
ILO/ZHANG_HE_PING-0/before,100,0,105,0.8327868852459016,0.839344262295082,0.8396297252270221,0.8362507919374897,needs_user_decision
ILO/ZHANG_YONG_SHENG-0/before,117,0,122,0.788961038961039,0.7954545454545454,0.8212799814351307,0.8280594738848647,needs_user_decision
ILO/SUN_XU_XIA-1/before,103,0,108,0.809375,0.809375,0.8482938239246197,0.8520761102171497,needs_user_decision
ILO/YU_XIANG_SHENG-1/before,108,0,113,0.7905405405405406,0.7871621621621622,0.8260033897712779,0.8038825112264332,needs_user_decision
ILO/ZHANG_JIN_CHUN-1/before,165,0,170,0.8148148148148148,0.6635802469135802,0.8121152657186634,0.6829789521787049,needs_user_decision
