bifurcation_mae,bifurcation_n,bifurcation_nmae,bifurcation_nrmse,bifurcation_r2,bifurcation_rmse,cal_calibration_slope,cal_max_pred_true_ratio,cal_p95_pred_true_ratio,cal_p99_pred_true_ratio,cal_top10_pred_true_ratio,case,dist_n,dist_pred_above_one_fraction,dist_pred_below_zero_fraction,dist_pred_dynamic_range,dist_pred_p50,dist_pred_p90,dist_pred_p95,dist_pred_p99,dist_pred_true_dynamic_range_ratio,dist_true_dynamic_range,dist_true_p50,dist_true_p90,dist_true_p95,dist_true_p99,high_wss_mae,high_wss_n,high_wss_nmae,high_wss_nrmse,high_wss_r2,high_wss_rmse,hot_high_wss_mae,hot_hotspot_centroid_dist,hot_hotspot_centroid_dist_over_bbox,hot_peak_point_dist,hot_peak_point_dist_over_bbox,hot_spearman_all,hot_spearman_high_wss,hot_top10_iou,hot_top10_precision,hot_top10_recall,legacy_vertex_bbox_diag,legacy_vertex_high_wss_mae,legacy_vertex_high_wss_nrmse_mean,legacy_vertex_hotspot_centroid_dist,legacy_vertex_hotspot_centroid_dist_over_bbox,legacy_vertex_n_high_pred,legacy_vertex_n_high_true,legacy_vertex_peak_point_dist,legacy_vertex_peak_point_dist_over_bbox,legacy_vertex_spearman_all,legacy_vertex_spearman_high_wss,legacy_vertex_top10_iou,legacy_vertex_top10_precision,legacy_vertex_top10_recall,normalized_calibration_calibration_slope,normalized_calibration_max_pred_true_ratio,normalized_calibration_n,normalized_calibration_p90_pred_true_ratio,normalized_calibration_p95_pred_true_ratio,normalized_calibration_p99_pred_true_ratio,normalized_calibration_top10_mean_pred,normalized_calibration_top10_mean_true,normalized_calibration_top10_pred_true_ratio,normalized_distribution_n,normalized_distribution_pred_above_one_fraction,normalized_distribution_pred_below_zero_fraction,normalized_distribution_pred_dynamic_range,normalized_distribution_pred_p50,normalized_distribution_pred_p90,normalized_distribution_pred_p95,normalized_distribution_pred_p99,normalized_distribution_pred_true_dynamic_range_ratio,normalized_distribution_true_dynamic_range,normalized_distribution_true_p50,normalized_distribution_true_p90,normalized_distribution_true_p95,normalized_distribution_true_p99,normalized_hotspot_bbox_diag,normalized_hotspot_high_wss_mae,normalized_hotspot_high_wss_nrmse_mean,normalized_hotspot_hotspot_centroid_dist,normalized_hotspot_hotspot_centroid_dist_over_bbox,normalized_hotspot_n_high_pred,normalized_hotspot_n_high_true,normalized_hotspot_peak_point_dist,normalized_hotspot_peak_point_dist_over_bbox,normalized_hotspot_spearman_all,normalized_hotspot_spearman_high_wss,normalized_hotspot_top10_iou,normalized_hotspot_top10_precision,normalized_hotspot_top10_recall,normalized_overall_mae,normalized_overall_nmae_range,normalized_overall_nrmse_range,normalized_overall_r2,normalized_overall_rmse,overall_mae,overall_n,overall_nmae,overall_nrmse,overall_r2,overall_rmse,partition,physical_calibration_calibration_slope,physical_calibration_max_pred_true_ratio,physical_calibration_n,physical_calibration_p90_pred_true_ratio,physical_calibration_p95_pred_true_ratio,physical_calibration_p99_pred_true_ratio,physical_calibration_top10_mean_pred,physical_calibration_top10_mean_true,physical_calibration_top10_pred_true_ratio,physical_distribution_n,physical_distribution_pred_above_one_fraction,physical_distribution_pred_below_zero_fraction,physical_distribution_pred_dynamic_range,physical_distribution_pred_p50,physical_distribution_pred_p90,physical_distribution_pred_p95,physical_distribution_pred_p99,physical_distribution_pred_true_dynamic_range_ratio,physical_distribution_true_dynamic_range,physical_distribution_true_p50,physical_distribution_true_p90,physical_distribution_true_p95,physical_distribution_true_p99,physical_hotspot_bbox_diag,physical_hotspot_high_wss_mae,physical_hotspot_high_wss_nrmse_mean,physical_hotspot_hotspot_centroid_dist,physical_hotspot_hotspot_centroid_dist_over_bbox,physical_hotspot_n_high_pred,physical_hotspot_n_high_true,physical_hotspot_peak_point_dist,physical_hotspot_peak_point_dist_over_bbox,physical_hotspot_spearman_all,physical_hotspot_spearman_high_wss,physical_hotspot_top10_iou,physical_hotspot_top10_precision,physical_hotspot_top10_recall,physical_overall_mae,physical_overall_nmae_range,physical_overall_nrmse_range,physical_overall_r2,physical_overall_rmse,stenosis_mae,stenosis_n,stenosis_nmae,stenosis_nrmse,stenosis_r2,stenosis_rmse
0.263647,9088,0.0453,0.056,0.8644,0.325904,0.8847,0.8872,0.8565,0.8752,0.8067,AAA/ruputer/DING_JUN_FENG,55763,0.371142,0.424923,5.953087,0.361588,1.770754,1.995345,2.475409,0.86383,6.891505,0.416288,2.06405,2.329638,2.82849,0.480029,5577,0.2777,0.3293,-2.7295,0.569135,0.48,0.0198,0.0104,0.0108,0.0057,0.9297,0.5433,0.4956,0.6627,0.6627,1.91292,0.480029,0.236931,0.019823,0.010363,5577,5577,0.010849,0.005671,0.929671,0.543263,0.495575,0.662722,0.662722,0.884652425168015,0.8871894026456171,55763,0.8579026940278329,0.856504361951521,0.8751697708739166,1.93778738804911,2.4021134780943982,0.8067010179662124,55763,0.37114215519251115,0.4249233362623962,5.953087329864502,0.3615879416465759,1.7707539796829226,1.9953453779220565,2.4754092788696256,0.863829821388403,6.891504764556885,0.41628822684288025,2.0640499114990236,2.3296383142471315,2.8284903812408433,1.9129199020146495,0.4800288121935574,0.23693098986044445,0.019823481915376397,0.010362944049303213,5577,5577,0.010848773368624422,0.005671316063573131,0.9296713069473553,0.5432631532715744,0.49557522123893805,0.6627218934911243,0.6627218934911243,0.3750690734174065,0.05442484424394401,0.07260295096454954,0.8497935113460551,0.500343582493083,0.375069,55763,0.0544,0.0726,0.8498,0.500344,test,0.5553928577908497,0.573573996390193,55763,0.6831378660665278,0.6477028901273703,0.6320839715656711,27.45633302950201,47.03806633219959,0.5837045433712261,55763,0.6969854563061528,0.0,150.46801408977564,3.0416282926016134,18.976912121857477,25.406850287601657,47.40521388430812,0.5733971775746367,262.4149890765548,3.265657901763916,27.779037094116223,39.22608757019043,74.99828506469713,1.9129199020146495,20.48456046316068,0.5566702622455355,0.019823481915376397,0.010362944049303213,5577,5577,0.010848773368624422,0.005671316063573131,0.9296713071609939,0.5432629366004286,0.49557522123893805,0.6627218934911243,0.6627218934911243,4.39496449154821,0.016748145778616556,0.03583161331588389,0.6600168969716875,9.402752416883004,0.40913,11187,0.0859,0.1079,0.4385,0.513794
0.304557,8281,0.0763,0.0955,0.7619,0.381436,0.9195,1.0962,0.9585,1.0358,0.845,AAA/ruputer/GAO_FENG_SHAN,48245,0.046015,0.72136,5.44194,-0.564344,0.670989,0.966284,1.508834,1.041204,5.226583,-0.472419,0.748104,1.008079,1.456615,0.313588,4825,0.1925,0.2511,-0.7206,0.409158,0.3136,0.0294,0.0172,0.0394,0.023,0.9097,0.5313,0.5653,0.7223,0.7223,1.711328,0.313588,0.374908,0.029427,0.017196,4825,4825,0.039363,0.023001,0.90975,0.531256,0.565288,0.72228,0.72228,0.9194861352049628,1.0962311403834697,48245,0.8969198434712792,0.9585397070959515,1.0358496377848472,0.9222031708602152,1.0913556002582294,0.8450070450383079,48245,0.04601513110166856,0.7213597263965178,5.441939830780029,-0.5643444061279297,0.6709893226623531,0.9662838220596313,1.5088338136672965,1.0412041815579933,5.226582765579224,-0.4724186956882477,0.7481040000915525,1.008079075813293,1.4566147041320792,1.7113276549735852,0.313587844394186,0.37490839333436016,0.029427145492863176,0.017195506311920957,4825,4825,0.03936302762001629,0.02300145591968703,0.9097496240117426,0.5312557824821511,0.5652879156528792,0.722279792746114,0.722279792746114,0.30342899894661574,0.05805494958291145,0.07802930191369552,0.8027622351772637,0.4078266045922989,0.303429,48245,0.0581,0.078,0.8028,0.407827,test,0.8621896160960616,1.346139187397512,48245,0.9046658164244095,0.9471463390900593,1.070199041458595,7.705399486533462,8.709763669127627,0.8846852543021111,48245,0.4668255777800808,0.0,56.138182052896184,0.9133773139484376,4.5465852889661775,6.6727481005635285,13.503227505785727,1.3465090010449776,41.691650044173,1.0292459726333618,5.025706958770751,7.045107841491695,12.617491683959948,1.7113276549735852,2.8869442698819316,0.44109633422187905,0.029427145492863176,0.017195506311920957,4825,4825,0.03936302762001629,0.02300145591968703,0.9097496240614334,0.5312557824821511,0.5652879156528792,0.722279792746114,0.722279792746114,0.6950319037904202,0.01667076987967668,0.03460773251787074,0.7684329742761539,1.4428534729574132,0.370616,9694,0.0803,0.1033,0.6699,0.477005
0.315253,17876,0.048,0.0643,0.8541,0.42205,0.7639,0.8298,0.8297,0.8296,0.7575,AAA/ruputer/HUO_SHI_LIANG,61662,0.159223,0.470646,4.595795,0.095325,1.157451,1.354675,1.752572,0.684231,6.716727,0.08114,1.395732,1.632704,2.112525,0.424575,6167,0.2628,0.3148,-2.0551,0.508623,0.4246,0.0275,0.017,0.1634,0.1011,0.9079,0.5427,0.4745,0.6436,0.6436,1.616211,0.424575,0.297393,0.027514,0.017024,6167,6167,0.163387,0.101093,0.907923,0.542657,0.474477,0.643587,0.643587,0.7638541884076346,0.8297584321228735,61662,0.8292792655636807,0.8297124632748542,0.8296103103331567,1.295586669906063,1.7102705411901733,0.7575331730876141,61662,0.15922286010833253,0.47064642729720085,4.595794916152954,0.09532468020915985,1.15745120048523,1.3546751260757441,1.7525723314285278,0.6842312598570843,6.7167274951934814,0.08113982900977135,1.395731508731842,1.632704323530197,2.1125247716903686,1.6162113627133714,0.4245747442867529,0.2973934599965869,0.027514197960013406,0.01702388598099031,6167,6167,0.1633872851223535,0.10109277096533419,0.9079234115670297,0.5426567922354558,0.47447698744769873,0.6435868331441543,0.6435868331441543,0.3131861182457012,0.04662778391260007,0.06286323915369868,0.8099523276904947,0.42223524686057134,0.313186,61662,0.0466,0.0629,0.81,0.422235,test,0.5485335681818376,0.5137053485567421,61662,0.7337545273406199,0.6968230610388656,0.6264659939463321,11.532788616319241,19.145758253839503,0.6023678176343028,61662,0.7451428756770783,0.0,48.74751882656425,2.1521252158991273,8.554026302597173,11.052329386986893,18.53389026500951,0.5124776595602032,95.12125634588301,2.112826108932495,11.657885551452638,15.861027002334591,29.58483053207397,1.6162113627133714,7.85435359974116,0.5514361295013891,0.027514197960013406,0.01702388598099031,6167,6167,0.1633872851223535,0.10109277096533419,0.9079234112255348,0.5426567369789819,0.47447698744769873,0.6435868331441543,0.6435868331441543,1.6848307938212448,0.01771245312083356,0.03877860161454519,0.6728718279069117,3.6886693049120254,0.366301,12365,0.0792,0.0982,0.5305,0.454198
0.300929,18310,0.0607,0.0815,0.6459,0.403973,0.7447,0.8142,0.9095,0.8799,0.8264,AAA/ruputer/LIN_LIANG_XIAO,68779,0.145597,0.414589,4.279879,0.167916,1.179103,1.464423,1.904778,0.671017,6.378201,0.125552,1.289794,1.610154,2.164736,0.341381,6878,0.1742,0.2304,-0.8787,0.451601,0.3414,0.0474,0.0281,0.0054,0.0032,0.8678,0.5571,0.5746,0.7299,0.7299,1.682517,0.341381,0.26647,0.047361,0.028149,6878,6878,0.005421,0.003222,0.867753,0.557106,0.574634,0.729863,0.729863,0.7446823315676324,0.8141570741166411,68779,0.91417923642469,0.9094925163331967,0.8799122862820539,1.4005573771045794,1.694753970161154,0.8264074914492754,68779,0.1455967664548772,0.4145887552886782,4.279879093170166,0.16791556775569916,1.1791032791137697,1.4644234657287598,1.904777705669403,0.6710166280310921,6.378201246261597,0.1255520135164261,1.289794421195984,1.6101544976234434,2.1647358894348145,1.6825167604345168,0.34138082912910483,0.2664697398036021,0.04736089703113639,0.028148841155618116,6878,6878,0.005420805421560949,0.003221843341495751,0.8677530669060362,0.557106241436455,0.5746336996336996,0.7298633323640593,0.7298633323640593,0.30888909961213545,0.048428873233371576,0.06636504869867522,0.74927599831327,0.4232896363181019,0.308889,68779,0.0484,0.0664,0.7493,0.42329,test,0.6218449631364551,0.4562878087790189,68779,0.866049549906948,0.8275067810199948,0.7133770083658103,13.520598878806581,19.13620542377606,0.7065454503329962,68779,0.8261824103287341,0.0,58.917390186988904,2.36497647820142,8.798076309497004,12.746152742895935,22.586460871809816,0.4546471138845486,129.58927569910884,2.238325595855713,10.158860206604006,15.403079509735104,31.661324386596682,1.6825167604345168,6.5930772494253675,0.5045470094724306,0.04736089703113639,0.028148841155618116,6878,6878,0.005420805421560949,0.003221843341495751,0.8677530655495554,0.5571062716783216,0.5746336996336996,0.7298633323640593,0.7298633323640593,1.5502082857269304,0.011962473571704598,0.02636004165122994,0.7151355547871853,3.415978704981229,0.370891,13797,0.0733,0.0972,0.5739,0.491854
0.356805,18447,0.0769,0.0967,0.6494,0.449144,0.8601,0.9187,0.9014,0.9343,0.7827,AAA/ruputer/LI_LAO_PING,83854,0.225165,0.403189,5.047978,0.319492,1.377546,1.582142,1.94115,0.824129,6.125225,0.405841,1.565112,1.75523,2.07761,0.42971,8386,0.3451,0.4375,-6.6804,0.544749,0.4297,0.0604,0.0364,0.1704,0.1028,0.8987,0.3934,0.3845,0.5554,0.5554,1.658423,0.42971,0.301921,0.060445,0.036447,8386,8386,0.170411,0.102755,0.898741,0.393378,0.384514,0.55545,0.55545,0.8601428099937004,0.9187055083061625,83854,0.8801579079886281,0.9013874957492689,0.9343187218013348,1.4121492099103086,1.804277126299519,0.7826675787918207,83854,0.22516516803014763,0.40318887590335584,5.047977924346924,0.31949202716350555,1.3775460243225097,1.5821424365043637,1.9411497294902802,0.8241294100222821,6.125224828720093,0.4058407098054886,1.5651123642921447,1.7552300691604608,2.0776097965240483,1.6584225127813155,0.42971003989338336,0.30192091727901693,0.060445161256234205,0.0364473834565008,8386,8386,0.17041137827427277,0.10275510429997625,0.8987412630344066,0.39337817038918504,0.384513785702493,0.5554495587884569,0.5554495587884569,0.3696602316845602,0.06035047561867263,0.07769877295172,0.8014329756468674,0.47592245324496046,0.36966,83854,0.0604,0.0777,0.8014,0.475922,test,0.6526809746564606,0.743170825338179,83854,0.7837292671982021,0.7986116440608102,0.8375344059482841,13.725561979634962,20.55518512341449,0.6677420756478677,83854,0.7480382569704487,0.0,54.3609134564528,2.879742067597966,11.385672342611349,14.852577644131486,23.67941844475056,0.7423766876692494,73.22551254555583,3.2216302156448364,14.527557945251464,18.597997856140122,28.272770977020272,1.6584225127813155,7.936976365335119,0.47009652644994204,0.060445161256234205,0.0364473834565008,8386,8386,0.17041137827427277,0.10275510429997625,0.898741262395004,0.39337817038918504,0.384513785702493,0.5554495587884569,0.5554495587884569,2.2662257482536328,0.030948581573174302,0.05385296868095642,0.627001065688032,3.943411233762799,0.364732,16803,0.0978,0.1243,0.2121,0.463297
0.250572,2571,0.0716,0.0971,0.4483,0.340002,0.8042,1.0124,0.7826,0.9144,0.5655,AAA/ruputer/MENG_GUANG_QIN,14527,0.122875,0.610243,5.640844,-0.358912,1.124662,1.481596,2.153009,0.895075,6.302088,-0.414971,1.610689,1.893249,2.354504,0.858625,1453,0.643,0.751,-13.1614,1.002789,0.8586,0.0545,0.034,0.2135,0.1331,0.9207,0.3866,0.3479,0.5162,0.5162,1.604065,0.858625,0.511638,0.054527,0.033993,1453,1453,0.213533,0.13312,0.920715,0.386612,0.347866,0.516173,0.516173,0.8041747521489332,1.0123858828160464,14527,0.6982487033469607,0.7825679975169949,0.9144213497281588,1.108381031679742,1.9599591174457127,0.5655123220754844,14527,0.12287464720864597,0.6102429958009224,5.640843629837036,-0.3589118719100952,1.1246616363525388,1.4815960407257074,2.153008737564084,0.8950753141712854,6.302088260650635,-0.414971262216568,1.6106891870498656,1.8932489514350883,2.3545040130615225,1.6040651669092556,0.8586249685752048,0.5116375864029935,0.05452714736608327,0.033993099838423184,1453,1453,0.2135330872215192,0.13311995773398594,0.920714790391946,0.38661168228394094,0.34786641929499074,0.516173434273916,0.516173434273916,0.38803919218941374,0.061573112933418696,0.08734669802005449,0.818423228521362,0.5504666001987815,0.388039,14527,0.0616,0.0873,0.8184,0.550467,test,0.4257892415127346,1.0485492683723674,14527,0.5318140994221737,0.5857679503255478,0.7696954132190034,10.664632611525352,25.917629757176904,0.41148178716351125,14527,0.5378261168857988,0.0,91.55217967224513,1.1927934705398844,8.197268381108291,13.033730395018285,31.183562714177793,1.0481524019670632,87.34624802693725,1.1090058088302612,15.413785362243651,22.250671768188454,40.514159469604444,1.6040651669092556,15.521447181510084,0.6813669293500331,0.05452714736608327,0.033993099838423184,1453,1453,0.2135330872215192,0.13311995773398594,0.920714790391946,0.38661168228394094,0.34786641929499074,0.516173434273916,0.516173434273916,2.8064625381931516,0.032130315858875234,0.07985235737575634,0.3148752724334902,6.974803812878445,0.789627,2912,0.1846,0.2197,-0.9783,0.939791
0.234207,17496,0.055,0.0707,0.6546,0.301342,0.772,0.9948,0.8833,0.8764,0.795,AAA/ruputer/TONG_XUE_LIAN,84820,0.020762,0.723249,4.430924,-0.496334,0.625492,0.8206,1.125264,0.775953,5.710301,-0.638747,0.669712,0.929043,1.283923,0.24395,8482,0.1776,0.224,-0.7967,0.307635,0.2439,0.031,0.0145,0.495,0.231,0.9315,0.5331,0.556,0.7147,0.7147,2.142872,0.24395,0.315249,0.03101,0.014471,8482,8482,0.494967,0.230983,0.931508,0.533062,0.556045,0.71469,0.71469,0.7720246388969207,0.9948178451873398,84820,0.9339722943348445,0.8832748987193572,0.8764263207031632,0.7757880098736092,0.9758478946433936,0.7949886597409807,84820,0.020761612827163406,0.7232492336713039,4.4309241771698,-0.49633361399173737,0.6254921257495881,0.8206001967191697,1.1252640008926382,0.7759528004542992,5.710301160812378,-0.6387465000152588,0.6697116494178775,0.9290428131818778,1.2839231026172637,2.142872212064555,0.24394983066844542,0.3152492789884136,0.031010339198659455,0.014471389858932595,8482,8482,0.4949665272248532,0.23098275503231086,0.9315083052595794,0.5330620249561017,0.5560447624289121,0.714689931619901,0.714689931619901,0.2768907163678412,0.048489687070804026,0.06510283541906181,0.8320134961579106,0.3717567966656458,0.276891,84820,0.0485,0.0651,0.832,0.371757,test,0.751797267143912,0.9863362361852208,84820,0.9441678728557068,0.8685832341119628,0.8137235779064206,5.588329833663372,7.101103144528533,0.7869664360486346,84820,0.49915114359820795,0.0,26.590797232349928,0.997758008768594,4.285619607111149,5.52208395485528,8.203685807463723,0.9838082207079009,27.02843569777906,0.8292184174060822,4.539044094085695,6.357576036453252,10.081661672592162,2.142872212064555,1.9001451649044108,0.3482673256883777,0.031010339198659455,0.014471389858932595,8482,8482,0.4949665272248532,0.23098275503231086,0.9315083042280106,0.5330620249561017,0.5560447624289121,0.714689931619901,0.714689931619901,0.5178187548166242,0.019158295382191638,0.03584225690669977,0.8086262211905157,0.9687601360660121,0.25978,16997,0.0606,0.0788,0.6527,0.337746
0.308793,19714,0.0539,0.0733,0.7856,0.420275,0.7927,0.8368,0.8234,0.8483,0.7487,AAA/ruputer/WANG_KUI_WU,72309,0.279467,0.453014,4.854045,0.14613,1.540002,1.743717,2.101109,0.707315,6.862637,0.176703,1.865152,2.117671,2.476984,0.551999,7231,0.4095,0.4785,-6.5605,0.645027,0.552,0.0503,0.0283,0.0131,0.0073,0.9242,0.3438,0.425,0.5965,0.5965,1.77673,0.551999,0.297812,0.050337,0.028331,7231,7231,0.013055,0.007348,0.924155,0.343824,0.424968,0.59646,0.59646,0.7926882178806147,0.8367703645005572,72309,0.8256708420688295,0.8234127793668817,0.8482529452157244,1.6216191833460418,2.1658905615962865,0.748707811973145,72309,0.2794672862299299,0.4530141476164793,4.854045391082764,0.14612996578216553,1.540001702308655,1.7437172174453732,2.101108589172363,0.7073148937746148,6.862637042999268,0.17670297622680664,1.8651520967483524,2.117670822143554,2.4769835472106934,1.7767300915001636,0.5519988150447257,0.29781162735939654,0.050336968139004915,0.028331240845087178,7231,7231,0.013054752920358572,0.007347628648162269,0.9241553458836156,0.3438242249501723,0.42496797714060497,0.5964596874567833,0.5964596874567833,0.3471396799786357,0.05058400696460565,0.06678081779968642,0.8356940859778673,0.4582925139939129,0.34714,72309,0.0506,0.0668,0.8357,0.458293,test,0.5133420186595362,0.5058796248264228,72309,0.6554423662672705,0.6151731555104655,0.6136393782916079,17.586558376535166,33.416084660680575,0.5262902148805182,72309,0.7259953809346001,0.0,62.437009139472764,2.298975459668995,14.06125225946013,18.321882899060018,29.149259247424798,0.5050244918891944,123.63164587505162,2.392131805419922,21.453071975708017,29.783293914794893,47.50226318359375,1.7767300915001636,16.129932375978157,0.5703091070064854,0.050336968139004915,0.028331240845087178,7231,7231,0.013054752920358572,0.007347628648162269,0.9241553451165281,0.34382398957757976,0.42496797714060497,0.5964596874567833,0.5964596874567833,3.0205368520888682,0.02443174504965804,0.053359784503759035,0.6239541404700855,6.596957981737804,0.459072,14505,0.1028,0.1266,0.1508,0.565465
0.201448,16303,0.0402,0.0597,0.8314,0.299319,0.8454,0.8447,0.8193,0.8455,0.7812,AAA/ruputer/ZHOU_KE_XUN,79783,0.131469,0.716757,5.662306,-0.676296,1.265075,1.636922,2.095827,0.834523,6.785084,-0.790307,1.509464,1.997896,2.478838,0.463668,7979,0.2439,0.2972,-1.9947,0.565009,0.4637,0.0214,0.0124,0.0,0.0,0.9389,0.5468,0.6592,0.7946,0.7946,1.731916,0.463668,0.278208,0.021423,0.012369,7979,7979,0.0,0.0,0.938917,0.546812,0.659181,0.794586,0.794586,0.8453870163933839,0.8447408659994233,79783,0.8380958653792543,0.819322844230418,0.8454878607346948,1.5865753263987714,2.0308880868868235,0.7812224300507148,79783,0.13146910996076858,0.7167567025556822,5.662305593490601,-0.6762956380844116,1.2650751590728762,1.6369216799736017,2.095827054977413,0.8345225183464069,6.785084247589111,-0.7903066873550415,1.5094635486602783,1.9978958129882811,2.4788375473022453,1.7319157734660686,0.46366801777550387,0.27820789293087833,0.0214228691759613,0.012369463633377443,7979,7979,0.0,0.0,0.938917177085484,0.5468124194760268,0.6591807028488251,0.7945857876926933,0.7945857876926933,0.29085531180229435,0.042866868146204905,0.05992169557231996,0.8942493269744269,0.40657375271657836,0.290855,79783,0.0429,0.0599,0.8942,0.406574,test,0.5599636011140379,0.5026177145551394,79783,0.7279545931314136,0.6256350003362761,0.6079769114354328,17.154377249129148,29.26478479846496,0.5861781443897361,79783,0.4281613877643107,0.0,80.22740211980053,0.7897358878722258,9.837782153544563,15.94817228398177,28.94992492467493,0.502371442970595,159.69737779162824,0.6810064911842346,13.514279937744142,25.491176605224606,47.61681632995601,1.7319157734660686,12.673734058605849,0.542180741011392,0.0214228691759613,0.012369463633377443,7979,7979,0.0,0.0,0.938917178828284,0.5468124770217617,0.6591807028488251,0.7945857876926933,0.7945857876926933,1.7428483987071013,0.010913444057805099,0.032391768725248855,0.7157238424550773,5.172880527455115,0.434053,15972,0.0676,0.0868,0.7192,0.557823
0.235538,3043,0.0628,0.0827,0.8214,0.310302,0.8579,1.1309,0.9284,1.0009,0.8574,AAA/unruputer/CHEN_FU_YE,14037,0.246135,0.491131,5.060668,0.031982,1.599548,1.850616,2.319747,0.971442,5.209436,0.027939,1.754952,1.993321,2.317678,0.374536,1404,0.4242,0.5696,-5.3937,0.502938,0.3745,0.0437,0.0279,0.0092,0.0059,0.9426,0.4736,0.5195,0.6838,0.6838,1.564775,0.374536,0.247112,0.043694,0.027923,1404,1404,0.009229,0.005898,0.942623,0.47364,0.519481,0.683761,0.683761,0.8578910167951357,1.130855300742159,14037,0.9114480843649397,0.9284079892722483,1.0008926240697709,1.7449658558494345,2.0352639510930435,0.8573658738033936,14037,0.246135214077082,0.49113058345800387,5.060667514801025,0.03198249638080597,1.599547553062439,1.8506155967712392,2.3197468852996805,0.9714424635762474,5.2094361782073975,0.027939122170209885,1.7549519062042236,1.9933214902877798,2.3176780700683577,1.5647754467560568,0.3745359691374662,0.2471117148429394,0.0436938590534793,0.027923405332094926,1404,1404,0.00922857970969584,0.005897702273401369,0.9426228872952448,0.4736401652232752,0.5194805194805194,0.6837606837606838,0.6837606837606838,0.2770206787849465,0.05317671035952133,0.07358139168400436,0.8764453573445303,0.38331756388150123,0.277021,14037,0.0532,0.0736,0.8764,0.383318,test,0.8019982388531441,1.565946635982706,14037,0.8171717841647247,0.8307654799781284,1.002692073966303,21.854676409127173,27.730994792405696,0.7880956515527604,14037,0.7475956400940372,0.0,91.56790876966441,1.9821056992746575,15.192268810586793,21.05170925930431,38.725296996011906,1.56556229459736,58.48883119225502,1.9717204570770264,18.591279220581054,25.340134811401335,38.62132553100577,1.5647754467560568,9.606057523437002,0.43262499459491266,0.0436938590534793,0.027923405332094926,1404,1404,0.00922857970969584,0.005897702273401369,0.9426228872952448,0.4736401652232752,0.5194805194805194,0.6837606837606838,0.6837606837606838,2.025697242989814,0.034633915598881945,0.07440002212239279,0.7493304268757822,4.351570334616671,0.341459,2815,0.0985,0.1321,0.2581,0.45797
0.205243,14789,0.0525,0.071,0.7152,0.27727,0.755,0.8558,0.8563,0.8703,0.7288,AAA/unruputer/CHEN_LIANG_FU,95249,0.037208,0.707388,4.505874,-0.43631,0.626546,0.906102,1.30578,0.688312,6.546263,-0.509964,0.775822,1.058189,1.500358,0.359566,9525,0.2277,0.2955,-1.9253,0.46671,0.3596,0.02,0.0088,0.4981,0.218,0.9104,0.4697,0.5379,0.6995,0.6995,2.284708,0.359566,0.417425,0.020016,0.008761,9525,9525,0.498101,0.218015,0.910395,0.469702,0.537903,0.699528,0.699528,0.7549736953790211,0.8557670610794709,95249,0.8075902456284764,0.856276762674106,0.8703123508501655,0.8148382659878318,1.1180704400107617,0.7287897406356515,95249,0.03720773971380277,0.7073880040735335,4.505873918533325,-0.4363096356391907,0.6265464782714841,0.9061022520065307,1.3057803344726566,0.6883124403727062,6.546262502670288,-0.5099642276763916,0.7758222460746764,1.0581885337829586,1.500358271598816,2.2847084526999684,0.35956596944275804,0.4174248584456225,0.0200160885592903,0.008760893993120288,9525,9525,0.4981010884913322,0.21801516421173922,0.9103945914558659,0.46970195787991675,0.5379026398643739,0.6995275590551181,0.6995275590551181,0.2970186676899383,0.04537225135239861,0.06145830165542098,0.8089832309472551,0.40232217560468164,0.297019,95249,0.0454,0.0615,0.809,0.402322,test,0.6312147575398804,0.6431765202390646,95249,0.8237044399759578,0.8207021681963672,0.776622149275252,6.203603626293408,8.73286484145117,0.7103744004885496,95249,0.5316066310407458,0.0,26.004867864792026,1.0786825966630385,4.2914942721033045,6.170884066195178,10.372060057248312,0.6414617951110065,40.54001043085009,0.9802439212799072,5.209992885589599,7.51902980804443,13.355349273681641,2.2847084526999684,3.201246899755425,0.5143825326939485,0.0200160885592903,0.008760893993120288,9525,9525,0.4981010884913322,0.21801516421173922,0.9103945921498552,0.46970193570350827,0.5379026398643739,0.6995275590551181,0.6995275590551181,0.7198129905642723,0.01775561927375603,0.03962013650189665,0.6699556084585183,1.6062007470585946,0.365236,19081,0.0858,0.113,0.3968,0.480622
0.189298,3877,0.0525,0.0708,0.7936,0.255353,0.8776,1.1716,1.0083,1.0165,0.8884,AAA/unruputer/CHEN_SHU_LIN,19687,0.145324,0.570376,4.995664,-0.193938,1.165673,1.406771,1.768537,0.829749,6.020691,-0.390406,1.101356,1.395151,1.739837,0.291227,1969,0.2215,0.3228,-2.2666,0.424356,0.2912,0.0431,0.0233,0.226,0.1221,0.9096,0.5034,0.486,0.6541,0.6541,1.850845,0.291227,0.296278,0.04306,0.023265,1969,1969,0.226041,0.122128,0.909642,0.503441,0.486038,0.654139,0.654139,0.8776256037406801,1.1716287861743506,19687,1.0583974282846513,1.00832871771288,1.0164958722134663,1.2724883489333445,1.4322913176762748,0.8884284455468235,19687,0.14532432569716056,0.570376390511505,4.995664119720459,-0.193937748670578,1.1656725406646729,1.406770741939545,1.7685373473167403,0.8297493074774692,6.02069091796875,-0.3904056251049042,1.101356172561646,1.395150923728943,1.7398372149467458,1.8508449591983118,0.2912266676845346,0.29627796614226315,0.043059997729955016,0.023265048493638456,1969,1969,0.22604053295740445,0.12212829164000492,0.9096424387546685,0.5034408769252621,0.48603773584905663,0.6541391569324531,0.6541391569324531,0.2926628992989688,0.04860952061590083,0.06980143558322494,0.7984998066219923,0.4202528692771031,0.292663,19687,0.0486,0.0698,0.7985,0.420253,test,0.8865008536589369,1.713881756635568,19687,1.0871522881550997,1.0152113298151053,1.0379923985959105,11.567819866772345,12.869347417820766,0.8988660800899556,19687,0.611621882460507,0.0,75.11001939749258,1.4779225041057045,8.645885004973891,11.826294447239793,18.92235295982394,1.7119664744065664,43.873534044250846,1.1449722051620483,7.9527818679809625,11.649096202850345,18.229760627746558,1.8508449591983118,4.1811392679065555,0.4667699037133632,0.043059997729955016,0.023265048493638456,1969,1969,0.22604053295740445,0.12212829164000492,0.9096424371929891,0.5034406867169114,0.48603773584905663,0.6541391569324531,0.6541391569324531,1.1961453013187404,0.027263481900325338,0.05792143476013398,0.602942507063102,2.5412180398405924,0.361646,3942,0.0959,0.1254,0.5285,0.473219
0.176781,2858,0.0507,0.0715,0.7874,0.249207,0.8901,0.9422,0.9365,0.9341,0.8739,AAA/unruputer/LIU_XING_GUO,12611,0.127111,0.50789,3.600446,-0.059027,1.0437,1.133297,1.318261,0.750542,4.79713,-0.132818,1.098125,1.210093,1.411313,0.175935,1262,0.3113,0.3942,-2.8038,0.2228,0.1759,0.0153,0.0103,0.3127,0.2106,0.9549,0.4839,0.4212,0.5927,0.5927,1.48472,0.175935,0.179558,0.015267,0.010283,1262,1262,0.312711,0.210619,0.954905,0.483948,0.421171,0.59271,0.59271,0.8901470372609777,0.9421930169593372,12611,0.950438668576983,0.9365372744630627,0.9340669355097493,1.0843930652987939,1.240819463922558,0.8739329909209684,12611,0.12711125208151614,0.5078899373562763,3.6004464626312256,-0.05902726948261261,1.0437002182006836,1.1332974433898926,1.3182607173919678,0.750541720303591,4.797130346298218,-0.13281814754009247,1.0981247425079346,1.2100932598114014,1.4113129019737243,1.4847199349626963,0.17593535251927261,0.17955840514063476,0.01526731357355414,0.010282958566147178,1262,1262,0.3127107843260953,0.21061937471321968,0.954904795091476,0.48394802789183566,0.42117117117117114,0.5927099841521395,0.5927099841521395,0.1838799914190088,0.0383312476720385,0.05341610432616701,0.9270828862649958,0.2562440150440873,0.18388,12611,0.0383,0.0534,0.9271,0.256244,test,0.8481182385995142,0.882568975891044,12611,0.9317321382537067,0.9050406371337042,0.8861259249237501,7.984944609662908,9.64334688813864,0.8280262757616266,12611,0.6713979858853382,0.0,14.429892811774403,1.7610621927034693,7.37881789741773,8.289758234878244,10.541612683894709,0.876082592078446,16.470927447080612,1.6000674962997437,7.91946268081665,9.159542560577393,11.896291923522947,1.4847199349626963,1.9101851875341125,0.24753367863104053,0.01526731357355414,0.010282958566147178,1262,1262,0.3127107843260953,0.21061937471321968,0.9549047724810072,0.48394616512692673,0.42117117117117114,0.5927099841521395,0.5927099841521395,0.7119480182056265,0.04322452518190259,0.07146927745768883,0.8592262745740806,1.1771652837008666,0.174995,2535,0.0668,0.0858,0.4747,0.224934
0.247472,12736,0.0691,0.0947,0.5637,0.338913,0.8646,0.8255,0.9042,0.9406,0.8296,AAA/unruputer/YAN_FU_TANG,70302,0.234346,0.527496,5.140967,-0.068693,1.620416,1.883004,2.318258,0.721039,7.12994,-0.045726,1.825358,2.082396,2.464659,0.425832,7031,0.2349,0.2963,-3.8778,0.537059,0.4258,0.0613,0.0329,0.635,0.3404,0.9344,0.3462,0.4996,0.6663,0.6663,1.865382,0.425832,0.251838,0.061326,0.032876,7031,7031,0.635037,0.340433,0.934366,0.346203,0.499627,0.666335,0.666335,0.8645720422782093,0.8254581329060581,70302,0.8877247203355423,0.9042489755974289,0.9406000917379789,1.7692143516399124,2.132556641039104,0.8296212712914623,70302,0.2343461067963927,0.5274956615743507,5.140967130661011,-0.06869286298751831,1.620415735244751,1.8830041646957396,2.318258404731751,0.7210393224762462,7.129940032958984,-0.04572576656937599,1.8253583550453187,2.0823956847190854,2.464658918380739,1.865381777297621,0.42583208982457205,0.25183832762006375,0.06132567545078423,0.03287566984793148,7031,7031,0.6350371970429592,0.34043282976792977,0.9343662768251556,0.3462027034404956,0.4996267462941239,0.6663348030152183,0.6663348030152183,0.27652412367378726,0.038783513240717604,0.053600519320117425,0.8731702631464435,0.3821684884878967,0.276524,70302,0.0388,0.0536,0.8732,0.382168,test,0.6176404338845648,0.43825500784098187,70302,0.7662342039226465,0.7717803391748675,0.82678735393145,21.61003077048304,32.160961435963905,0.6719336053902195,70302,0.6892407043896333,0.0,93.95287900776043,1.739085354919853,15.609804700046508,21.956469309250192,38.650391734843126,0.43774578276312176,214.62886156141758,1.7917608618736267,20.372106361389164,28.4491171836853,46.74768131256115,1.865381777297621,13.448301813995709,0.5625827613621012,0.06132567545078423,0.03287566984793148,7031,7031,0.6350371970429592,0.34043282976792977,0.9343662762034296,0.34620261288219767,0.4996267462941239,0.6663348030152183,0.6663348030152183,2.548372937626623,0.0118733935365789,0.030379913059185755,0.6163567406243664,6.5204061542278815,0.376508,14122,0.0739,0.0964,0.224,0.490875
0.259583,3096,0.0659,0.0847,0.8554,0.333652,0.8766,0.9193,0.8935,0.9372,0.8413,AAA/unruputer/ZHU_ZI_HAI,14749,0.069767,0.514882,4.203634,-0.043922,0.953854,1.039449,1.302205,0.856029,4.910621,-0.076174,1.054467,1.163344,1.389491,0.210793,1475,0.2295,0.2627,-1.778,0.241326,0.2108,0.0206,0.012,0.0053,0.0031,0.9538,0.5567,0.4041,0.5756,0.5756,1.711409,0.210793,0.199958,0.020611,0.012043,1475,1475,0.005306,0.0031,0.953788,0.556707,0.404093,0.575593,0.575593,0.8766214892865141,0.9192801699977877,14749,0.9045842305587197,0.8935007988757354,0.9371811462851295,1.0153435476957742,1.2068828248169463,0.8412942224526032,14749,0.06976744186046512,0.5148823649060953,4.203633785247803,-0.04392198845744133,0.953854250907898,1.0394490718841554,1.3022045850753785,0.8560289721084078,4.910620927810669,-0.0761735737323761,1.054467034339905,1.1633443117141722,1.3894908046722418,1.7114088797928182,0.21079344480724657,0.19995834213755168,0.020610645887801197,0.01204308691579087,1475,1475,0.0053059826390949765,0.003100359418339184,0.9537880033424834,0.5567071179485338,0.4040932889100428,0.5755932203389831,0.5755932203389831,0.21996729011114505,0.04479419066240455,0.06024655147122798,0.9175293094115492,0.2958479764830348,0.219967,14749,0.0448,0.0602,0.9175,0.295848,test,0.79674546940109,0.8130683395649906,14749,0.8774642186095329,0.8513190334494073,0.8927887130966258,7.369607054858636,9.306116433547714,0.7919100419044688,14749,0.6425520374262662,0.0,19.987251780365003,1.7959648177194838,6.565856206840474,7.338175444197253,10.323986162214847,0.8109897410094361,24.64550507813692,1.7222647666931152,7.482762336730959,8.61977138519287,11.563750762939463,1.7114088797928182,2.1795878961342816,0.26647920747499265,0.020610645887801197,0.01204308691579087,1475,1475,0.0053059826390949765,0.003100359418339184,0.9537880033424834,0.5567071179485338,0.4040932889100428,0.5755932203389831,0.5755932203389831,0.7170891936072065,0.029096145172668335,0.04768031514328856,0.8553295010554456,1.175105448991087,0.203236,2950,0.0545,0.0813,0.0606,0.303259
0.162353,3643,0.047,0.0621,0.8962,0.214642,0.8582,0.6522,1.0079,1.0107,0.8439,AG/fast/LIU_JUN_FENG,14100,0.03078,0.539929,3.930234,-0.079207,0.740538,0.912122,1.148822,0.667161,5.890984,-0.093884,0.791357,0.904964,1.136646,0.239662,1410,0.1096,0.1562,-2.851,0.341632,0.2397,0.0593,0.0374,0.1203,0.0758,0.9337,0.4151,0.4514,0.622,0.622,1.58689,0.239662,0.358731,0.059316,0.037379,1410,1410,0.120346,0.075838,0.933702,0.415065,0.451364,0.621986,0.621986,0.858156767432819,0.6522131270546664,14100,0.9357829071032232,1.0079088266761842,1.0107121800237993,0.8036576999998685,0.952333324893992,0.8438827866170984,14100,0.030780141843971633,0.5399290780141844,3.930233955383301,-0.07920654118061066,0.7405381798744202,0.9121215999126433,1.1488218808174133,0.6671609080183334,5.890983581542969,-0.09388440474867821,0.7913568139076234,0.904964393377304,1.1366459250450134,1.5868902466609927,0.23966218734569583,0.3587312157214241,0.0593162566442057,0.037378928233388675,1410,1410,0.12034648004863698,0.07583793542235223,0.9337023301841713,0.4150647641557043,0.45136387030365416,0.6219858156028368,0.6219858156028368,0.18228626841352313,0.030943265397079693,0.0446770478739443,0.8639294533846447,0.2631917554972151,0.182286,14100,0.0309,0.0447,0.8639,0.263192,test,0.6202795285053342,0.26027100897497063,14100,0.936107362929066,1.0093422421447567,1.0159450830487464,5.837465790845326,6.821587922725271,0.8557341570572645,14100,0.7156028368794326,0.0,23.588913976148383,1.7154915013865661,4.976547504621516,6.219332760106846,8.45865867995971,0.25881688545572584,91.1413253992796,1.6830872297286987,5.316214466094971,6.1617680311203,8.325901489257813,1.5868902466609927,1.878914534402557,0.6420987201983477,0.0593162566442057,0.037378928233388675,1410,1410,0.12034648004863698,0.07583793542235223,0.9337023301841713,0.41506021367380647,0.45136387030365416,0.6219858156028368,0.6219858156028368,0.5817084897965281,0.0063824888133690244,0.016945827084456067,0.5607423478840713,1.544465140464336,0.296105,2826,0.0605,0.0837,0.4454,0.409369
0.180759,1923,0.0476,0.0674,0.8309,0.255731,0.8273,0.8927,0.9506,0.9273,0.8343,AG/fast/LIU_LI_QUN,10887,0.135666,0.287591,3.508585,0.326826,1.065659,1.172335,1.362431,0.77317,4.537919,0.318745,1.080319,1.233256,1.469213,0.240358,1089,0.1988,0.2582,-2.3353,0.312244,0.2404,0.1736,0.0832,0.0,0.0,0.9015,0.3712,0.3453,0.5133,0.5133,2.085724,0.240358,0.244463,0.173623,0.083243,1089,1089,0.0,0.0,0.901517,0.371246,0.345275,0.513315,0.513315,0.827347325076271,0.8926901248581158,10887,0.9864303953283045,0.9506015824192224,0.9273198387799462,1.0656376327392265,1.277264534606093,0.8343123948617802,10887,0.13566639110866172,0.287590704509966,3.508584976196289,0.3268263339996338,1.0656593799591063,1.1723348617553708,1.362430744171142,0.7731704646544718,4.537919044494629,0.31874459981918335,1.0803188800811767,1.2332557439804075,1.4692134118080138,2.085724394118729,0.24035778779902514,0.24446291384813168,0.1736228507896372,0.08324342913148754,1089,1089,0.0,0.0,0.9015166651963658,0.3712464914315108,0.3452748610253243,0.5133149678604224,0.5133149678604224,0.19839203033467614,0.04371872402073015,0.061224116798458655,0.7890513818097605,0.27783008560208905,0.198392,10887,0.0437,0.0612,0.7891,0.27783,test,0.7652161908480314,0.7267275122939906,10887,0.9811342369447758,0.9239011236538381,0.8704585708836345,8.007648806351659,10.291948945069116,0.778049798836996,10887,0.9302838247451088,0.0,26.774999746387817,2.9073141426134264,7.592367524084633,8.721047688840647,11.164259948266352,0.7210964316186943,37.13095582276583,2.8769469261169434,7.7383575439453125,9.439373397827145,12.825722351074218,2.085724394118729,2.6649602386172315,0.33344130078485573,0.1736228507896372,0.08324342913148754,1089,1089,0.0,0.0,0.9015166651963658,0.3712464914315108,0.3452748610253243,0.5133149678604224,0.5133149678604224,0.9478031528053414,0.025525956221795452,0.04134917726257991,0.7273922951213775,1.5353344742445678,0.232915,2184,0.0607,0.0837,0.3902,0.321017
0.132088,3194,0.0548,0.0682,0.8541,0.164238,0.8882,0.9579,0.9041,0.9276,0.8599,AG/fast/LIU_YI_BING,12569,0.273451,0.386109,3.521643,0.212107,1.31947,1.422038,1.660128,0.816759,4.311731,0.236274,1.447457,1.572837,1.789696,0.233627,1257,0.3151,0.3753,-3.9178,0.27823,0.2336,0.0418,0.0233,0.0059,0.0033,0.9562,0.5456,0.4399,0.611,0.611,1.795044,0.233627,0.173464,0.041812,0.023293,1257,1257,0.005858,0.003264,0.95619,0.54561,0.439863,0.610979,0.610979,0.8882182638292789,0.957867761976612,12569,0.9115778386079316,0.9041228105811221,0.9276034222589642,1.379170310004135,1.60396424018872,0.8598510337374254,12569,0.2734505529477285,0.3861086800859257,3.5216434001922607,0.2121071219444275,1.3194698572158814,1.4220376968383779,1.660127716064453,0.8167585416897986,4.311731338500977,0.23627397418022156,1.4474571466445922,1.5728368759155271,1.7896955490112303,1.7950441456387194,0.23362670958563744,0.17346394212532185,0.04181169193061784,0.02329284883171508,1257,1257,0.005858356538166276,0.0032636281132137467,0.9561901526971383,0.5456099070927594,0.43986254295532645,0.6109785202863962,0.6109785202863962,0.1464960890805986,0.0339761635360912,0.04704693922532547,0.9267436883313056,0.2028537622383867,0.146496,12569,0.034,0.047,0.9267,0.202854,test,0.7794993088456111,0.8870858141356398,12569,0.8468049355257353,0.8220758553845904,0.8450678083991428,11.83812219114906,15.495645739298162,0.7639644317065575,12569,0.918847959264858,0.0,28.67962085451508,2.504735304505017,10.558186045409759,12.063215248800397,16.436331675146533,0.8811993858879921,32.5461198836565,2.584627389907837,12.46826229095459,14.674090194702146,19.44971931457519,1.7950441456387194,3.845965962431654,0.28679600441037073,0.04181169193061784,0.02329284883171508,1257,1257,0.005858356538166276,0.0032636281132137467,0.9561901526971383,0.5456099070927594,0.43986254295532645,0.6109785202863962,0.6109785202863962,1.011963017589421,0.031093200086735766,0.05619654682769205,0.8582930796752131,1.8289795501015818,0.216647,2520,0.0768,0.0984,0.0759,0.277354
0.19792,1720,0.0536,0.0663,0.8008,0.244848,0.7475,1.0158,1.0451,0.9674,0.8264,AG/fast/LI_ZHEN_SHAN,13501,0.094141,0.351381,3.783271,0.397497,0.9857,1.163143,1.481298,0.851673,4.442167,0.224855,0.964841,1.112957,1.5312,0.28617,1351,0.2826,0.3709,-1.8497,0.375563,0.2862,0.0315,0.0149,0.0946,0.0448,0.8555,0.357,0.3206,0.4856,0.4856,2.113159,0.28617,0.315713,0.031513,0.014913,1351,1351,0.094638,0.044785,0.855519,0.357046,0.320626,0.485566,0.485566,0.7474685677111221,1.0157871789789155,13501,1.0216196678096172,1.0450925364686992,0.9674099003342795,0.9831174734916447,1.1895697712457065,0.826447928701259,13501,0.09414117472779794,0.3513813791570995,3.783271312713623,0.39749717712402344,0.9857004284858704,1.1631426811218262,1.4812980890274048,0.8516725466684721,4.442166566848755,0.22485502064228058,0.9648408889770508,1.1129566431045532,1.5312000513076782,2.1131591722961454,0.2861702963434088,0.3157130322633159,0.031512968486294014,0.014912728250400666,1351,1351,0.09463821390019285,0.04478518000012255,0.8555194990710183,0.35704555663104887,0.3206256109481916,0.4855662472242783,0.4855662472242783,0.2811074394031458,0.06328160711059551,0.09213705485841946,0.709131786557474,0.40928814465998054,0.281107,13501,0.0633,0.0921,0.7091,0.409288,test,0.7653209859030607,1.0413919352692014,13501,1.027471944645957,1.0673758770678101,0.9372229826967364,7.580630658475203,9.35195952287698,0.8105927575853262,13501,0.8354936671357677,0.0,25.658193943502344,3.1868958037647914,6.843220211383462,8.617513769646669,13.028685288058728,1.0369857913268026,24.743052564561367,2.546565294265747,6.660250186920166,8.073551177978516,13.901371955871582,2.1131591722961454,2.7951366758262526,0.3889637507899806,0.031512968486294014,0.014912728250400666,1351,1351,0.09463821390019285,0.04478518000012255,0.8555195083358395,0.3570467635194618,0.3206256109481916,0.4855662472242783,0.4855662472242783,1.1020952424707453,0.04454160373280857,0.07234579448401494,0.6200475259698435,1.7900557957429357,0.273387,2703,0.087,0.1217,0.021,0.382305
0.34014,5573,0.0605,0.0777,0.7218,0.436934,0.7457,0.7228,0.8051,0.8041,0.7351,AG/fast/LI_ZHI_LIN,14047,0.240763,0.362782,4.256981,0.322401,1.297813,1.474611,1.855166,0.745397,5.711022,0.317143,1.620644,1.831634,2.307257,0.51175,1405,0.251,0.2839,-3.2252,0.578749,0.5117,0.0039,0.0028,0.0,0.0,0.9016,0.5266,0.4403,0.6114,0.6114,1.395124,0.51175,0.302257,0.003858,0.002765,1405,1405,0.0,0.0,0.901596,0.526611,0.440287,0.611388,0.611388,0.7456960534500745,0.7228251847825152,14047,0.8008006885734015,0.8050794083031212,0.8040570548658689,1.4075814733301617,1.9147605666062162,0.7351214025809006,14047,0.240763152274507,0.362782088702214,4.256981372833252,0.32240116596221924,1.2978129625320434,1.474610900878906,1.8551660680770865,0.7453974248055546,5.71102237701416,0.3171432614326477,1.620644164085388,1.8316341042518614,2.3072567510604847,1.3951238762876061,0.5117498983267788,0.3022567839524127,0.0038579878109950903,0.0027653370977071302,1405,1405,0.0,0.0,0.901595972107167,0.5266114213108032,0.44028703229113275,0.6113879003558719,0.6113879003558719,0.27617823239029476,0.048358807610676256,0.06886720524828573,0.7952812763793102,0.3933021502153868,0.276178,14047,0.0484,0.0689,0.7953,0.393302,test,0.4537298028334337,0.26770620685218355,14047,0.6574202504626903,0.6288547100580979,0.5557872415141536,13.13712017263202,24.897071512568463,0.5276572453912975,14047,0.8941410977432904,0.0,58.87443639396038,2.8906470504111157,10.265248029017393,12.915980042404973,21.17653858936234,0.26680520162666765,220.66449992358685,2.8709676265716553,15.614438438415524,20.53889369964599,38.1018796539306,1.3951238762876061,11.90043991445532,0.6244988423389211,0.0038579878109950903,0.0027653370977071302,1405,1405,0.0,0.0,0.901595972107167,0.5266114213108032,0.44028703229113275,0.6113879003558719,0.6113879003558719,2.511397249314379,0.011381066053597394,0.02485717526668926,0.5813237330068153,5.485096149736937,0.465552,2814,0.095,0.1174,0.2973,0.575436
0.253135,5170,0.0633,0.0871,0.8352,0.348309,0.8413,0.7997,0.9367,0.9265,0.8844,AG/fast/WANG_YONG_FAN,16017,0.169383,0.345383,3.894708,0.320706,1.19798,1.42097,1.690691,0.715483,5.443467,0.323056,1.288906,1.516974,1.824744,0.225777,1602,0.1606,0.2212,-1.3714,0.310864,0.2258,0.0414,0.0255,0.3378,0.2076,0.9103,0.5259,0.594,0.7453,0.7453,1.626887,0.225777,0.200039,0.04143,0.025466,1602,1602,0.337817,0.207646,0.910279,0.525862,0.59403,0.745318,0.745318,0.8413251012380432,0.7996878905957268,16017,0.92945526576379,0.9367136422244742,0.9265359126023044,1.3744306866819045,1.5540182347898923,0.8844366532595619,16017,0.16938253106074797,0.3453830305300618,3.894707679748535,0.3207063674926758,1.1979800939559935,1.420970058441162,1.690690803527832,0.7154828731128586,5.443467378616333,0.3230563700199127,1.2889055967330931,1.5169738054275508,1.8247439527511597,1.6268874315138544,0.22577705718902463,0.20003889607413075,0.041430319934455825,0.02546600282965122,1602,1602,0.337816787160584,0.20764607348784916,0.9102786150382927,0.5258618840665056,0.5940298507462687,0.7453183520599251,0.7453183520599251,0.25373924154796496,0.04661353212930663,0.06329382467533096,0.836711303917108,0.34453786988802554,0.253739,16017,0.0466,0.0633,0.8367,0.344538,test,0.7331332546113537,0.49593877952679616,16017,0.8885777388787983,0.8827344180969049,0.8401574539509453,12.035434590545142,14.888535418611639,0.8083692755635363,16017,0.7962165199475557,0.0,31.062161087836184,2.8842890429382395,9.01651977452366,12.046492516682086,17.10212384463607,0.493210526289995,62.97951773554087,2.89310884475708,10.147136688232418,13.646791458129874,20.355855636596683,1.6268874315138544,3.7266577187822953,0.37985683524415,0.041430319934455825,0.02546600282965122,1602,1602,0.337816787160584,0.20764607348784916,0.9102786150382927,0.5258618840665056,0.5940298507462687,0.7453183520599251,0.7453183520599251,1.1926814378194006,0.018937608300330658,0.03533249333844399,0.7562762175300441,2.2252233908494126,0.270464,3218,0.0646,0.0866,0.622,0.362269
0.210624,2334,0.0524,0.0677,0.8725,0.271923,0.8596,0.9867,0.9622,0.9715,0.864,AG/fast/ZHANG_HAO,12521,0.175146,0.389186,4.785102,0.220142,1.244856,1.465429,1.763973,0.908898,5.264729,0.351748,1.348369,1.523024,1.815724,0.277638,1253,0.2481,0.3266,-2.3268,0.365405,0.2776,0.0441,0.021,0.0395,0.0188,0.8969,0.5351,0.5006,0.6672,0.6672,2.101224,0.277638,0.231832,0.044116,0.020995,1253,1253,0.039503,0.0188,0.896887,0.535116,0.500599,0.667199,0.667199,0.8596047233204115,0.9867300284623655,12521,0.9232306068284334,0.9621837735450315,0.971498542687807,1.3618831328887133,1.576165122217116,0.8640485147730065,12521,0.17514575513137928,0.3891861672390384,4.785102128982544,0.2201421558856964,1.2448556423187256,1.4654288291931152,1.763973188400267,0.908898126531205,5.264728784561157,0.3517477214336395,1.3483691215515137,1.5230238437652588,1.8157239675521812,2.101224414991588,0.27763780509103136,0.23183174068443616,0.04411609064945697,0.020995420734074035,1253,1253,0.03950262598517708,0.018799812958262826,0.8968865726070043,0.5351158015662817,0.5005988023952096,0.6671987230646449,0.6671987230646449,0.2900527522398977,0.05509357919642106,0.0738019889580653,0.8104467306431842,0.3885474556253911,0.290053,12521,0.0551,0.0738,0.8104,0.388547,test,0.7679277711524184,0.9583549209306345,12521,0.8741636148799595,0.927902073423824,0.9349716942990243,12.317896211032606,15.331696383209106,0.8034268291748107,12521,0.802971008705375,0.0,44.862323413257904,2.531020086765305,9.582710671388485,12.762812616542734,18.810476041214265,0.9574671827268927,46.85520738735795,3.0029895305633545,10.96214771270752,13.75448226928711,20.118765258788965,2.101224414991588,4.355313154417681,0.3486806925240043,0.04411609064945697,0.020995420734074035,1253,1253,0.03950262598517708,0.018799812958262826,0.8968865740374787,0.5351158015662817,0.5005988023952096,0.6671987230646449,0.6671987230646449,1.459077954361495,0.03114014504938826,0.05206319468275245,0.7345962047675503,2.439431784108758,0.359141,2510,0.0932,0.1212,0.2475,0.467391
0.219286,4354,0.0403,0.0546,0.8937,0.297238,0.9009,0.9843,0.976,0.9904,0.9461,AG/fast/ZHANG_QING_WANG,13843,0.274218,0.380192,4.370822,0.426422,1.421863,1.613973,1.877499,0.802453,5.446827,0.385744,1.495173,1.653642,1.895709,0.158813,1385,0.1533,0.1986,-0.7196,0.205704,0.1588,0.0174,0.0109,0.0091,0.0056,0.9558,0.6117,0.6577,0.7935,0.7935,1.605337,0.158813,0.121618,0.017436,0.010861,1385,1385,0.00907,0.00565,0.95585,0.611678,0.65769,0.793502,0.793502,0.9009264050191005,0.9843426069914477,13843,0.9509692111177616,0.9760111466822032,0.9903938470696579,1.60016787534156,1.6913993421444393,0.9460615452958545,13843,0.2742180163259409,0.3801921548797226,4.370821714401245,0.4264218211174011,1.421863126754761,1.6139726161956787,1.8774985408782958,0.8024527996556369,5.446827173233032,0.38574427366256714,1.4951726198196411,1.6536415815353394,1.895709011554718,1.6053371888116175,0.15881335571784835,0.12161759415730455,0.01743586568735811,0.010861185929583649,1385,1385,0.009069795070571745,0.005649775719259229,0.9558497085996287,0.6116778010634565,0.6576900059844405,0.7935018050541516,0.7935018050541516,0.19062430217543963,0.03499731056498571,0.05055835810241126,0.9056660304620969,0.27538263874626007,0.190624,13843,0.035,0.0506,0.9057,0.275383,test,0.8770377539069876,0.9498141069236161,13843,0.909149346366793,0.9497664883305783,0.9766176202607711,15.963003708339425,17.512145718598624,0.911538994983696,13843,0.8175973416167016,0.0,48.23924647818821,3.308937356615017,12.06047816973549,15.479679134695171,21.799974107069115,0.9473677658784165,50.919239830225706,3.1386024951934814,13.265673255920412,16.298405265808107,22.32191356658935,1.6053371888116175,3.268587641354292,0.23886019235990932,0.01743586568735811,0.010861185929583649,1385,1385,0.009069795070571745,0.005649775719259229,0.9558497085996287,0.6116778010634565,0.6576900059844405,0.7935018050541516,0.7935018050541516,1.1284081982272134,0.02216074320805923,0.038089723908745814,0.8738369144620279,1.93949978677651,0.178133,2780,0.0531,0.0691,0.726,0.231858
0.272793,2952,0.0631,0.0908,0.7431,0.392424,0.8089,0.9521,0.99,0.9681,0.9225,AG/slow/CHENG_GUANG_SEN,10923,0.05081,0.335714,3.611061,0.259822,0.83493,1.00578,1.431496,0.787964,4.582773,0.232471,0.830088,1.015965,1.478696,0.153727,1093,0.1311,0.1746,0.2609,0.204794,0.1537,0.0119,0.0072,0.0133,0.008,0.878,0.7418,0.5783,0.7328,0.7328,1.652701,0.153727,0.187588,0.01191,0.007207,1093,1093,0.013299,0.008047,0.877981,0.741808,0.578339,0.732845,0.732845,0.8089244225609937,0.9520660157439521,10923,1.005833716043285,0.9899751186700935,0.9680798906660837,1.0070724687168386,1.0917223515253163,0.9224620777524544,10923,0.05081021697335897,0.33571363178613933,3.6110609769821167,0.2598218321800232,0.8349301934242249,1.0057803869247435,1.431496024131775,0.7879641048625383,4.582773447036743,0.2324707955121994,0.8300876975059509,1.0159653186798092,1.4786961674690293,1.6527005541918505,0.15372677132391865,0.18758834542113123,0.01191022884619941,0.007206525595934927,1093,1093,0.013298569829139992,0.008046569474070772,0.8779808808726468,0.7418083554758522,0.5783393501805054,0.7328453796889296,0.7328453796889296,0.19515563571634087,0.04258461343807646,0.06368593282883615,0.7586273591238261,0.29185820191775597,0.195156,10923,0.0426,0.0637,0.7586,0.291858,test,0.839573582596768,0.8827385603937554,10923,1.0063113327317823,0.9868546132306933,0.9405114283145735,7.558045915539243,8.286879121984567,0.9120497360083635,10923,0.8994781653391926,0.0,22.436959907450287,2.664923724684107,5.6258568953009505,7.024098804243572,12.21236767930428,0.8769178761640213,25.58615865558386,2.571887731552124,5.590572929382324,7.117663240432736,12.984815826416096,1.6527005541918505,1.5019233441030733,0.2549362662514693,0.01191022884619941,0.007206525595934927,1093,1093,0.013298569829139992,0.008046569474070772,0.8779808808726468,0.7418083554758522,0.5783393501805054,0.7328453796889296,0.7328453796889296,0.6657104456971701,0.026018381839115468,0.04038058943727531,0.8110214662020498,1.0331841679481197,0.243255,2185,0.066,0.0934,0.6417,0.344379
0.176495,2660,0.0458,0.0672,0.8563,0.258684,0.9349,1.1262,1.0,1.0353,0.9644,AG/slow/GONG_HUI_XIA,12801,0.050152,0.395047,3.959533,0.160669,0.854715,1.000614,1.260732,0.928444,4.264696,0.153193,0.863911,1.000606,1.217711,0.122207,1281,0.1568,0.1968,-0.1934,0.15334,0.1222,0.0372,0.019,0.0071,0.0036,0.9433,0.6118,0.6134,0.7603,0.7603,1.955248,0.122207,0.148858,0.037169,0.01901,1281,1281,0.007118,0.003641,0.943287,0.611791,0.61335,0.760343,0.760343,0.9349011086265171,1.1261921121042104,12801,0.989355335599739,1.000007624771644,1.0353294662376071,0.993414388979719,1.0301125522333603,0.9643746082172506,12801,0.05015233184907429,0.3950472619326615,3.959533452987671,0.16066913306713104,0.8547149896621704,1.0006139278411865,1.2607321739196777,0.9284444000433153,4.264696359634399,0.15319287776947021,0.8639110326766968,1.0006062984466553,1.217711091041565,1.9552476486131163,0.12220670979624144,0.14885771281142515,0.03716938164959613,0.019010063342083994,1281,1281,0.007118131813637911,0.003640526978097582,0.943287115433155,0.6117911671970393,0.6133501259445844,0.760343481654957,0.760343481654957,0.1655300451859263,0.03881402829816393,0.0581126737728085,0.8387394457376566,0.24783290828751786,0.16553,12801,0.0388,0.0581,0.8387,0.247833,test,0.9489849699737788,1.3091549448100157,12801,0.9881233283661894,1.0000099439216399,1.0574859116343118,7.169767702983494,7.381472335952413,0.9713194572392035,12801,0.8621201468635263,0.0,20.922747892510614,2.342815220140775,5.772344153328387,6.97710776260685,9.782428443687719,1.306645908607319,16.012561440467834,2.3201687335968018,5.841724395751953,6.977038383483887,9.250646591186523,1.9552476486131163,1.1392690684881777,0.19847921324603413,0.03716938164959613,0.019010063342083994,1281,1281,0.007118131813637911,0.003640526978097582,0.943287115433155,0.6117911671970393,0.6133501259445844,0.760343481654957,0.760343481654957,0.4952127517428147,0.03092651688388127,0.04633912809038605,0.8728727031967931,0.7420081356450156,0.130881,2565,0.046,0.0581,0.6322,0.165222
0.222036,2603,0.0523,0.0729,0.8852,0.309315,0.8216,0.8916,0.9282,0.9166,0.8655,AG/slow/LIU_JIN_LIANG,13759,0.241006,0.271459,4.132032,0.53936,1.272088,1.421323,1.625763,0.869695,4.751126,0.57678,1.388374,1.531306,1.77361,0.22925,1376,0.2391,0.3018,-2.5597,0.28935,0.2293,0.0156,0.0079,0.1143,0.0575,0.9311,0.4549,0.4973,0.6642,0.6642,1.985712,0.22925,0.184682,0.015636,0.007874,1376,1376,0.114262,0.057542,0.931112,0.454867,0.49728,0.664244,0.664244,0.8216149782975665,0.8916072619277962,13759,0.9162433271499711,0.9281769926090272,0.9166405604365533,1.3560859599085742,1.5667491458183112,0.8655412154064346,13759,0.24100588705574533,0.27145868159023184,4.13203239440918,0.5393604040145874,1.2720881462097169,1.421322548389434,1.6257631468772888,0.8696954710950832,4.7511255741119385,0.5767804384231567,1.388373708724976,1.5313055157661433,1.7736103081703187,1.9857120827964767,0.2292500202392423,0.18468194786054773,0.01563605552409503,0.007874281301685382,1376,1376,0.1142624362563878,0.05754229792240177,0.9311123800473413,0.45486717609289423,0.4972796517954298,0.6642441860465116,0.6642441860465116,0.2073661709605658,0.043645693578479215,0.062362173725033915,0.8569477446995835,0.2962905184422202,0.207366,13759,0.0436,0.0624,0.8569,0.296291,test,0.7287806038823303,0.7185114840623104,13759,0.8597775498821134,0.8668466967208032,0.8252344466078495,11.509025497165254,14.879844747310461,0.7734640846468184,13759,0.904353514063522,0.0,28.706898018632504,3.831898053497069,9.9278285149046,12.0520109120069,15.718632470754523,0.716656787988799,40.05668891966343,4.022797107696533,11.546973419189456,13.903278350830067,19.04747497558594,1.9857120827964767,3.7211933851448333,0.3195413602378018,0.01563605552409503,0.007874281301685382,1376,1376,0.1142624362563878,0.05754229792240177,0.9311123800473413,0.45486717609289423,0.4972796517954298,0.6642441860465116,0.6642441860465116,1.2716535254316645,0.03174634648365613,0.05201370860572641,0.7856309292875945,2.0834969451776035,0.300415,2762,0.0743,0.0989,0.5913,0.399522
0.184452,3239,0.0438,0.0671,0.8211,0.28273,0.7752,0.9697,0.8482,0.8917,0.7734,AG/slow/LIU_ZONG_YANG,12138,0.27105,0.284973,4.61499,0.436386,1.657884,1.833785,2.276072,0.851786,5.418017,0.44102,1.911621,2.162001,2.552543,0.526429,1214,0.4032,0.4809,-6.2819,0.627951,0.5264,0.0824,0.047,0.409,0.2332,0.9153,0.485,0.3986,0.57,0.57,1.753636,0.526429,0.284822,0.082424,0.047002,1214,1214,0.409,0.233229,0.915315,0.484962,0.398618,0.570016,0.570016,0.7751813575819312,0.9697130322982241,12138,0.8672660582673255,0.8481886933199341,0.8916879236236541,1.7052182463140424,2.2047143275105383,0.7734418128626651,12138,0.2710495963091119,0.28497281265447355,4.614989757537842,0.43638621270656586,1.657883894443512,1.8337846934795377,2.276071913242336,0.8517857420244331,5.418017148971558,0.4410204142332077,1.91162086725235,2.162000870704651,2.552543163299557,1.7536362310822373,0.526429201542251,0.28482204756855867,0.08242428452056039,0.04700192837011194,1214,1214,0.40899957384004404,0.23322942728414914,0.9153145867433576,0.4849618284477599,0.3986175115207373,0.5700164744645799,0.5700164744645799,0.285845397868776,0.05275830437765131,0.07595475378694168,0.8068580807672348,0.41152415856356234,0.285845,12138,0.0528,0.076,0.8069,0.411524,test,0.5945371311351306,0.8810844432907212,12138,0.7191664151051211,0.652836893224148,0.698236187769978,20.812433934318083,35.10279535265299,0.5928996174016986,12138,0.8917449332674247,0.0,109.2447879208352,3.352053460464359,16.38848505392568,20.59636270963066,36.58917591981704,0.8796628240937546,124.18938817083836,3.372296690940857,22.788167953491214,31.5490177154541,52.402291030883546,1.7536362310822373,15.936147032882335,0.5247019567320376,0.08242428452056039,0.04700192837011194,1214,1214,0.40899957384004404,0.23322942728414914,0.9153145867433576,0.4849618284477599,0.3986175115207373,0.5700164744645799,0.5700164744645799,3.23277990514871,0.026031047843649964,0.05405260602800028,0.6335476561630136,6.7127600716567235,0.420582,2431,0.0987,0.1224,0.4771,0.521569
0.259375,4966,0.0463,0.0626,0.8908,0.350483,0.8366,0.9951,0.8433,0.8628,0.7477,AG/slow/NI_YAN_BIN,16977,0.319314,0.360488,4.763283,0.413252,1.495338,1.691449,2.067006,0.851024,5.597121,0.540997,1.774609,2.005691,2.395621,0.523834,1698,0.4726,0.5938,-7.1923,0.658183,0.5238,0.0247,0.0152,0.0254,0.0156,0.9144,0.6203,0.4556,0.626,0.626,1.62744,0.523834,0.318549,0.024719,0.015189,1698,1698,0.025433,0.015627,0.914422,0.620334,0.455637,0.626031,0.626031,0.8366272664870346,0.9950615095256373,16977,0.8426293719957937,0.8433248525184814,0.8628269648337994,1.544968420549683,2.0661892236612993,0.7477381078447355,16977,0.3193143664958473,0.3604877186782117,4.7632832527160645,0.4132518172264099,1.495337963104248,1.6914490699768066,2.067006416320802,0.851023885006086,5.597120523452759,0.5409973859786987,1.774609351158142,2.0056910037994387,2.395621023178101,1.6274402352144268,0.523833983910168,0.3185490301734707,0.024719047845666572,0.015188912815842765,1698,1698,0.02543278616867799,0.015627477813541363,0.9144219673565467,0.6203336501069815,0.4556365195027861,0.6260306242638398,0.6260306242638398,0.27290143446842985,0.04875746972482237,0.07346538135773618,0.8207698293936269,0.4111945937606689,0.272901,16977,0.0488,0.0735,0.8208,0.411195,test,0.5946982079589471,0.9816698372440738,16977,0.6956993965271515,0.664797810380068,0.6524990716093199,17.03033665981029,29.262145217652876,0.5819920765595974,16977,0.8402544619190669,0.0,78.8985709791302,3.2528002387231987,13.268522550537956,17.118980570498454,27.885951470840677,0.9803358583733729,80.48116398602724,3.8400564193725586,19.07220649719238,25.750657272338866,42.737151184082045,1.6274402352144268,12.358809575530096,0.4825526695802847,0.024719047845666572,0.015188912815842765,1698,1698,0.02543278616867799,0.015627477813541363,0.9144219673565467,0.6203336501069815,0.4556365195027861,0.6260306242638398,0.6260306242638398,2.7012939811238863,0.033564300605702875,0.0664090185714032,0.6621334762598801,5.34467511379623,0.332712,3397,0.0847,0.1094,0.3738,0.429937
0.199995,2209,0.0616,0.0822,0.7991,0.267105,0.8915,1.0615,0.9658,1.047,0.9228,AG/slow/WANG_GUI,12031,0.120938,0.415177,3.94714,0.18822,1.059678,1.28982,1.770731,0.868441,4.545084,0.204224,1.121068,1.335437,1.691295,0.225824,1204,0.2015,0.2574,-0.7922,0.288477,0.2258,0.043,0.0195,0.4869,0.2201,0.9381,0.6079,0.5728,0.7284,0.7284,2.212196,0.225824,0.208551,0.043036,0.019454,1204,1204,0.486931,0.220112,0.938064,0.607901,0.572828,0.728405,0.728405,0.8915008126929543,1.0614810872826421,12031,0.9452392606240552,0.965840715603569,1.0469677294611734,1.2765261261566136,1.3832471097426557,0.9228474920826715,12031,0.12093757792369711,0.41517745823289837,3.9471397399902344,0.18821981549263,1.0596776008605957,1.2898196578025818,1.770731115341187,0.8684414471114539,4.545084476470947,0.20422422885894775,1.1210681200027466,1.3354372382164001,1.691294836997986,2.2121955858066302,0.2258238283502699,0.208550717964322,0.043036012927739356,0.01945398191907484,1204,1204,0.48693083227675676,0.2201120169486315,0.9380640055275596,0.6079012501692652,0.5728282168517309,0.728405315614618,0.728405315614618,0.18686733457635543,0.04111416092346197,0.05895160360842296,0.8633854647016015,0.2679400184237119,0.186867,12031,0.0411,0.059,0.8634,0.26794,test,0.9205070853829832,1.1961107895833807,12031,0.9233375101232915,0.9424544246374362,1.108719800935854,11.144872604203542,11.984778191164086,0.9299189710845234,12031,0.8228742415426814,0.0,41.61360664374507,2.4281944606303396,7.533590362104445,10.159193769131655,18.976350291943106,1.1922709765608084,34.90280939638615,2.4792134761810303,8.159086227416992,10.77950668334961,17.11555099487305,2.2121955858066302,3.1700424346142806,0.3409743438545309,0.043036012927739356,0.01945398191907484,1204,1204,0.48693083227675676,0.2201120169486315,0.9380640055275596,0.6079012501692652,0.5728282168517309,0.728405315614618,0.728405315614618,0.8672840079223759,0.024848544369960514,0.047693952889211876,0.7853783528582028,1.6646529470523825,0.268487,2410,0.0723,0.0989,0.6274,0.367129
0.245385,2184,0.0639,0.1019,0.6724,0.390906,0.7553,1.0196,0.98,0.9845,0.9152,AG/slow/WANG_YONG_LI,10355,0.044423,0.40338,4.055682,0.147493,0.80409,0.963325,1.341504,0.80729,5.023825,0.078066,0.802072,0.982949,1.36257,0.165975,1036,0.1341,0.1746,0.15,0.21602,0.166,0.0455,0.0224,0.4485,0.2206,0.8906,0.6529,0.5258,0.6892,0.6892,2.033385,0.165975,0.206187,0.045482,0.022368,1036,1036,0.448469,0.220553,0.890643,0.65294,0.525773,0.689189,0.689189,0.7552500666699806,1.019560830741217,10355,1.0025166062063287,0.9800360068394768,0.9845393755439069,0.9588850294042048,1.0476930436020193,0.9152347009077313,10355,0.04442298406566876,0.40338000965717047,4.055682182312012,0.14749281108379364,0.8040904998779298,0.9633252382278437,1.3415037274360604,0.8072896356306929,5.023825407028198,0.0780656635761261,0.8020720005035402,0.9829488217830651,1.3625699090957628,2.0333846056779374,0.16597474652655336,0.2061865766327647,0.04548224497538225,0.022367753177819655,1036,1036,0.4484689984910181,0.2205529624050129,0.8906428532633074,0.652940361673748,0.5257731958762887,0.6891891891891891,0.6891891891891891,0.22884251976793657,0.04555144759763983,0.07219736569843446,0.7478674655786887,0.3627069601163012,0.228843,10355,0.0456,0.0722,0.7479,0.362707,test,0.8694078826358144,1.0532037527574498,10355,1.0026259105130724,0.9748266513929096,0.9730084681082872,7.1842589358938,7.834721201635236,0.9169769735257876,10355,0.8289715113471753,0.0,28.199866280957558,2.3030497450236154,5.404897239499843,6.647148966377406,10.86488772791573,1.0493178820928057,26.87447413429618,2.1044042110443115,5.390741634368897,6.818801021575921,11.166282806396465,2.0333846056779374,1.549335041881175,0.26891869239785055,0.04548224497538225,0.022367753177819655,1036,1036,0.4484689984910181,0.2205529624050129,0.8906428532633074,0.652940361673748,0.5257731958762887,0.6891891891891891,0.6891891891891891,0.6566557852144336,0.024434181741864652,0.03970160009235015,0.7964569563580791,1.066959624772035,0.232974,2078,0.0606,0.0898,0.6074,0.345088
0.190897,2305,0.0546,0.0715,0.8477,0.249803,0.751,0.8753,0.9632,0.9511,0.852,AG/slow/XU_YI_CAI,10776,0.029324,0.467056,3.345902,0.034292,0.651396,0.838573,1.231715,0.772805,4.329554,-0.01309,0.683243,0.870638,1.294981,0.207778,1078,0.1307,0.1946,-0.3805,0.309188,0.2078,0.0509,0.0273,0.0483,0.0259,0.8347,0.6176,0.5783,0.7328,0.7328,1.865559,0.207778,0.323651,0.050901,0.027284,1078,1078,0.048317,0.025899,0.834724,0.617559,0.578331,0.732839,0.732839,0.75104223759329,0.8753341747000966,10776,0.9533893641923981,0.9631712971318522,0.9511455747214339,0.8139231678630624,0.9553131346689305,0.8519962076572226,10776,0.029324424647364514,0.46705642167780254,3.3459023237228394,0.034292323514819145,0.6513962745666504,0.8385731279850006,1.231715053319931,0.7728052961469242,4.329554080963135,-0.01309027150273323,0.6832426488399506,0.8706375807523727,1.2949805855751038,1.865558921193594,0.2077781847973591,0.3236513390224477,0.050900823187471536,0.027284489709338656,1078,1078,0.04831650245326867,0.02589921009964967,0.8347235967650293,0.6175593759818443,0.5783308931185944,0.7328385899814471,0.7328385899814471,0.21155632985716166,0.048863306913607074,0.07047718713346121,0.6935121000950122,0.3051347931684795,0.211556,10776,0.0489,0.0705,0.6935,0.305135,test,0.746940082002782,0.6920711292929843,10776,0.9594686154848073,0.9591958926633833,0.9210884991558776,6.059445496797966,7.070188507299476,0.8570415754179695,10776,0.8513363028953229,0.0,24.876832844239477,1.9880629268938859,4.4323088864328835,5.6525472334667475,9.420497153735692,0.6855851121410146,36.285549968481064,1.869367003440857,4.6195454597473145,5.893006086349487,10.227570056915283,1.865558921193594,1.6091326000472603,0.35377316761705124,0.050900823187471536,0.027284489709338656,1078,1078,0.04831650245326867,0.02589921009964967,0.8347235967650293,0.6175593759818443,0.5783308931185944,0.7328385899814471,0.7328385899814471,0.6015975615274879,0.016579535436284064,0.02892543144733258,0.7572614072423558,1.0495751881420599,0.263953,2161,0.0701,0.0971,0.5657,0.365833
0.201359,3482,0.0645,0.0834,0.7677,0.260449,0.9062,0.9989,1.0479,1.0907,0.9366,AG/slow/ZANG_YU_SHU,15381,0.025681,0.499447,3.285774,0.000829,0.723727,0.88082,1.131892,0.777236,4.227511,-0.096191,0.690081,0.840518,1.037732,0.18899,1539,0.2493,0.311,-2.3919,0.235818,0.189,0.0938,0.0472,0.3487,0.1755,0.9305,0.3745,0.4748,0.6439,0.6439,1.987248,0.18899,0.272293,0.093763,0.047182,1539,1539,0.348701,0.175469,0.930516,0.374539,0.474844,0.643925,0.643925,0.9062351996646655,0.998904386192056,15381,1.0487566023863948,1.0479487647884431,1.0907359975164979,0.8111180023830614,0.8660471064460363,0.9365749234029713,15381,0.02568103504323516,0.49944737013198104,3.2857736349105835,0.0008293241262435913,0.7237266302108765,0.8808197975158691,1.131891679763794,0.777235988270795,4.227510929107666,-0.09619131684303284,0.6900806427001953,0.8405179977416992,1.0377320289611818,1.9872483153153415,0.18899044584751593,0.272292564078919,0.09376290057822707,0.04718227704892961,1539,1539,0.348700816721388,0.17546917213818608,0.9305157185242661,0.374539302374495,0.47484427407762336,0.6439246263807668,0.6439246263807668,0.1983159872991283,0.04691081599190293,0.06177939325189446,0.8396164444582946,0.2611730601660242,0.198316,15381,0.0469,0.0618,0.8396,0.261173,test,0.9423658387485664,0.9979405183531457,15381,1.0446833895586904,1.0537564105572683,1.1301326324032548,5.734624981300001,5.94390240391018,0.9647912417820813,15381,0.7600286067225798,0.0,12.28213121909573,1.903481596977818,4.869027941981544,5.971477600151983,8.27463156006259,0.9880414724986878,12.430785104632378,1.67805016040802,4.660768985748291,5.666848182678223,7.321823406219482,1.9872483153153415,1.3692554060323572,0.28607928107577635,0.09376290057822707,0.04718227704892961,1539,1539,0.348700816721388,0.17546917213818608,0.9305157185242661,0.374539302374495,0.47484427407762336,0.6439246263807668,0.6439246263807668,0.5621872676798256,0.04522540313807891,0.07077086271823563,0.7285568375818552,0.8797373861198262,0.247576,3080,0.0865,0.1066,0.4601,0.305113
0.250112,2946,0.0573,0.076,0.9047,0.331749,0.901,0.9616,0.9138,0.9349,0.8347,AG/slow/ZHANG_JUN_HUA,13569,0.447712,0.332744,4.316317,0.857789,1.600303,1.728104,1.986729,0.907049,4.758637,0.903514,1.757986,1.891181,2.125146,0.329926,1357,0.3295,0.4212,-7.4886,0.421787,0.3299,0.0296,0.0152,0.008,0.0041,0.9096,0.4271,0.3897,0.5608,0.5608,1.949926,0.329926,0.218913,0.029618,0.015189,1357,1357,0.008037,0.004122,0.909559,0.427136,0.389657,0.560796,0.560796,0.9009637050735312,0.9616395485175959,13569,0.9103045406858273,0.9137697848806414,0.934867391116582,1.6081563427813719,1.9267364376682345,0.8346529973386432,13569,0.44771169577713904,0.3327437541454787,4.316317081451416,0.8577890396118164,1.600302505493164,1.7281038522720333,1.9867293739318848,0.9070491087842663,4.7586365938186646,0.9035137295722961,1.7579858541488647,1.8911807775497436,2.1251456546783447,1.949926370369685,0.3299258550959821,0.21891289265753902,0.029618172781906905,0.015189380087357669,1357,1357,0.008036897341813249,0.004121641444486717,0.9095591594356379,0.4271360742009644,0.38965693804403484,0.5607958732498157,0.5607958732498157,0.2712951833598921,0.05701111610672203,0.07646361267786407,0.8595758053300624,0.3638625453844607,0.271295,13569,0.057,0.0765,0.8596,0.363863,test,0.7049960761978443,0.8715152763759447,13569,0.8147557566727897,0.809066366738558,0.8354085145495319,16.60602119087992,23.69872018986971,0.7007138384619753,13569,0.8160512933893433,0.0,59.5252522272493,5.795444397616139,15.207177624643894,17.953961794420373,25.124027621904858,0.8701147507340646,68.41080693900585,6.150165557861328,18.66470718383789,22.19096298217773,30.073942489624024,1.949926370369685,7.460612239469169,0.38236709340095537,0.029618172781906905,0.015189380087357669,1357,1357,0.008036897341813249,0.004121641444486717,0.9095591594356379,0.42713888830115065,0.38965693804403484,0.5607958732498157,0.5607958732498157,2.4515187272790855,0.03583525523189379,0.05893711746179078,0.7170673839279691,4.03193576422008,0.284929,2716,0.0815,0.1081,0.4375,0.378206
0.253056,5167,0.0538,0.0774,0.8226,0.364014,0.911,1.1031,0.9948,1.0081,0.9151,AG/slow/ZHANG_QING_SHUI,14223,0.307882,0.336427,4.610728,0.470398,1.538717,1.7803,2.14788,0.915233,5.037765,0.390615,1.538175,1.789688,2.130686,0.281437,1423,0.3352,0.4222,-2.0443,0.354399,0.2814,0.023,0.0133,0.3195,0.1848,0.9117,0.4216,0.4506,0.6212,0.6212,1.729169,0.281437,0.194375,0.023021,0.013314,1423,1423,0.319512,0.184778,0.9117,0.421579,0.450561,0.621223,0.621223,0.9109838909219649,1.1031382544405368,14223,1.0003522241894254,0.9947541966536677,1.0080697360416377,1.6684649024559257,1.8232695893845923,0.9150950096299705,14223,0.3078816002249877,0.33642691415313225,4.610727667808533,0.4703983962535858,1.5387166023254395,1.78029967546463,2.1478803205490125,0.9152327323166738,5.037765264511108,0.39061495661735535,1.5381748199462892,1.7896880269050595,2.1306862449646,1.729169370237694,0.2814370360662631,0.19437542046105558,0.023021302710284117,0.013313503643150686,1423,1423,0.3195118004516019,0.1847776197930694,0.9116998893190943,0.42157855105351305,0.4505606523955148,0.6212227687983134,0.6212227687983134,0.25920058971015236,0.051451502025334356,0.07373098220516046,0.8149400082576819,0.371439381071444,0.259201,14223,0.0515,0.0737,0.8149,0.371439,test,0.8586377865231899,1.3752199583577251,14223,1.0007041344646674,0.9878764787524179,1.0225911156905285,18.411905132272324,21.06697222320278,0.8739701622615607,14223,0.8276734866062012,0.0,57.27736710352878,3.503501053886367,14.037794638895928,19.21373022397144,30.975523929361632,1.373752265056009,41.69410203024745,3.15852689743042,14.027917098999026,19.449526977539055,30.291211662292493,1.729169370237694,6.6618586866082214,0.39190261132466725,0.023021302710284117,0.013313503643150686,1423,1423,0.3195118004516019,0.1847776197930694,0.9116998897778699,0.42157855105351305,0.4505606523955148,0.6212227687983134,0.6212227687983134,2.0194321285046852,0.04843447946281865,0.08929295143562595,0.6597143103071961,3.7229894277389186,0.384624,2880,0.0949,0.1237,0.4,0.501466
0.211929,2290,0.0532,0.0688,0.8088,0.273993,0.9512,1.127,1.0492,1.0042,0.9234,AG/slow/ZHANG_SONG_TIAN,12468,0.097931,0.373356,3.933661,0.292523,0.996456,1.147582,1.44622,0.900137,4.370069,0.311455,0.951534,1.093808,1.440154,0.19139,1247,0.1998,0.2455,-0.558,0.235165,0.1914,0.1805,0.0804,0.0,0.0,0.9105,0.542,0.3756,0.5461,0.5461,2.244202,0.19139,0.204137,0.18049,0.080425,1247,1247,0.0,0.0,0.910464,0.542043,0.375621,0.546111,0.546111,0.9512191529395118,1.1269806336929302,12468,1.0472093416522001,1.04916231996768,1.0042123828355023,1.0637770053880542,1.151994766668979,0.9234217343399844,12468,0.09793070259865255,0.37335579082451076,3.933661460876465,0.2925229072570801,0.9964556276798252,1.1475820839405058,1.4462201225757598,0.9001370966936777,4.370069265365601,0.3114548474550247,0.9515343189239508,1.0938079476356506,1.4401536440849303,2.244201869045247,0.19138979432624917,0.20413736622983428,0.18049016645123675,0.08042510299130214,1247,1247,0.0,0.0,0.9104639262869921,0.5420429638615083,0.3756205184776613,0.5461106655974338,0.5461106655974338,0.20454205235543596,0.04680521976539517,0.06396924073901254,0.7967111872562216,0.2795500128823318,0.204542,12468,0.0468,0.064,0.7967,0.27955,test,0.9437514905228223,1.3703883158360075,12468,1.0600997945603596,1.0723634056515323,1.0079126204513975,8.146246996243136,8.784809340834139,0.9273106199786494,12468,0.8448026948989413,0.0,30.972098235559237,2.780585863771363,6.939515116473229,8.445045187004817,12.448238931522592,1.3667988320210949,22.66031950712204,2.8498278856277466,6.5460960865020805,7.875170993804931,12.350514001846312,2.244201869045247,2.026456034189548,0.2938736882043302,0.18049016645123675,0.08042510299130214,1247,1247,0.0,0.0,0.9104639262869921,0.5420429638615083,0.3756205184776613,0.5461106655974338,0.5461106655974338,0.8528204138362083,0.03763496863176049,0.05845895511458604,0.7311843667392247,1.3246986009490258,0.254423,2495,0.0773,0.099,0.6241,0.326038
0.364029,18351,0.071,0.0993,0.777,0.508926,0.8374,0.8239,1.0153,0.9356,0.8867,ILO/AN_GUANG_JIE-0/before,56949,0.141442,0.407136,4.493879,0.289437,1.080249,1.223901,1.512455,0.738614,6.084206,0.227884,1.07657,1.205433,1.616547,0.226761,5695,0.1483,0.2022,-0.741,0.309122,0.2268,0.0431,0.0249,0.0149,0.0086,0.9265,0.4332,0.4271,0.5986,0.5986,1.732634,0.226761,0.239359,0.043107,0.024879,5695,5695,0.014918,0.00861,0.926516,0.433246,0.427139,0.598595,0.598595,0.8373670199823628,0.8239187334263801,56949,1.0034173257983914,1.0153208532177351,0.9356083664654993,1.145085244735047,1.2914549176372698,0.8866629636828457,56949,0.14144234314913343,0.4071362095910376,4.493878602981567,0.2894369661808014,1.0802486896514893,1.2239011764526366,1.5124548292160032,0.738613859911796,6.084205627441406,0.2278839647769928,1.076569700241089,1.205432915687561,1.6165469264984125,1.7326344223076262,0.22676079774813446,0.23935948439567784,0.04310651774612926,0.024879176582857807,5695,5695,0.014918427816665802,0.008610257088622623,0.9265159199153605,0.4332464679917987,0.4271394562084952,0.598595258999122,0.598595258999122,0.23006925067887335,0.037814180645242994,0.05857971692894538,0.8552715350586733,0.3564110433930141,0.230069,56949,0.0378,0.0586,0.8553,0.356411,test,0.7860233778495501,0.5509478483108228,56949,1.0047913265625807,1.0242847175795868,0.8735066792788878,9.079283210941568,10.771346635290989,0.8429106887336089,56949,0.7798556603276616,0.0,30.846685517144152,2.769459847584194,7.737652143527612,9.325343897769114,13.566903257189889,0.5495457257146831,56.131244542077184,2.5566065311431885,7.700755310058594,9.104249763488768,15.531539230346667,1.7326344223076262,2.8502201865988193,0.393259874304936,0.04310651774612926,0.024879176582857807,5695,5695,0.014918427816665802,0.008610257088622623,0.9265159198134851,0.4332464679917987,0.4271394562084952,0.598595258999122,0.598595258999122,0.9453659535981913,0.016842062942137775,0.031157701558353366,0.7505843047607745,1.748920565540992,0.24619,11400,0.0578,0.0836,0.4425,0.355961
0.30495,14125,0.0676,0.0913,0.5852,0.411865,0.7353,0.888,0.8756,0.8375,0.7759,ILO/GUO_QING_SHAN-0/before,51146,0.187483,0.295722,3.796311,0.45361,1.181806,1.351881,1.713826,0.727663,5.217125,0.442954,1.314514,1.544031,2.046323,0.400736,5115,0.3053,0.3742,-2.0362,0.491214,0.4007,0.0392,0.0241,0.0228,0.014,0.8648,0.375,0.4023,0.5738,0.5738,1.623733,0.400736,0.301562,0.039178,0.024128,5115,5115,0.02278,0.01403,0.864777,0.374962,0.40233,0.573803,0.573803,0.7352627042244495,0.887959630847862,51146,0.8990442818538066,0.8755525935704846,0.8375148492168234,1.263816173451125,1.6288998688187883,0.7758710020448297,51146,0.1874828921127752,0.2957220506002424,3.7963112592697144,0.45361003279685974,1.1818063855171204,1.3518807590007782,1.7138261795043956,0.7276634078550567,5.217125415802002,0.4429544061422348,1.3145141005516052,1.5440314710140228,2.0463233351707473,1.623733346286845,0.4007356192250231,0.30156175938240787,0.03917779959129844,0.02412822258093687,5115,5115,0.022780285309473135,0.014029572873875573,0.864777326337842,0.37496165948673016,0.4023303632625086,0.5738025415444771,0.5738025415444771,0.2606248374597067,0.0499556396843188,0.07153297703020471,0.7343460922460201,0.3731965125322618,0.260625,51146,0.05,0.0715,0.7343,0.373197,test,0.5558295729658621,0.6822000616559829,51146,0.8416275057123942,0.7790750918294023,0.6492158536482273,10.899286268327485,17.057498875950788,0.6389732954163807,51146,0.9292222265670824,0.0,39.10629775490927,3.4279102863078785,8.829029115119098,11.012276381246416,17.623986659667892,0.6780531782173225,57.674381613731384,3.3807809352874756,10.490423679351807,14.135064125061035,27.146574687957813,1.623733346286845,6.889031199285294,0.5320883154128664,0.03917779959129844,0.02412822258093687,5115,5115,0.022780285309473135,0.014029572873875573,0.8647773268850434,0.3749616899743322,0.4023303632625086,0.5738025415444771,0.5738025415444771,1.6691490259303576,0.028940908930924002,0.05677498103725662,0.6256480591217162,3.274461922455101,0.399776,10234,0.0894,0.1144,0.4496,0.511856
0.327396,16189,0.0658,0.084,0.6348,0.418298,0.8402,0.9072,0.9452,1.0069,0.8864,ILO/GUO_YU_SHU-0/before,50046,0.200615,0.402749,4.548885,0.258182,1.355918,1.598411,2.165381,0.817334,5.565516,0.24458,1.415241,1.691098,2.150537,0.288329,5005,0.189,0.2372,-0.7675,0.361897,0.2883,0.0818,0.0493,0.4609,0.2778,0.909,0.5936,0.4985,0.6653,0.6653,1.659445,0.288329,0.206189,0.081827,0.04931,5005,5005,0.460918,0.277754,0.909016,0.593615,0.498503,0.665335,0.665335,0.8401890381741466,0.9072446992274654,50046,0.9580825819619054,0.945190913149179,1.0069022116323318,1.5557275515782845,1.755175332637219,0.886365893281296,50046,0.20061543380090316,0.4027494704871518,4.548884868621826,0.25818169116973877,1.3559178113937378,1.5984106361865997,2.1653808116912856,0.8173339305026054,5.565515756607056,0.2445800080895424,1.4152410626411438,1.6910981833934784,2.1505373477935805,1.659445335216839,0.28832913371887836,0.20618873510799707,0.08182721578204064,0.04930997969351507,5005,5005,0.46091798281624013,0.27775424295974904,0.9090158781923723,0.5936146058413727,0.49850299401197606,0.6653346653346653,0.6653346653346653,0.2739607981216124,0.04922469185293063,0.06614831956554212,0.8162449118534271,0.36814951481510344,0.273961,50046,0.0492,0.0661,0.8162,0.36815,test,0.8183003994443067,0.7015914850899891,50046,0.9258208961706211,0.8865458795339451,1.0194721965551243,16.58213216117458,19.949094974696933,0.8312222776124457,50046,0.8038604483874835,0.0,60.72387728453034,2.659251031999668,11.070188141716704,15.169844702834464,31.687868005024992,0.7001955855463107,86.72416470199823,2.6126703023910522,11.957159519195557,17.111178398132324,31.082621097564754,1.659445335216839,5.915059557584327,0.3729535161860247,0.08182721578204064,0.04930997969351507,5005,5005,0.46091798281624013,0.27775424295974904,0.9090158774481243,0.5936139852410114,0.49850299401197606,0.6653346653346653,0.6653346653346653,1.6219213345029198,0.018702069256892464,0.034670783169926715,0.7719837043535025,3.006794709975993,0.303767,10017,0.066,0.0867,0.5776,0.398767
0.242369,24622,0.0465,0.0647,0.6672,0.336983,0.7565,0.9515,0.9964,0.9661,0.8146,ILO/LIU_BAO_JUN-0/before,96848,0.037698,0.662543,4.22574,-0.339267,0.643255,0.899253,1.427188,0.774401,5.456787,-0.461738,0.625119,0.902462,1.477287,0.301936,9685,0.1844,0.241,-0.471,0.394533,0.3019,0.0251,0.0145,0.0858,0.0496,0.8619,0.5309,0.4804,0.649,0.649,1.731546,0.301936,0.396813,0.02511,0.014502,9685,9685,0.085814,0.049559,0.861895,0.53094,0.480434,0.649045,0.649045,0.7564887542574922,0.9514586138623461,96848,1.0290114371187506,0.9964444323417548,0.9660871205011725,0.8099450115028867,0.9942530683838465,0.8146266149517127,96848,0.03769824880224682,0.6625433669254915,4.225740194320679,-0.33926738798618317,0.6432550489902502,0.8992534279823303,1.4271879029273977,0.7744008139317389,5.456786870956421,-0.4617382436990738,0.625119435787201,0.9024621933698652,1.4772869575023648,1.7315458797880448,0.3019359234432946,0.3968132826821401,0.02511041777634399,0.014501734010893034,9685,9685,0.08581367588198464,0.04955899631864732,0.8618953936413237,0.5309397931008774,0.48043411800672575,0.6490449148167269,0.6490449148167269,0.2887716704179905,0.052919726800210724,0.07513783507305812,0.6912742604165367,0.4100111519387524,0.288772,96848,0.0529,0.0751,0.6913,0.410011,test,0.7406623221418362,0.8670358183844177,96848,1.023842095909037,0.9958397565966498,0.936983079423993,6.387368530228246,7.695309170755949,0.8300340361244748,96848,0.5999607632578886,0.0,31.032717400276496,1.2236286174505777,4.3856737571948,6.116217916083548,12.144204580036257,0.8641780479757767,35.910096852108836,1.0436277389526367,4.283545064926148,6.141769170761107,12.960964660644528,1.7315458797880448,2.567503585703646,0.4729585169089547,0.02511041777634399,0.014501734010893034,9685,9685,0.08581367588198464,0.04955899631864732,0.8618953934682041,0.530939745732047,0.48043411800672575,0.6490449148167269,0.6490449148167269,0.7356352479754935,0.020485471008477467,0.042359936673751236,0.6409778764390208,1.521149428603604,0.377816,19409,0.0837,0.1155,0.3276,0.521301
0.223529,21934,0.0446,0.0617,0.8118,0.309511,0.7916,0.9277,1.0045,0.9559,0.8902,ILO/LIU_YUE_DONG-0/before,62998,0.095305,0.411108,4.021607,0.163749,0.986851,1.150076,1.479113,0.746133,5.389935,0.14475,0.995663,1.144951,1.547297,0.220106,6300,0.1543,0.2119,-0.662,0.30213,0.2201,0.0233,0.0152,0.008,0.0052,0.9026,0.4529,0.4832,0.6516,0.6516,1.539595,0.220106,0.246539,0.023328,0.015152,6300,6300,0.008041,0.005223,0.902584,0.452858,0.483225,0.651587,0.651587,0.7915918876595296,0.9277326210641942,62998,0.991149858245006,1.0044765221342151,0.9559332800984888,1.0909602227878004,1.2254835672984048,0.8902283571152545,62998,0.09530461284485221,0.41110828915203657,4.021606683731079,0.16374878585338593,0.9868513822555542,1.150076162815094,1.4791128158569333,0.7461326185821506,5.389935493469238,0.14475009590387344,0.9956631422042849,1.1449507653713227,1.5472971248626703,1.539595469953995,0.22010636287785712,0.2465394705766732,0.02332765402317419,0.015151807392542698,6300,6300,0.00804125439482581,0.005222965741167121,0.9025839213542891,0.45285792615390286,0.48322542672160096,0.6515873015873016,0.6515873015873016,0.21297279434200964,0.03951305068494047,0.058516435275736696,0.7913394540787431,0.3153998114439886,0.212973,62998,0.0395,0.0585,0.7913,0.3154,test,0.7607181975216616,0.7966087822349633,62998,0.9886167817389433,1.006681273915169,0.915223359063342,8.444745685215667,9.88068899941823,0.8546717425994169,62998,0.8716625924632528,0.0,35.03523299642154,2.3522080168605894,6.853460897106418,8.47245414068644,12.991747095597844,0.7930438665640501,44.17817787081003,2.294857621192932,6.932373619079592,8.416223049163818,14.195165548324576,1.539595469953995,2.643402678735409,0.41222690996162586,0.02332765402317419,0.015151807392542698,6300,6300,0.00804125439482581,0.005222965741167121,0.902583921006033,0.45285792615390286,0.48322542672160096,0.6515873015873016,0.6515873015873016,0.8689776974162919,0.01966984016311035,0.03817550781262667,0.6925114501137728,1.6865243744547191,0.338333,12654,0.0661,0.0885,0.5367,0.452658
0.337391,23841,0.0701,0.0938,0.5446,0.451577,0.6897,0.9041,0.8833,0.8986,0.7905,ILO/LV_JIAN_HUA-0/before,104509,0.074013,0.54115,4.022667,-0.074221,0.899641,1.108637,1.385933,0.763945,5.265652,-0.172114,1.042061,1.255107,1.542385,0.299369,10451,0.2434,0.3124,-3.0227,0.384208,0.2994,0.0155,0.0072,0.0202,0.0094,0.8287,0.4713,0.5222,0.6862,0.6862,2.159354,0.299369,0.297405,0.015525,0.00719,10451,10451,0.020216,0.009362,0.828704,0.471297,0.522249,0.686154,0.686154,0.6897173336227136,0.9041484834379241,104509,0.8633279113453486,0.8833004239365525,0.8985651038728238,1.0211765490144022,1.291868416102534,0.7904648308495783,104509,0.07401276445090853,0.5411495660660804,4.022667288780212,-0.07422126829624176,0.8996405482292175,1.1086368799209587,1.385933437347412,0.7639448098284577,5.265651702880859,-0.17211365699768066,1.0420612335205077,1.2551073789596552,1.5423851108551023,2.159354017921855,0.29936904860541913,0.29740481099002264,0.015525432556329067,0.007189850495784206,10451,10451,0.02021572083521472,0.0093619298491269,0.8287039158269373,0.4712967637900698,0.5222489257883621,0.6861544349822983,0.6861544349822983,0.3074692093279631,0.05839148251293291,0.08073724868057704,0.6854296026834135,0.4251342310007959,0.307469,104509,0.0584,0.0807,0.6854,0.425134,test,0.6703927682960796,0.7535570077780144,104509,0.8310733769598403,0.8267120450415371,0.8160606483720727,7.72665080537424,10.54347111284305,0.7328374804349178,104509,0.7743926360409151,0.0,27.282292833974374,1.726638829726751,6.119294891967686,8.028366444488995,11.510422473635366,0.7503100210641154,36.36136006191373,1.5204280614852905,7.363122272491455,9.711200523376457,14.104861564636225,2.159354017921855,3.2036149226327733,0.3849178089999971,0.015525432556329067,0.007189850495784206,10451,10451,0.02021572083521472,0.0093619298491269,0.8287039157697894,0.47129672228655756,0.5222489257883621,0.6861544349822983,0.6861544349822983,0.9616788169095767,0.02644782305370573,0.045583580359779906,0.7276441149591224,1.6574809783731361,0.291658,20915,0.0572,0.0771,0.7223,0.39317
0.187496,23620,0.0522,0.0728,0.8286,0.261236,0.8206,0.9067,0.7878,0.8049,0.7184,ILO/WANG_TIAN_QING-1/before,82168,0.110907,0.686265,5.339282,-0.472976,1.059701,1.36553,1.760392,0.803325,6.64648,-0.515529,1.358707,1.733428,2.187228,0.522885,8217,0.2853,0.3408,-3.1197,0.624731,0.5229,0.0349,0.0199,0.0163,0.0093,0.9487,0.4556,0.5535,0.7125,0.7125,1.749428,0.522885,0.350636,0.034867,0.019931,8217,8217,0.016275,0.009303,0.948692,0.45559,0.553455,0.712547,0.712547,0.820600307982698,0.9067251766024796,82168,0.7799335546062401,0.7877627947313872,0.804850584242252,1.27999619323272,1.781710123223691,0.7184087784811999,82168,0.1109069224028819,0.6862647259273683,5.339282035827637,-0.47297629714012146,1.0597011327743535,1.3655302464962005,1.760392063856126,0.8033247626981007,6.646480083465576,-0.515529066324234,1.3587069392204285,1.7334282040596007,2.1872284102439883,1.74942780160106,0.5228845888513696,0.35063578727679356,0.03486699576254756,0.019930514269087075,8217,8217,0.01627454112529469,0.009302779520481145,0.948692401415374,0.45558974186597917,0.5534549579355327,0.7125471583302908,0.7125471583302908,0.25902468936247736,0.03897170925206744,0.055174836909377384,0.8859904494345432,0.36671845462663816,0.259025,82168,0.039,0.0552,0.886,0.366718,test,0.5576398059835179,0.6792322527304008,82168,0.6780886774259476,0.6200322304950163,0.5743259144409889,11.927456593358041,21.109422514034446,0.5650299805893865,82168,0.5082878979651446,0.0,81.58504161353055,1.0285006192152064,7.533820733660468,11.209307956917277,18.72314866119412,0.6786931849107595,120.20901848934591,0.9731823205947876,11.110376834869387,18.07858915328979,32.60021564483644,1.74942780160106,9.79857523201906,0.5804642533325675,0.03486699576254756,0.019930514269087075,8217,8217,0.01627454112529469,0.009302779520481145,0.9486924018570537,0.45558966914845217,0.5534549579355327,0.7125471583302908,0.7125471583302908,1.4672791825858849,0.012206065743028502,0.033724254496882565,0.675235263337771,4.053959532355163,0.432138,16436,0.0924,0.116,0.3887,0.542623
0.26841,27962,0.0551,0.076,0.7498,0.37019,0.7916,0.9628,1.0047,0.9894,0.9018,ILO/WENG_ZHAO_GUANG-0/before,77413,0.058388,0.537636,3.773537,-0.076192,0.822042,1.046075,1.428507,0.687342,5.490046,-0.088547,0.819512,1.041197,1.443824,0.220193,7742,0.1732,0.2321,-0.6291,0.295082,0.2202,0.0186,0.0112,0.2757,0.1663,0.8942,0.5871,0.5487,0.7086,0.7086,1.657581,0.220193,0.268504,0.0186,0.011221,7742,7742,0.275661,0.166303,0.894164,0.58712,0.54871,0.708602,0.708602,0.7915839778804511,0.9628472679071586,77413,1.0030862593838623,1.004684737759721,0.9893911653463388,0.9911068314527628,1.0989853330312604,0.901838087974347,77413,0.05838812602534458,0.5376357976050534,3.7735369205474854,-0.07619185745716095,0.8220415949821472,1.0460745811462402,1.4285069084167492,0.6873415523211677,5.490046262741089,-0.0885467603802681,0.8195123672485352,1.041196846961975,1.4438242006301896,1.6575810383310563,0.22019264723160561,0.26850396135027194,0.01859960104435687,0.011220930147152244,7742,7742,0.27566133605640536,0.16630338407705023,0.8941635392428,0.5871196593591327,0.5487097419483897,0.7086024283130974,0.7086024283130974,0.23160322719457885,0.04218602469097286,0.06014457404371778,0.775355660413904,0.3301964939528675,0.231603,77413,0.0422,0.0601,0.7754,0.330196,test,0.8542181747731672,0.9039886716845023,77413,1.0032914500751209,1.0063573909797014,0.9802960597718966,7.569032146005853,8.332876524855019,0.9083336496621788,77413,0.7627142727965587,0.0,25.8179047096923,1.722223859069045,5.532434890288563,7.401615533034389,12.165032388166889,0.8979921387943174,28.750702366232872,1.6947996616363525,5.514284896850586,7.354857826232909,12.409549407959009,1.6575810383310563,2.115281347169029,0.34115884766377946,0.01859960104435687,0.011220930147152244,7742,7742,0.27566133605640536,0.16630338407705023,0.8941635385603095,0.5871196593591327,0.5487097419483897,0.7086024283130974,0.7086024283130974,0.7145909184370738,0.024854729089204674,0.04392667922452796,0.7408362475575925,1.2629228803213883,0.264923,15518,0.064,0.0873,0.547,0.361601
0.291065,21951,0.0575,0.0847,0.5684,0.42858,0.8193,0.8191,0.973,0.9676,0.8141,ILO/XIE_ZHI_FU-0/before,77362,0.108606,0.587188,4.511762,-0.196815,1.042048,1.295945,1.699528,0.749087,6.023018,-0.23807,1.038008,1.331922,1.756405,0.385858,7737,0.2046,0.2703,-2.6843,0.509752,0.3859,0.127,0.0789,0.1178,0.0732,0.8875,0.3367,0.4246,0.5961,0.5961,1.609387,0.385858,0.367893,0.126985,0.078903,7737,7737,0.117802,0.073197,0.887478,0.336685,0.4246,0.596097,0.596097,0.8193186105281433,0.819104284327361,77362,1.0038923831349367,0.9729885020024573,0.9676176470938571,1.1279666487499975,1.38559858851675,0.8140645191891099,77362,0.10860629249502339,0.5871875080789017,4.5117621421813965,-0.19681458175182343,1.0420482873916628,1.2959447979927061,1.6995284175872802,0.7490866552607679,6.023017644882202,-0.23807021230459213,1.0380079627037049,1.3319220066070556,1.7564049422740935,1.6093870227495541,0.3858577338973833,0.36789278980215945,0.12698527559982242,0.07890288277761472,7737,7737,0.11780204805622235,0.07319684227039663,0.8874780226718942,0.3366853014037652,0.42459952126680167,0.5960966782990823,0.5960966782990823,0.2901688222549148,0.048176651533052235,0.06724636992855751,0.7615910527962649,0.4050260726339778,0.290169,77362,0.0482,0.0672,0.7616,0.405026,test,0.7452025048410047,0.5030225771430435,77362,1.0052631011256874,0.9543330069372962,0.9287685913027344,9.748072508917994,12.298301745650534,0.7926356590141023,77362,0.6547142007704041,0.0,42.566592441172865,1.4724088315755746,7.3629981867137735,10.240362692528118,17.29962371564349,0.5017914106291206,84.82925681769848,1.3955647349357605,7.3244488716125495,10.730387210845945,18.626409072875976,1.6093870227495541,4.698990825036727,0.49439813333947985,0.12698527559982242,0.07890288277761472,7737,7737,0.11780204805622235,0.07319684227039663,0.8874780214912864,0.3366853014037652,0.42459952126680167,0.5960966782990823,0.5960966782990823,1.136705382291922,0.01339992150037042,0.027596901083681402,0.6345324991935677,2.341024609400231,0.422328,15504,0.0872,0.1135,0.2025,0.549606
0.2806,25566,0.0617,0.0814,0.706,0.370496,0.8749,0.8759,0.8857,0.862,0.8516,ILO/YANG_WANG_QI-1/before,65448,0.20543,0.62555,5.050285,-0.274907,1.810786,2.043553,2.32925,0.797754,6.330626,-0.209812,1.939797,2.307209,2.702073,0.368967,6545,0.2486,0.3103,-1.8806,0.460411,0.369,0.0226,0.0155,0.2411,0.1651,0.9058,0.4139,0.6233,0.7679,0.7679,1.460052,0.368967,0.196964,0.022633,0.015502,6545,6545,0.241068,0.165109,0.905762,0.413912,0.623264,0.767914,0.767914,0.8748961158213365,0.8758980475484802,65448,0.9334925120095802,0.8857252051190431,0.862023383664998,1.9906586266183235,2.3375421723306773,0.8516032994748116,65448,0.2054302652487471,0.6255500550055005,5.0502846240997314,-0.27490735054016113,1.8107859373092652,2.043553304672241,2.3292498016357417,0.7977543492869297,6.3306262493133545,-0.20981184393167496,1.9397969603538519,2.3072091579437255,2.702072641849518,1.4600516905612866,0.36896654699848663,0.19696367437432358,0.022633066695274213,0.01550155165162228,6545,6545,0.24106786891895582,0.1651091331062959,0.9057622639258553,0.413911522667982,0.6232638888888888,0.7679144385026738,0.7679144385026738,0.2630580623831998,0.04155324481708775,0.05881086518369103,0.8778909836506263,0.3723096068767033,0.263058,65448,0.0416,0.0588,0.8779,0.37231,test,0.5861210769079285,0.5757724174540133,65448,0.8456794288385188,0.7099579761802685,0.6160775935112809,27.010035232284725,42.40260318117892,0.6369900243359014,65448,0.6685460212687936,0.0,93.4523394629192,1.3303462325691338,19.990032678543322,27.049052639541376,39.20629364279379,0.5751124626964245,162.49402599409223,1.4477538466453552,23.637837219238296,38.09951229095458,63.63856445312499,1.4600516905612866,16.388903367599546,0.5173720083355368,0.022633066695274213,0.01550155165162228,6545,6545,0.24106786891895582,0.1651091331062959,0.9057622638266339,0.4139113558303034,0.6232638888888888,0.7679144385026738,0.7679144385026738,2.5694087240137473,0.01581232730431064,0.045080368232782865,0.7149607412244298,7.3252905274410685,0.391405,13094,0.079,0.1067,0.5393,0.528374
0.220878,16494,0.0479,0.0628,0.9109,0.289503,0.9251,0.8856,0.9817,0.9704,0.9321,ILO/ZHANG_YAN_SHAN-0/before,56577,0.33047,0.437156,4.606715,0.166906,1.812749,2.01297,2.26565,0.789666,5.83375,0.171002,1.853277,2.050591,2.334736,0.213885,5658,0.1607,0.221,-1.7805,0.294104,0.2139,0.012,0.0074,0.0099,0.0061,0.9434,0.459,0.548,0.708,0.708,1.62627,0.213885,0.140881,0.011976,0.007364,5658,5658,0.009902,0.006089,0.943358,0.459041,0.548016,0.708024,0.708024,0.9251314000056684,0.8855552538183052,56577,0.9781314106814814,0.9816535916435499,0.9704096990242169,1.9458294265385692,2.08759854900917,0.9320898538955739,56577,0.3304699789667179,0.43715644166357354,4.606714844703674,0.16690637171268463,1.8127487182617188,2.01296968460083,2.2656504535675044,0.7896661710638813,5.833749771118164,0.17100216448307037,1.8532772779464723,2.050590658187866,2.334735994338989,1.6262701836936415,0.21388525194226748,0.14088129819314527,0.011975867232518353,0.007364008362570078,5658,5658,0.009901748899338904,0.006088624755358736,0.9433577088670398,0.4590411351447677,0.548016415868673,0.7080240367621068,0.7080240367621068,0.252730169726473,0.04332207921870324,0.06012631667069226,0.8897059877206961,0.3507618861158292,0.25273,56577,0.0433,0.0601,0.8897,0.350762,test,0.8471859001019117,0.6228336231543192,56577,0.948706478641464,0.9522971638737467,0.9141524182861801,25.346250890453636,29.477186678323108,0.8598599034246618,56577,0.7740247803877901,0.0,73.97816813194972,2.361877605973009,20.041074401292367,25.995328416081737,36.09690524088775,0.6215842783536683,119.01550716161728,2.3744795322418213,21.124631118774417,27.297496414184568,39.48674697875976,1.6262701836936415,7.02146398098515,0.3200290045024678,0.011975867232518353,0.007364008362570078,5658,5658,0.009901748899338904,0.006088624755358736,0.9433577083596089,0.45904095633332176,0.548016415868673,0.7080240367621068,0.7080240367621068,2.1148339919267523,0.017769398646975562,0.03455221081093606,0.8064175708716452,4.112248893218671,0.270149,11330,0.0663,0.094,0.384,0.383381
