canonical_id,manual_reasons,manual_branches,manual_s_start_mm,manual_s_end_mm,manual_s_definition,manual_inspection_target,manual_evidence_page,root_position_user_confirmed,confirmed_root_s_mm,confirmed_root_routes,confirmed_root_center_mm,reference_stable_stations,reference_recovered,reference_automatically_withheld,pc_reference_withheld,pc_density_withheld,reference_coverage,pointcloud_coverage,wall_coverage,along_path_coverage_hold,source_closed,outside_core_points,recommendation,training_allowed
AAA/ruputer/DING_JUN_FENG,,,,,,,,False,,,,203,6,0,2,0,0.7328519855595668,0.7220216606498195,0.7630866345067517,False,True,0,自动处理完成；按有效 mask 保留候选证据,False
AAA/ruputer/FENG_LI_XIN,,,,,,,,False,,,,220,3,19,4,11,0.5699481865284974,0.5051813471502591,0.551607835889854,True,True,0,自动处理完成；低覆盖沿程特征暂不建议启用,False
AAA/ruputer/GAO_FENG_SHAN,,,,,,,,False,,,,196,5,8,3,3,0.6447368421052632,0.4309210526315789,0.6485231630220748,True,True,0,自动处理完成；低覆盖沿程特征暂不建议启用,False
AAA/ruputer/GUO_AI_JUN,,,,,,,,False,,,,207,2,3,5,18,0.7288732394366197,0.6373239436619719,0.7551359953703703,False,True,0,自动处理完成；按有效 mask 保留候选证据,False
AAA/ruputer/HUO_SHI_LIANG,,,,,,,,False,,,,191,0,3,3,2,0.7490196078431373,0.7411764705882353,0.7928708118452207,False,True,0,自动处理完成；按有效 mask 保留候选证据,False
AAA/ruputer/KANG_YONG,,,,,,,,False,,,,217,2,0,4,17,0.7045454545454546,0.6493506493506493,0.7594236381322957,False,True,0,自动处理完成；按有效 mask 保留候选证据,False
AAA/ruputer/LIN_LIANG_XIAO,,,,,,,,False,,,,196,1,1,3,0,0.7286245353159851,0.7026022304832714,0.7548234199392256,False,True,0,自动处理完成；按有效 mask 保留候选证据,False
AAA/ruputer/LIU_JI_XIN,,,,,,,,False,,,,207,0,1,6,0,0.7870722433460076,0.7452471482889734,0.7957382694791219,False,True,0,自动处理完成；按有效 mask 保留候选证据,False
AAA/ruputer/LIU_YONG_LAN,,,,,,,,False,,,,229,4,5,10,1,0.7532894736842105,0.743421052631579,0.7487101844797824,False,True,0,自动处理完成；按有效 mask 保留候选证据,False
AAA/ruputer/LI_BING_JIANG,,,,,,,,False,,,,180,3,1,8,1,0.6040268456375839,0.6006711409395973,0.6581732887232548,False,True,0,自动处理完成；按有效 mask 保留候选证据,False
AAA/ruputer/LI_LAO_PING,,,,,,,,False,,,,235,9,4,6,1,0.7966101694915254,0.6915254237288135,0.781203043384931,False,True,0,自动处理完成；按有效 mask 保留候选证据,False
AAA/ruputer/LI_ZHEN_HUA,,,,,,,,False,,,,225,3,0,2,24,0.6818181818181818,0.6090909090909091,0.7495039288832447,False,True,0,自动处理完成；按有效 mask 保留候选证据,False
AAA/ruputer/MA_XIAO_DONG,,,,,,,,False,,,,191,1,0,4,15,0.7549407114624506,0.6956521739130435,0.7246046902452067,False,True,0,自动处理完成；按有效 mask 保留候选证据,False
AAA/ruputer/MENG_GUANG_QIN,,,,,,,,False,,,,213,2,3,6,23,0.6938110749185668,0.5602605863192183,0.7024161905417499,False,True,0,自动处理完成；按有效 mask 保留候选证据,False
AAA/ruputer/TONG_XUE_LIAN,,,,,,,,False,,,,234,3,2,1,12,0.7572815533980582,0.7055016181229773,0.7779297335534072,False,True,0,自动处理完成；按有效 mask 保留候选证据,False
AAA/ruputer/WANG_AN,,,,,,,,False,,,,218,9,3,1,27,0.6964856230031949,0.5111821086261981,0.6819988642816581,False,True,0,自动处理完成；按有效 mask 保留候选证据,False
AAA/ruputer/WANG_FU_SHUN,,,,,,,,False,,,,221,6,7,1,2,0.7466216216216216,0.6587837837837838,0.7546124299477363,False,True,0,自动处理完成；按有效 mask 保留候选证据,False
AAA/ruputer/WANG_KUI_WU,,,,,,,,False,,,,192,3,1,6,2,0.7032967032967034,0.6923076923076923,0.6962618761150065,False,True,0,自动处理完成；按有效 mask 保留候选证据,False
AAA/ruputer/WU_GUANG_CUN,,,,,,,,False,,,,198,2,6,6,17,0.6644295302013423,0.5671140939597316,0.6736015084852294,False,True,0,自动处理完成；按有效 mask 保留候选证据,False
AAA/ruputer/XIE_JIN_QUAN,,,,,,,,False,,,,211,4,2,3,0,0.7429577464788732,0.7323943661971831,0.727266530334015,False,True,0,自动处理完成；按有效 mask 保留候选证据,False
AAA/ruputer/YU_TIAN_HAI,,,,,,,,False,,,,215,4,0,3,3,0.7733812949640287,0.7266187050359713,0.7733560215171809,False,True,0,自动处理完成；按有效 mask 保留候选证据,False
AAA/ruputer/ZHANG_MAO_JIN,,,,,,,,False,,,,239,1,7,9,1,0.7515723270440252,0.6792452830188679,0.7658735208041736,False,True,0,自动处理完成；按有效 mask 保留候选证据,False
AAA/ruputer/ZHOU_KE_XUN,,,,,,,,False,,,,216,5,1,8,3,0.7659574468085106,0.75177304964539,0.8382362157351817,False,True,0,自动处理完成；按有效 mask 保留候选证据,False
AAA/ruputer/ZOU_LI_SHUN,,,,,,,,False,,,,279,2,4,8,48,0.7859154929577464,0.6140845070422535,0.7859538640564036,False,True,0,自动处理完成；按有效 mask 保留候选证据,False
AAA/ruputer/ZUO_DAO_SHENG,,,,,,,,False,,,,185,4,1,6,0,0.6491228070175439,0.6491228070175439,0.6049127239011542,False,True,0,自动处理完成；按有效 mask 保留候选证据,False
AAA/unruputer/CAO_HONG_TAI,,,,,,,,False,,,,225,10,7,6,35,0.6756756756756757,0.5405405405405406,0.6655230563470372,False,True,0,自动处理完成；按有效 mask 保留候选证据,False
AAA/unruputer/CHEN_FU_YE,,,,,,,,False,,,,238,4,9,8,32,0.7531645569620253,0.620253164556962,0.7599914511647788,False,True,0,自动处理完成；按有效 mask 保留候选证据,False
AAA/unruputer/CHEN_LIANG_FU,,,,,,,,False,,,,188,3,3,4,0,0.6064516129032258,0.6064516129032258,0.6763325599218889,False,True,0,自动处理完成；按有效 mask 保留候选证据,False
AAA/unruputer/CHEN_SHU_LIN,,,,,,,,False,,,,287,7,1,5,15,0.7532808398950132,0.6850393700787402,0.7925534616752171,False,True,0,自动处理完成；按有效 mask 保留候选证据,False
AAA/unruputer/FENG_ZHI_YING,,,,,,,,False,,,,202,1,4,3,0,0.7622641509433963,0.7509433962264151,0.8074793388429752,False,True,0,自动处理完成；按有效 mask 保留候选证据,False
AAA/unruputer/GAO_DIAN_WEN,,,,,,,,False,,,,230,4,1,4,17,0.7301587301587301,0.5873015873015873,0.7679847546450691,False,True,0,自动处理完成；按有效 mask 保留候选证据,False
AAA/unruputer/GAO_WEI_LI,,,,,,,,False,,,,181,2,3,4,7,0.6328671328671329,0.6048951048951049,0.6676994019742056,False,True,0,自动处理完成；按有效 mask 保留候选证据,False
AAA/unruputer/GUO_BAO_CHUN,,,,,,,,False,,,,175,6,6,9,3,0.5794701986754967,0.5397350993377483,0.63817986823962,True,True,0,自动处理完成；低覆盖沿程特征暂不建议启用,False
AAA/unruputer/HAN_JIAN_FU,,,,,,,,False,,,,251,2,1,3,0,0.8019169329073482,0.8019169329073482,0.850989480325661,False,True,0,自动处理完成；按有效 mask 保留候选证据,False
AAA/unruputer/LIN_JIAN_RONG,,,,,,,,False,,,,224,2,0,1,1,0.8296296296296296,0.7851851851851852,0.852417228671726,False,True,0,自动处理完成；按有效 mask 保留候选证据,False
AAA/unruputer/LIU_CHENG_ZHANG,,,,,,,,False,,,,207,1,1,7,2,0.7040816326530612,0.6972789115646258,0.7101797065342834,False,True,0,自动处理完成；按有效 mask 保留候选证据,False
AAA/unruputer/LIU_JIE,,,,,,,,False,,,,213,3,1,1,2,0.7830882352941176,0.7647058823529411,0.8046386310996265,False,True,0,自动处理完成；按有效 mask 保留候选证据,False
AAA/unruputer/LIU_KANG_WEN,,,,,,,,False,,,,225,2,3,5,28,0.6320224719101124,0.5252808988764045,0.6911795961742827,False,True,0,自动处理完成；按有效 mask 保留候选证据,False
AAA/unruputer/LIU_LI_FENG,,,,,,,,False,,,,210,4,3,4,1,0.7070707070707071,0.696969696969697,0.693967815803507,False,True,0,自动处理完成；按有效 mask 保留候选证据,False
AAA/unruputer/LIU_XING_GUO,,,,,,,,True,71.0,"[[1, 5], [2, 3]]","[-7.083396808031219, -185.29318781232834, -306.96520697583594]",240,3,3,3,53,0.7272727272727273,0.5060606060606061,0.7672666719530569,False,True,0,根部首次隔离位置已由用户确认；按有效 mask 保留候选证据,False
AAA/unruputer/LI_YOU_YU,,,,,,,,False,,,,214,0,3,11,5,0.7181208053691275,0.6711409395973155,0.7272321926206666,False,True,0,自动处理完成；按有效 mask 保留候选证据,False
AAA/unruputer/MA_JIN_HE,,,,,,,,False,,,,205,3,0,2,0,0.7677902621722846,0.7677902621722846,0.7701260279685647,False,True,0,自动处理完成；按有效 mask 保留候选证据,False
AAA/unruputer/QIAO_XIU_YUN,,,,,,,,False,,,,214,6,2,5,0,0.7561837455830389,0.7102473498233216,0.7610458117963605,False,True,0,自动处理完成；按有效 mask 保留候选证据,False
AAA/unruputer/SHEN_CHUN_WANG,,,,,,,,False,,,,222,2,2,4,1,0.8043478260869565,0.8007246376811594,0.8294168500471549,False,True,0,自动处理完成；按有效 mask 保留候选证据,False
AAA/unruputer/SHEN_FANG_JIN,,,,,,,,False,,,,205,2,2,11,0,0.6879194630872483,0.6879194630872483,0.6509542342680297,False,True,0,自动处理完成；按有效 mask 保留候选证据,False
AAA/unruputer/SUN_SHU_MING,,,,,,,,True,48.75,"[[1, 5], [2, 3]]","[-19.62635680378603, 102.56145480344196, -82.55564262891016]",271,12,7,13,37,0.6913265306122449,0.45408163265306123,0.7268351383874849,True,True,0,根部首次隔离位置已由用户确认；低覆盖沿程特征暂不建议启用,False
AAA/unruputer/WANG_MAN_TIAN,,,,,,,,False,,,,216,6,2,5,1,0.7128712871287128,0.6600660066006601,0.7095252544757386,False,True,0,自动处理完成；按有效 mask 保留候选证据,False
AAA/unruputer/YANG_BEN_RUI,,,,,,,,False,,,,234,4,5,6,0,0.7381703470031545,0.7381703470031545,0.8052897502964924,False,True,0,自动处理完成；按有效 mask 保留候选证据,False
AAA/unruputer/YAN_FU_TANG,,,,,,,,False,,,,209,3,5,5,0,0.7359154929577465,0.7288732394366197,0.7699638701601661,False,True,0,自动处理完成；按有效 mask 保留候选证据,False
AAA/unruputer/ZHANG_XUN_LIAN,,,,,,,,False,,,,222,3,9,5,0,0.75,0.7027027027027027,0.7243752156553458,False,True,0,自动处理完成；按有效 mask 保留候选证据,False
AAA/unruputer/ZHANG_YONG_ZHI,,,,,,,,False,,,,201,1,6,4,1,0.7178571428571429,0.6642857142857143,0.7061931828057917,False,True,0,自动处理完成；按有效 mask 保留候选证据,False
AAA/unruputer/ZHANG_ZHI_HUA,,,,,,,,False,,,,211,3,1,5,0,0.7757352941176471,0.7720588235294118,0.7942753623188405,False,True,0,自动处理完成；按有效 mask 保留候选证据,False
AAA/unruputer/ZHOU_XI_SHENG,,,,,,,,False,,,,262,6,1,5,62,0.7464387464387464,0.5270655270655271,0.782455625641778,False,True,0,自动处理完成；按有效 mask 保留候选证据,False
AAA/unruputer/ZHU_ZI_HAI,,,,,,,,False,,,,282,5,5,6,28,0.8080229226361032,0.5300859598853869,0.8022916807919181,False,True,0,自动处理完成；按有效 mask 保留候选证据,False
AG/fast/CHEN_SHI_MING,,,,,,,,False,,,,202,2,0,9,56,0.7453874538745388,0.5239852398523985,0.7656885842792889,False,True,0,自动处理完成；按有效 mask 保留候选证据,False
AG/fast/FAN_JIAN_MING,,,,,,,,False,,,,223,4,2,3,37,0.7508417508417509,0.5117845117845118,0.7727486590759386,False,True,0,自动处理完成；按有效 mask 保留候选证据,False
AG/fast/HAN_JIAN_JUN,,,,,,,,False,,,,257,6,2,4,49,0.8056426332288401,0.6426332288401254,0.840971302428256,False,True,0,自动处理完成；按有效 mask 保留候选证据,False
AG/fast/LIU_FENG_MING,,,,,,,,False,,,,216,2,3,7,10,0.7422680412371134,0.6769759450171822,0.7582087309339545,False,True,0,自动处理完成；按有效 mask 保留候选证据,False
AG/fast/LIU_JUN_FENG,,,,,,,,False,,,,201,1,1,3,8,0.7178571428571429,0.6785714285714286,0.7488652482269503,False,True,0,自动处理完成；按有效 mask 保留候选证据,False
AG/fast/LIU_LI_QUN,,,,,,,,False,,,,161,1,1,8,13,0.696969696969697,0.6406926406926406,0.7099292734453936,False,True,0,自动处理完成；按有效 mask 保留候选证据,False
AG/fast/LIU_YI_BING,,,,,,,,False,,,,218,5,1,6,24,0.7315436241610739,0.6510067114093959,0.7551117829580715,False,True,0,自动处理完成；按有效 mask 保留候选证据,False
AG/fast/LI_SHI_QIANG,,,,,,,,False,,,,202,0,3,5,15,0.7651515151515151,0.7007575757575758,0.7773897198390403,False,True,0,自动处理完成；按有效 mask 保留候选证据,False
AG/fast/LI_SHU_KUN,,,,,,,,False,,,,202,1,0,5,16,0.7565543071161048,0.6966292134831461,0.7917815529662902,False,True,0,自动处理完成；按有效 mask 保留候选证据,False
AG/fast/LI_ZHEN_SHAN,,,,,,,,False,,,,246,3,0,13,20,0.717201166180758,0.6268221574344023,0.7283164210058514,False,True,0,自动处理完成；按有效 mask 保留候选证据,False
AG/fast/LI_ZHI_LIN,,,,,,,,False,,,,245,2,0,5,14,0.8193979933110368,0.7558528428093646,0.8482238200327472,False,True,0,自动处理完成；按有效 mask 保留候选证据,False
AG/fast/LOU_YANG,,,,,,,,False,,,,198,1,1,5,23,0.7252747252747253,0.6373626373626373,0.761984082916898,False,True,0,自动处理完成；按有效 mask 保留候选证据,False
AG/fast/RAN_QING_BO,,,,,,,,False,,,,259,1,0,3,19,0.7617647058823529,0.6882352941176471,0.7666553557289899,False,True,0,自动处理完成；按有效 mask 保留候选证据,False
AG/fast/SUN_ZHI_YU,,,,,,,,False,,,,187,4,2,10,8,0.757085020242915,0.7246963562753036,0.7739398084815321,False,True,0,自动处理完成；按有效 mask 保留候选证据,False
AG/fast/WANG_CHUN_MING,,,,,,,,False,,,,181,2,1,2,17,0.7801724137931034,0.7068965517241379,0.8198404785643071,False,True,0,自动处理完成；按有效 mask 保留候选证据,False
AG/fast/WANG_DAO_CHUN,,,,,,,,False,,,,203,0,3,5,15,0.7490774907749077,0.6457564575645757,0.770254936076859,False,True,0,自动处理完成；按有效 mask 保留候选证据,False
AG/fast/WANG_YONG_FAN,,,,,,,,False,,,,235,3,1,5,14,0.7885906040268457,0.7315436241610739,0.8269338827495786,False,True,0,自动处理完成；按有效 mask 保留候选证据,False
AG/fast/YAO_CUN_HONG,,,,,,,,False,,,,213,1,0,5,55,0.8287937743190662,0.6147859922178989,0.8325432811211871,False,True,0,自动处理完成；按有效 mask 保留候选证据,False
AG/fast/ZHANG_CHUN,,,,,,,,False,,,,242,2,1,5,21,0.8231292517006803,0.7517006802721088,0.8743682310469314,False,True,0,自动处理完成；按有效 mask 保留候选证据,False
AG/fast/ZHANG_HAO,,,,,,,,False,,,,209,1,1,4,11,0.7769516728624535,0.7286245353159851,0.7900327449884195,False,True,0,自动处理完成；按有效 mask 保留候选证据,False
AG/fast/ZHANG_LIANG,,,,,,,,False,,,,254,2,0,2,25,0.8167202572347267,0.7331189710610932,0.8207514410722967,False,True,0,自动处理完成；按有效 mask 保留候选证据,False
AG/fast/ZHANG_QING_WANG,,,,,,,,False,,,,267,1,0,6,23,0.8140243902439024,0.7408536585365854,0.8170916708805894,False,True,0,自动处理完成；按有效 mask 保留候选证据,False
AG/fast/ZHANG_XIU_WEN,,,,,,,,False,,,,225,1,0,5,27,0.7894736842105263,0.6947368421052632,0.8016638158917743,False,True,0,自动处理完成；按有效 mask 保留候选证据,False
AG/fast/ZHANG_XIU_ZHEN,,,,,,,,False,,,,246,8,3,3,3,0.7935483870967742,0.6612903225806451,0.8073010521420683,False,True,0,自动处理完成；按有效 mask 保留候选证据,False
AG/slow/A_MIN_SE_HA_CHI,,,,,,,,False,,,,213,1,1,8,22,0.75,0.6690140845070423,0.7725241693070112,False,True,0,自动处理完成；按有效 mask 保留候选证据,False
AG/slow/BAI_WEN_JIE,,,,,,,,False,,,,167,1,0,6,17,0.7046413502109705,0.620253164556962,0.7086361491269467,False,True,0,自动处理完成；按有效 mask 保留候选证据,False
AG/slow/CAO_FENG_CHI,,,,,,,,False,,,,198,2,1,6,7,0.7888446215139442,0.7609561752988048,0.8283140068407442,False,True,0,自动处理完成；按有效 mask 保留候选证据,False
AG/slow/CHENG_GUANG_SEN,,,,,,,,False,,,,206,3,0,4,11,0.8174603174603174,0.7738095238095238,0.8361256065183558,False,True,0,自动处理完成；按有效 mask 保留候选证据,False
AG/slow/CHENG_LU_LI,,,,,,,,False,,,,207,3,0,6,20,0.7931034482758621,0.7164750957854407,0.8094421375699585,False,True,0,自动处理完成；按有效 mask 保留候选证据,False
AG/slow/CHEN_JING_RU,,,,,,,,False,,,,243,1,5,8,40,0.788961038961039,0.6558441558441559,0.7928187865672838,False,True,0,自动处理完成；按有效 mask 保留候选证据,False
AG/slow/DING_LIAN_ZHONG,,,,,,,,False,,,,211,2,0,5,24,0.7902621722846442,0.6966292134831461,0.8047088884832999,False,True,0,自动处理完成；按有效 mask 保留候选证据,False
AG/slow/GONG_HUI_XIA,,,,,,,,False,,,,227,5,2,6,16,0.7964912280701755,0.7403508771929824,0.8199359425044919,False,True,0,自动处理完成；按有效 mask 保留候选证据,False
AG/slow/GUAN_TONG_XIANG,,,,,,,,False,,,,239,1,4,5,36,0.7331288343558282,0.6196319018404908,0.730951628201075,False,True,0,自动处理完成；按有效 mask 保留候选证据,False
AG/slow/GUO_XI_JIANG,,,,,,,,False,,,,216,1,1,7,39,0.8059701492537313,0.6604477611940298,0.8054904259476358,False,True,0,自动处理完成；按有效 mask 保留候选证据,False
AG/slow/HE_SHU_ZHEN,,,,,,,,False,,,,170,2,1,8,14,0.6854838709677419,0.6290322580645161,0.7322335025380711,False,True,0,自动处理完成；按有效 mask 保留候选证据,False
AG/slow/KANG_XI_MING,,,,,,,,False,,,,199,1,1,4,14,0.7803921568627451,0.7137254901960784,0.7998066613937956,False,True,0,自动处理完成；按有效 mask 保留候选证据,False
AG/slow/LIU_FA_CHUN,,,,,,,,False,,,,185,1,1,7,19,0.6826568265682657,0.6088560885608856,0.7339240284235459,False,True,0,自动处理完成；按有效 mask 保留候选证据,False
AG/slow/LIU_FENG,,,,,,,,False,,,,215,2,3,8,21,0.7263513513513513,0.6452702702702703,0.7546170259730705,False,True,0,自动处理完成；按有效 mask 保留候选证据,False
AG/slow/LIU_JIN_LIANG,,,,,,,,False,,,,221,5,0,6,7,0.7441077441077442,0.696969696969697,0.7857402427501998,False,True,0,自动处理完成；按有效 mask 保留候选证据,False
AG/slow/LIU_ZONG_YANG,,,,,,,,False,,,,170,1,1,10,6,0.7359307359307359,0.7056277056277056,0.7676717745921898,False,True,0,自动处理完成；按有效 mask 保留候选证据,False
AG/slow/LI_BING_YI,,,,,,,,False,,,,212,2,1,6,19,0.7822878228782287,0.7121771217712177,0.7839683680805176,False,True,0,自动处理完成；按有效 mask 保留候选证据,False
AG/slow/LI_CHONG_ZENG,,,,,,,,False,,,,214,1,0,9,11,0.7896678966789668,0.7490774907749077,0.8287475966319697,False,True,0,自动处理完成；按有效 mask 保留候选证据,False
AG/slow/LI_GUI_YING,,,,,,,,False,,,,196,1,0,3,25,0.6925795053003534,0.5936395759717314,0.7282346638092687,False,True,0,自动处理完成；按有效 mask 保留候选证据,False
AG/slow/LI_HUAN_GE,,,,,,,,False,,,,183,1,1,5,36,0.7261904761904762,0.5833333333333334,0.7610905366007407,False,True,0,自动处理完成；按有效 mask 保留候选证据,False
AG/slow/LU_ZHEN_QING,,,,,,,,False,,,,199,5,2,3,17,0.7210144927536232,0.644927536231884,0.7501816127209622,False,True,0,自动处理完成；按有效 mask 保留候选证据,False
AG/slow/LV_FU_LONG,,,,,,,,False,,,,205,6,0,4,17,0.7649253731343284,0.6828358208955224,0.785093355506841,False,True,0,自动处理完成；按有效 mask 保留候选证据,False
AG/slow/MA_TIAN_YI,,,,,,,,False,,,,166,1,0,4,6,0.7443946188340808,0.7174887892376681,0.7561728395061729,False,True,0,自动处理完成；按有效 mask 保留候选证据,False
AG/slow/MA_YU,,,,,,,,False,,,,259,1,2,12,7,0.7685459940652819,0.7477744807121661,0.8111329707209813,False,True,0,自动处理完成；按有效 mask 保留候选证据,False
AG/slow/MI_DE_XI,,,,,,,,False,,,,192,4,2,5,9,0.7384615384615385,0.6884615384615385,0.7895318595578673,False,True,0,自动处理完成；按有效 mask 保留候选证据,False
AG/slow/NI_YAN_BIN,,,,,,,,False,,,,209,2,0,4,4,0.7437722419928826,0.7224199288256228,0.7739294339400365,False,True,0,自动处理完成；按有效 mask 保留候选证据,False
AG/slow/QIN_SI_FU,,,,,,,,False,,,,218,2,2,2,11,0.7956204379562044,0.7445255474452555,0.810515873015873,False,True,0,自动处理完成；按有效 mask 保留候选证据,False
AG/slow/QU_HE_PING,,,,,,,,False,,,,166,1,0,6,7,0.6775510204081633,0.6448979591836734,0.7658013544018059,False,True,0,自动处理完成；按有效 mask 保留候选证据,False
AG/slow/SHEN_ZHI_GANG,,,,,,,,False,,,,190,1,1,8,7,0.7883817427385892,0.7427385892116183,0.8106531009201765,False,True,0,自动处理完成；按有效 mask 保留候选证据,False
AG/slow/SUN_ZONG_GE,,,,,,,,False,,,,198,2,1,5,19,0.8048780487804879,0.7235772357723578,0.8406156023350433,False,True,0,自动处理完成；按有效 mask 保留候选证据,False
AG/slow/WANG_GUANG_CHAO,,,,,,,,False,,,,137,2,1,2,7,0.7287234042553191,0.6542553191489362,0.747329874885566,False,True,0,自动处理完成；按有效 mask 保留候选证据,False
AG/slow/WANG_GUI,,,,,,,,False,,,,204,4,0,5,33,0.723404255319149,0.6063829787234043,0.7196409276036905,False,True,0,自动处理完成；按有效 mask 保留候选证据,False
AG/slow/WANG_KE,,,,,,,,False,,,,218,1,1,7,17,0.7841726618705036,0.7194244604316546,0.7889999237165306,False,True,0,自动处理完成；按有效 mask 保留候选证据,False
AG/slow/WANG_YAN_LING,,,,,,,,False,,,,165,3,3,7,3,0.7366071428571429,0.6875,0.7681060282171869,False,True,0,自动处理完成；按有效 mask 保留候选证据,False
AG/slow/WANG_YONG_LI,,,,,,,,False,,,,205,5,0,4,28,0.7677902621722846,0.6629213483146067,0.8146788990825689,False,True,0,自动处理完成；按有效 mask 保留候选证据,False
AG/slow/WEI_BAO_XING,,,,,,,,False,,,,207,3,2,3,45,0.7961538461538461,0.6153846153846154,0.8206091370558376,False,True,0,自动处理完成；按有效 mask 保留候选证据,False
AG/slow/WU_FENG_YAN,,,,,,,,False,,,,267,4,2,4,36,0.8215384615384616,0.7076923076923077,0.8446581043266126,False,True,0,自动处理完成；按有效 mask 保留候选证据,False
AG/slow/WU_YI_FA,,,,,,,,False,,,,235,0,2,7,6,0.8131487889273357,0.7889273356401384,0.8131642737273914,False,True,0,自动处理完成；按有效 mask 保留候选证据,False
AG/slow/XI_CHENG_JIANG,,,,,,,,False,,,,231,1,0,8,23,0.7573770491803279,0.6819672131147541,0.7822774970851146,False,True,0,自动处理完成；按有效 mask 保留候选证据,False
AG/slow/XU_YI_CAI,,,,,,,,False,,,,216,1,1,4,34,0.75,0.6319444444444444,0.7729213066072754,False,True,0,自动处理完成；按有效 mask 保留候选证据,False
AG/slow/YANG_YOU_SHENG,,,,,,,,False,,,,221,0,2,7,3,0.7647058823529411,0.7439446366782007,0.7847226879484944,False,True,0,自动处理完成；按有效 mask 保留候选证据,False
AG/slow/YIN_YU_RONG,,,,,,,,False,,,,196,2,1,3,28,0.784,0.668,0.8191855753646677,False,True,0,自动处理完成；按有效 mask 保留候选证据,False
AG/slow/ZANG_YU_SHU,,,,,,,,False,,,,266,3,2,7,30,0.7916666666666666,0.7023809523809523,0.79611208634029,False,True,0,自动处理完成；按有效 mask 保留候选证据,False
AG/slow/ZHANG_JING_SHUN,,,,,,,,False,,,,284,1,3,6,78,0.7802197802197802,0.45054945054945056,0.7825020441537204,True,True,0,自动处理完成；低覆盖沿程特征暂不建议启用,False
AG/slow/ZHANG_JUN_HUA,,,,,,,,False,,,,227,2,3,7,15,0.8107142857142857,0.7535714285714286,0.8286535485297369,False,True,0,自动处理完成；按有效 mask 保留候选证据,False
AG/slow/ZHANG_LING_GUANG,,,,,,,,False,,,,254,3,3,5,8,0.7863777089783281,0.7585139318885449,0.8072721253586405,False,True,0,自动处理完成；按有效 mask 保留候选证据,False
AG/slow/ZHANG_QING_SHUI,,,,,,,,False,,,,282,1,8,5,31,0.8294117647058824,0.6411764705882353,0.8423679955002461,False,True,0,自动处理完成；按有效 mask 保留候选证据,False
AG/slow/ZHANG_QUAN_YOU,,,,,,,,False,,,,231,3,0,7,23,0.8105263157894737,0.7298245614035088,0.8507534853735192,False,True,0,自动处理完成；按有效 mask 保留候选证据,False
AG/slow/ZHANG_SONG_TIAN,,,,,,,,False,,,,232,5,0,4,24,0.7918088737201365,0.7064846416382252,0.7983638113570741,False,True,0,自动处理完成；按有效 mask 保留候选证据,False
AG/slow/ZHANG_WEI_XIAN,,,,,,,,False,,,,180,2,3,3,2,0.75,0.7291666666666666,0.7249258959849098,False,True,0,自动处理完成；按有效 mask 保留候选证据,False
AG/slow/ZHANG_ZHI_JUN,,,,,,,,False,,,,175,1,0,8,12,0.7322175732217573,0.6820083682008368,0.7792966815255077,False,True,0,自动处理完成；按有效 mask 保留候选证据,False
ILO/AN_GUANG_JIE-0/before,,,,,,,,False,,,,227,2,5,6,0,0.7747440273037542,0.7508532423208191,0.7479499201039527,False,True,0,自动处理完成；按有效 mask 保留候选证据,False
ILO/BAO_EN_YUN-0/before,,,,,,,,False,,,,255,1,0,5,0,0.7634730538922155,0.7544910179640718,0.7901717813366735,False,True,0,自动处理完成；按有效 mask 保留候选证据,False
ILO/CUI_WEI_PING-0/before,,,,,,,,False,,,,261,1,0,1,1,0.8207547169811321,0.7924528301886793,0.8374029156830591,False,True,0,自动处理完成；按有效 mask 保留候选证据,False
ILO/GAO_SHU_CAI-0/before,,,,,,,,False,,,,324,10,4,3,4,0.8181818181818182,0.803030303030303,0.771712550287923,False,True,0,自动处理完成；按有效 mask 保留候选证据,False
ILO/GENG_CHUN_LAI-1/before,,,,,,,,False,,,,309,3,0,3,34,0.8559556786703602,0.7617728531855956,0.8719524604175994,False,True,0,自动处理完成；按有效 mask 保留候选证据,False
ILO/GONG_HAI_ZENG-1/before,,,,,,,,False,,,,246,1,1,4,1,0.7454545454545455,0.7363636363636363,0.7777343845346482,False,True,0,自动处理完成；按有效 mask 保留候选证据,False
ILO/GUO_QING_SHAN-0/before,,,,,,,,False,,,,245,2,0,3,2,0.7777777777777778,0.7587301587301587,0.807238102686427,False,True,0,自动处理完成；按有效 mask 保留候选证据,False
ILO/GUO_YU_SHU-0/before,,,,,,,,False,,,,233,2,3,4,2,0.8262411347517731,0.8120567375886525,0.8231427087079887,False,True,0,自动处理完成；按有效 mask 保留候选证据,False
ILO/HOU_SHI_GUO-0/before,,,,,,,,False,,,,303,1,2,2,6,0.8487394957983193,0.8263305322128851,0.8550829677665459,False,True,0,自动处理完成；按有效 mask 保留候选证据,False
ILO/LIN_CHUN_YANG-1/before,,,,,,,,False,,,,267,2,2,2,0,0.8291925465838509,0.8043478260869565,0.8087252634284245,False,True,0,自动处理完成；按有效 mask 保留候选证据,False
ILO/LIU_BAO_JUN-0/before,,,,,,,,False,,,,220,4,6,3,1,0.6896551724137931,0.5924764890282131,0.6814596068065422,False,True,0,自动处理完成；按有效 mask 保留候选证据,False
ILO/LIU_LIAN_YOU-0/before,,,,,,,,False,,,,220,2,4,2,3,0.7719298245614035,0.7333333333333333,0.7892378335515519,False,True,0,自动处理完成；按有效 mask 保留候选证据,False
ILO/LIU_YUE_DONG-0/before,,,,,,,,False,,,,241,1,1,4,1,0.7980132450331126,0.7847682119205298,0.8088669481570844,False,True,0,自动处理完成；按有效 mask 保留候选证据,False
ILO/LI_SHENG_WEN-0/before,,,,,,,,False,,,,236,2,2,5,5,0.7814569536423841,0.7649006622516556,0.7981307703950355,False,True,0,自动处理完成；按有效 mask 保留候选证据,False
ILO/LI_YOU_ZHI-0/before,,,,,,,,False,,,,254,6,1,5,2,0.7055555555555556,0.6722222222222223,0.7305637544273907,False,True,0,自动处理完成；按有效 mask 保留候选证据,False
ILO/LU_FU_SHAN-0/before,,,,,,,,False,,,,264,2,0,4,0,0.8488745980707395,0.8488745980707395,0.8836642372455391,False,True,0,自动处理完成；按有效 mask 保留候选证据,False
ILO/LV_JIAN_HUA-0/before,,,,,,,,False,,,,303,2,0,4,0,0.7890625,0.78125,0.7885732329273077,False,True,0,自动处理完成；按有效 mask 保留候选证据,False
ILO/PAN_YIN_GEN-1/before,,,,,,,,False,,,,221,3,3,8,1,0.778169014084507,0.75,0.7877237851662404,False,True,0,自动处理完成；按有效 mask 保留候选证据,False
ILO/SUN_DE_QI-1/before,,,,,,,,False,,,,229,0,1,4,2,0.7762711864406779,0.7559322033898305,0.8248772971122018,False,True,0,自动处理完成；按有效 mask 保留候选证据,False
ILO/SUN_DONG_XIN-0/before,,,,,,,,False,,,,222,3,0,6,1,0.7474747474747475,0.7306397306397306,0.7362022153343425,False,True,0,自动处理完成；按有效 mask 保留候选证据,False
ILO/SUN_XU_XIA-1/before,,,,,,,,False,,,,258,0,1,3,2,0.80625,0.796875,0.8449594399562051,False,True,0,自动处理完成；按有效 mask 保留候选证据,False
ILO/SUN_YU_SHENG-0/before,,,,,,,,False,,,,225,0,0,9,3,0.75,0.7333333333333333,0.7933145939375522,False,True,0,自动处理完成；按有效 mask 保留候选证据,False
ILO/WAGN_LI_JUN-1/before,,,,,,,,False,,,,232,1,1,2,1,0.7116564417177914,0.6840490797546013,0.7178931790663259,False,True,0,自动处理完成；按有效 mask 保留候选证据,False
ILO/WANG_JIN_MING-0/before,,,,,,,,False,,,,252,1,3,2,1,0.802547770700637,0.7898089171974523,0.8331137394288516,False,True,0,自动处理完成；按有效 mask 保留候选证据,False
ILO/WANG_SHU_SHENG-0/before,,,,,,,,False,,,,298,2,0,5,5,0.8688046647230321,0.8542274052478134,0.8870605951279196,False,True,0,自动处理完成；按有效 mask 保留候选证据,False
ILO/WANG_TIAN_QING-1/before,,,,,,,,False,,,,265,6,6,6,4,0.8204334365325078,0.718266253869969,0.799459643656898,False,True,0,自动处理完成；按有效 mask 保留候选证据,False
ILO/WANG_XIAO_LIN-0/before,,,,,,,,False,,,,271,6,6,3,6,0.8187311178247734,0.6918429003021148,0.7774178832116788,False,True,0,自动处理完成；按有效 mask 保留候选证据,False
ILO/WENG_ZHAO_GUANG-0/before,,,,,,,,False,,,,338,3,4,5,2,0.8223844282238443,0.781021897810219,0.7882009481611616,False,True,0,自动处理完成；按有效 mask 保留候选证据,False
ILO/WU_JUN-0/before,,,,,,,,False,,,,267,2,1,7,0,0.8165137614678899,0.8134556574923547,0.7999544142227625,False,True,0,自动处理完成；按有效 mask 保留候选证据,False
ILO/XIE_ZHI_FU-0/before,,,,,,,,False,,,,208,3,3,3,0,0.734982332155477,0.734982332155477,0.7851012124815802,False,True,0,自动处理完成；按有效 mask 保留候选证据,False
ILO/YANG_WANG_QI-1/before,,,,,,,,False,,,,296,1,2,3,2,0.8314606741573034,0.8146067415730337,0.8526616550543943,False,True,0,自动处理完成；按有效 mask 保留候选证据,False
ILO/YANG_WEN_TAI-0/before,,,,,,,,False,,,,295,11,6,4,1,0.7866666666666666,0.7173333333333334,0.7699100991840524,False,True,0,自动处理完成；按有效 mask 保留候选证据,False
ILO/YANG_YU_QING-1/before,,,,,,,,False,,,,240,0,1,2,7,0.8,0.77,0.8294105782508184,False,True,0,自动处理完成；按有效 mask 保留候选证据,False
ILO/YAO_GUO_CHEN-0/before,,,,,,,,False,,,,248,0,2,6,11,0.7272727272727273,0.6920821114369502,0.6998854758885844,False,True,0,自动处理完成；按有效 mask 保留候选证据,False
ILO/YU_XIANG_SHENG-1/before,,,,,,,,False,,,,233,1,1,4,1,0.7871621621621622,0.7702702702702703,0.8207440023763345,False,True,0,自动处理完成；按有效 mask 保留候选证据,False
ILO/ZHANG_HE_PING-0/before,,,,,,,,False,,,,253,3,2,5,0,0.8295081967213115,0.8262295081967214,0.8359457493488514,False,True,0,自动处理完成；按有效 mask 保留候选证据,False
ILO/ZHANG_JIAN_JUN-1/before,,,,,,,,False,,,,269,2,1,5,1,0.7513966480446927,0.7486033519553073,0.7452004663036581,False,True,0,自动处理完成；按有效 mask 保留候选证据,False
ILO/ZHANG_JIN_CHUN-1/before,,,,,,,,False,,,,258,6,7,6,2,0.7962962962962963,0.6666666666666666,0.7955565710599177,False,True,0,自动处理完成；按有效 mask 保留候选证据,False
ILO/ZHANG_YAN_SHAN-0/before,,,,,,,,False,,,,219,1,1,4,2,0.776595744680851,0.7624113475177305,0.8106651112642946,False,True,0,自动处理完成；按有效 mask 保留候选证据,False
ILO/ZHANG_YONG_SHENG-0/before,,,,,,,,False,,,,242,4,1,3,0,0.7857142857142857,0.7857142857142857,0.8191748578627194,False,True,0,自动处理完成；按有效 mask 保留候选证据,False
ILO/ZHAO_CHANG_SHAN-0/before,,,,,,,,False,,,,222,2,1,2,2,0.7789473684210526,0.7192982456140351,0.8253261878160092,False,True,0,自动处理完成；按有效 mask 保留候选证据,False
