case,group,cohort,n_raw,n_wall,mixed,spacing_mm,bbox_x,bbox_y,bbox_z,wss_p50,wss_p90,wss_p99,wss_max,wss_mean,p_mean,p_p99,inlet_area_mm2,R_total
AAA/ruputer/DING_JUN_FENG,lib170,AAA,55762,55762,False,0.41272907126321157,94.48159242999999,89.70750560000002,265.47357530000005,3.265656468,27.775516742000004,74.99883406929997,262.4489162,10.467369586440109,15725.745085632509,17080.94774,388.0212,376145.55996071507
AAA/ruputer/FENG_LI_XIN,lib170,AAA,21643,21643,False,1.2862608783347398,134.00624589,114.8145824,331.3613349999998,0.968714867,5.635654870199999,10.011584516199992,21.55549705,2.1212891400180958,13240.739093123871,13532.703699400001,460.4966,376146.80141255725
AAA/ruputer/GAO_FENG_SHAN,lib170,AAA,48244,48244,False,0.5555633012596466,101.98761858,103.43676875999998,247.21992289999997,1.0292201245,5.025774787100003,12.617550810099997,41.73857905,2.037540556557256,13176.229117756404,13306.238954999999,628.3923,376147.5100930782
AAA/ruputer/GUO_AI_JUN,lib170,AAA,13823,13823,False,1.1192907767576956,118.78872032999999,87.68311701000002,264.5656607,2.125365564,20.524163912000017,46.591504606200004,98.86675195,7.449448087905716,16987.300990935397,17810.6220496,617.7034,440879.7554028038
AAA/ruputer/HUO_SHI_LIANG,lib170,AAA,61661,61661,False,0.40365524761725696,103.59716613,74.55634246,249.83125330000001,2.112884376,11.65795364,29.584938942000015,95.13668861,4.651786694542079,13832.203096797164,14213.625166,350.8293,376147.8331921152
AAA/ruputer/LIN_LIANG_XIAO,lib170,AAA,68778,68778,False,0.39086736995925997,92.891677,85.53423323999999,261.8244265,2.238324595,10.155950977000012,31.661360713299985,129.6219234,4.3465408694289005,13745.329552783156,14087.6016701,510.86839999999995,376147.38877131976
AAA/ruputer/LIU_JI_XIN,lib170,AAA,55751,55751,False,0.4536952567814858,75.12908032,80.3688138,267.84257180000003,1.870523777,11.59048204,29.33700742,130.4749168,4.434488762526103,13905.45613106079,14308.05252,387.3857,376151.79675467237
AAA/ruputer/LIU_YONG_LAN,lib170,AAA,103697,103697,False,0.42449309727996376,110.61352916,106.74226253,277.2991442,0.8264943136,5.813293903400009,17.469721306399986,55.15055385,2.1541566104073033,13593.264264035892,13727.941430800001,375.87005,376147.23102419986
AAA/ruputer/LI_BING_JIANG,lib170,AAA,83986,83986,False,0.4459692726336227,102.89104034,87.63638183,244.93863499999998,0.6525473767000001,5.978969881499999,19.33998314449998,38.80437926,2.145119503714376,13384.679485763461,13512.255576500002,653.2386,376151.34900658083
AAA/ruputer/LI_LAO_PING,lib170,AAA,83855,83855,False,0.4033482629673249,98.04445361,84.98872788,256.4516046,3.221627272,14.527292496000003,28.272695118400048,73.25114013,5.698539610612175,14153.870855390736,15191.4663614,303.1915,376148.96505189623
AAA/ruputer/MA_XIAO_DONG,lib170,AAA,65454,65454,False,0.35373983124433606,111.17522891,77.5949131,242.34770609999998,3.1339573755,13.25295127100001,26.64812600790002,130.1450097,5.48047292164918,13797.503076158831,14146.5606742,306.1519,376149.45668015216
AAA/ruputer/MENG_GUANG_QIN,lib170,AAA,14526,14526,False,1.3481280390946817,95.65238143,101.70826516,261.27763224,1.1089791514999998,15.393113119999999,40.5165197625,87.37053728,4.6010354682290435,14860.039424107119,15248.834915,459.5595,376143.4329568205
AAA/ruputer/TONG_XUE_LIAN,lib170,AAA,84819,84819,False,0.45339242924357015,120.75539877,73.0775598,262.5925332999999,0.8292106827,4.539082632799999,10.081669217399995,27.04465409,1.713879122034175,13267.912208414857,13356.082945,345.3139,376145.21404880827
AAA/ruputer/WANG_AN,lib170,AAA,15848,15848,False,1.314961594417879,121.89316133,112.85457994,276.18593410000005,1.1604574250000002,11.935863636000002,44.771713246800005,90.91151569,4.3663475870421475,14570.312070421503,14953.5503113,499.7237,376148.62191249814
AAA/ruputer/WANG_KUI_WU,lib170,AAA,72308,72308,False,0.3680598544549968,92.65953608,75.53660370000001,252.78502320000013,2.392092472,21.453260823000004,47.502281110399984,123.648236,7.086046007259387,14502.047449772503,14987.1422201,568.4434,376146.7238047049
AAA/ruputer/WU_GUANG_CUN,lib170,AAA,15909,15909,False,1.199916723395475,93.70009782999999,84.28835720000001,303.16144069999996,1.259681393,25.504166524000063,65.34516007,141.518021,6.952995410380126,16810.071380301717,17263.810901200002,516.4357,376156.75028429745
AAA/ruputer/XIE_JIN_QUAN,lib170,AAA,73350,73350,False,0.4209056672028386,96.77590029000001,97.61408388,252.34705279999997,1.2692632375000001,9.3101263697,26.496379267999753,70.34350557,3.4684701993394085,13763.992437890933,14030.389491,691.6357,376151.4574943181
AAA/ruputer/ZHANG_MAO_JIN,lib170,AAA,94307,94307,False,0.4002656976001576,97.62844860999999,75.22125620000001,268.2120609,1.486792678,6.5448168734,14.264722324400013,31.32976663,2.629564624394221,13377.73175918479,13682.5416248,572.2873,376145.8863100868
AAA/ruputer/ZHOU_KE_XUN,lib170,AAA,79782,79782,False,0.46983478931083844,107.42114835,91.21462322999999,246.38400970000004,0.6809964009,13.514341338000005,47.616876958100015,159.7210782,4.231648842724471,16192.661898893113,16481.7427508,691.1849000000001,376147.3272984084
AAA/ruputer/ZOU_LI_SHUN,lib170,AAA,14608,14608,False,1.0636156578411213,106.62431724000001,110.66909009999999,302.410338,5.80511381,12.274856968,20.662420154100005,62.07062086,6.059585789076689,14015.008431450575,14544.6218685,603.3729,376150.05395938404
AAA/ruputer/ZUO_DAO_SHENG,lib170,AAA,74418,74418,False,0.46725721312294155,99.42236012,90.90308940000003,249.76768520000002,0.8422070173,8.642964482700004,27.125510262600034,61.92560503,2.931355433386213,14529.074792316644,14690.3676366,509.59240000000005,376147.7221891787
AAA/unruputer/CAO_HONG_TAI,lib170,AAA,17196,17196,False,1.5422186249955223,105.84213308,148.49393125,287.31219785,0.6955969349,3.3682224775,8.990042388399992,30.82583093,1.3265003808496239,13191.44589208188,13304.533877000002,740.0416,376149.4427903881
AAA/unruputer/CHEN_FU_YE,lib170,AAA,14036,14036,False,1.2428233269061468,114.66088088,119.78335850000002,245.86861530000002,1.971310868,18.588645030000002,38.622820491499944,58.55615142,5.958105081298972,14558.999324037473,14985.5038865,538.7683,376149.99659294396
AAA/unruputer/CHEN_LIANG_FU,lib170,AAA,95248,95248,False,0.4106303645610093,104.32283661,113.39984472,247.61181440000001,0.9802194922,5.210018528500001,13.355352008299999,40.54821843,2.0099978701696255,13306.96856547623,13422.9543034,598.2417,376146.00669509225
AAA/unruputer/CHEN_SHU_LIN,lib170,AAA,19686,19686,False,1.198894466491598,115.4966739,94.80904613,297.63756580000006,1.1449354855,7.9531740265,18.230195776500064,43.89112184,2.8831909948521695,12466.75878486945,12718.6888695,624.04,376148.7542618674
AAA/unruputer/FENG_ZHI_YING,lib170,AAA,72599,72599,False,0.4051828109384582,105.72579350999999,106.61437631000001,244.51276610000002,1.7746133,16.947412330000006,41.91101165440008,177.0432099,5.834085085050121,14895.817398383586,15445.74566,418.978,376145.8832410922
AAA/unruputer/GAO_WEI_LI,lib170,AAA,13878,13878,False,1.2105040942532068,114.00228199,109.79578681000001,223.69510383,1.8057720675,6.396495083900002,15.705791351699995,43.41593501,2.8437624679077413,13260.834580391267,13451.9558584,443.421,376152.68601909315
AAA/unruputer/GUO_BAO_CHUN,lib170,AAA,65269,65269,False,0.5369884723040672,106.67868016,106.19448341,239.07492279999997,0.4382998852,1.6976419070000015,5.414579214759999,33.07268487,0.791352221757202,12844.18296957545,12919.410624,680.2537000000001,376147.97566540167
AAA/unruputer/HAN_JIAN_FU,lib170,AAA,82416,82416,False,0.42270369050120504,102.07994134000002,103.14979407999999,267.98551967000003,1.5898777800000001,5.92322089,12.37639889000001,36.33430477,2.6247557113155464,-45.805521738799314,168.01608542,515.9821999999999,376150.1665291886
AAA/unruputer/LIN_JIAN_RONG,lib170,AAA,68653,68653,False,0.42096415908421325,71.80753268,86.89072655000001,259.8526611,2.427715709,23.998358264,55.21843135679982,144.0443489,8.046994792511699,16051.993676190405,16973.3804724,291.2027,376150.6241768147
AAA/unruputer/LIU_CHENG_ZHANG,lib170,AAA,54588,54588,False,0.4827603675419835,97.51015467,76.39854938,246.25016680000002,1.644928536,7.623162870000001,14.803007257599965,49.66643665,2.99272621208643,13690.510940482705,13944.962983899999,487.6376,376146.76710158796
AAA/unruputer/LIU_JIE,lib170,AAA,63466,63466,False,0.43469799559777245,103.58558269,76.01866642,257.3123907,1.5499059525,15.06738017,32.33525379249995,95.41021154,4.96913923118565,14477.051948526769,14845.715284,618.4215999999999,376148.0727633431
AAA/unruputer/LIU_LI_FENG,lib170,AAA,63757,63757,False,0.5138935698999041,99.56396169000001,104.04010709999999,258.2858049999999,0.7778455059,11.789145014,25.463790340800028,40.87966905,3.3531240781244955,14286.85378689148,14469.4141892,411.7655,376152.07146752515
AAA/unruputer/LIU_XING_GUO,lib170,AAA,12610,12610,False,1.154858391527329,111.04264143,113.09522709999997,310.15763945000003,1.599592142,7.9195084265,11.896364136999999,16.50334641,3.258511780077458,13375.985673481364,13546.62659,531.7860000000001,376151.9146748431
AAA/unruputer/LI_YOU_YU,lib170,AAA,53825,53825,False,0.5074607888621592,112.97238404000001,90.3408897,264.32947049999996,1.191330345,4.8389861958,14.40145265400001,44.87422415,2.1648972005310703,13139.07876250237,13302.780637599999,725.2864999999999,376145.9919654288
AAA/unruputer/QIAO_XIU_YUN,lib170,AAA,56491,56491,False,0.45518161528808077,98.14314174,84.4971535,244.0357927,2.273778177,8.815793126,16.799275705999996,60.75850682,3.690387580421237,13369.411785729584,13788.503586,386.6449,376144.0579157513
AAA/unruputer/SHEN_CHUN_WANG,lib170,AAA,50895,50895,False,0.46569775773309396,100.17211388999999,71.290895559,254.30942869999998,2.892953594,8.207602730399998,15.46411427139998,53.17866863,3.867903371290392,13315.192516879066,13565.412504799999,461.25849999999997,376151.0994952642
AAA/unruputer/SHEN_FANG_JIN,lib170,AAA,85303,85303,False,0.4842321971134814,94.82196202,108.42680379000001,257.60253009999997,0.8722945484,4.1586294386,9.890874240319988,36.40064651,1.640082544214855,13153.985841300895,13240.846812,439.8509,376147.2245488263
AAA/unruputer/YANG_BEN_RUI,lib170,AAA,61552,61552,False,0.5368116377129456,106.80448646999999,103.37949538999999,249.73098790000003,1.1427912165,3.7624188937000005,7.343860811739998,18.81669893,1.6594991269030057,13000.912752671076,13110.0598236,482.9198,376149.88411628164
AAA/unruputer/YAN_FU_TANG,lib170,AAA,70301,70301,False,0.40540112065955214,108.00419952,71.38132424,255.603382,1.791739809,20.37050727,46.74790201,214.6492221,6.449637062303282,14778.304906828494,15116.02141,624.2721,376147.0657098492
AAA/unruputer/ZHANG_XUN_LIAN,lib170,AAA,101434,101434,False,0.4011817365000716,106.35450332000002,98.07710660000001,246.781801,0.9225930648,4.0952654241,8.935881819249994,47.11862706,1.6349665675247684,13233.053196023426,13329.3731813,530.6799,376146.82805083145
AAA/unruputer/ZHANG_ZHI_HUA,lib170,AAA,55199,55199,False,0.43966267167887607,107.74023872999999,77.92058493999998,252.78598699999998,2.403827554,13.579433352000018,31.07611369199992,87.42867339,5.356921282176688,13762.800146756646,14213.564890799998,512.5972,376144.1248503729
AAA/unruputer/ZHOU_XI_SHENG,lib170,AAA,13633,13633,False,1.0960146510718936,107.25878351,153.91439653999998,344.8020948,2.403891514,15.7161026,26.79688971160001,42.1364781,5.909597083061043,13915.853919933985,14284.2208356,690.1276,376141.23256485397
AAA/unruputer/ZHU_ZI_HAI,lib170,AAA,14748,14748,False,1.2936003998655843,127.48900145,123.16785068,293.02959176999997,1.722087766,7.482981037000003,11.563995280200016,24.68735078,3.067656336649146,13440.767680547871,13656.0766374,997.0391,376139.9574536825
AG/fast/CHEN_SHI_MING,lib170,AG,9337,9337,False,1.3874914809970915,95.67594525,84.73917497000001,222.8910199,2.451179134,8.7033172658,19.18779147719999,35.93255917,3.7630248285827177,15732.582977574168,15969.2044508,368.7632,436749.9009653913
AG/fast/HAN_JIAN_JUN,lib170,AG,11324,11324,False,1.4010325550740785,104.86517250999998,88.43790235,288.64612280000006,2.2160727525,6.0267197978000056,16.013534690600046,60.48604364,3.1004651211384044,15281.885864256446,15543.6984584,545.4957,436752.7045698443
AG/fast/LIU_FENG_MING,lib170,AG,13308,13308,False,1.1567418606335185,100.45299417999999,80.010596,243.84177600000004,2.6496432355,10.87001408600001,25.9145068881,73.75449076,4.747141800468787,15964.811654397356,16430.6143511,447.9314,436755.4567630532
AG/fast/LIU_JUN_FENG,lib170,AG,14099,14099,False,1.1826038013660025,74.55893849,77.11462032,257.71747631000005,1.682631645,5.316390127400001,8.32590247936,91.18456857,2.4228553855981345,15311.895621670332,15448.158503999999,541.1591,436747.74994641443
AG/fast/LIU_LI_QUN,lib170,AG,10886,10886,False,1.110621470901751,88.25134609999999,78.15786885999998,187.25515455,2.8768328629999997,7.7368690915,12.825744414999999,37.23338373,3.851788863435293,15409.629746033439,15604.8473115,286.3916,436747.8500630401
AG/fast/LIU_YI_BING,lib170,AG,12568,12568,False,1.1318314751092549,101.18100382,78.015500247,286.3105881,2.5839988875,12.467321743000001,19.4499040062,32.66668342,5.130697339108115,16603.415732434754,16950.8097483,399.079,436748.457711177
AG/fast/LI_SHI_QIANG,lib170,AG,13170,13170,False,1.0926673635093895,106.35455137,66.474335742,276.35908429999995,3.2442506105,9.5793931788,19.243259222499944,36.32499762,4.50476361586649,15907.422372224753,16305.6246821,522.4741,436756.4480276914
AG/fast/LI_SHU_KUN,lib170,AG,11242,11242,False,1.1201086008781262,114.10731449,61.237111720000016,266.0160688,5.0925699044999995,10.781436132,20.827132467300007,64.27217974,5.714523186719392,15960.697614032202,16538.4062739,366.4382,436748.6156860426
AG/fast/LI_ZHEN_SHAN,lib170,AG,13500,13500,False,1.212340973828809,140.63681952,118.4775606,235.34881159999998,2.546381996,6.6601410086,13.90177559830001,24.82037709,3.391563453428076,15554.39337372,15809.5161049,565.7562,436748.4503380194
AG/fast/LI_ZHI_LIN,lib170,AG,14046,14046,False,1.1185367478463784,87.002863962,77.87498019999998,334.3402364,2.8714566105,15.61536662,38.10252172699995,220.7967963,6.201769532821879,16674.16414183397,17334.600821,468.30830000000003,436748.8495580753
AG/fast/WANG_CHUN_MING,lib170,AG,10029,10029,False,1.2231251406855344,88.79973369999999,73.83335939999999,211.53885409999998,3.639626092,10.402699122000003,18.200350065999988,41.37186751,4.901775151332376,15648.128571681124,16075.0173688,396.212,436754.73796811554
AG/fast/WANG_DAO_CHUN,lib170,AG,13218,13218,False,1.083516671724548,74.41762346,66.1571536,261.3951946999998,3.8058066034999998,22.272932118000007,44.8706623542,122.8082072,8.459422659359886,16645.46501360115,17590.7112149,396.10900000000004,436746.586613329
AG/fast/WANG_YONG_FAN,lib170,AG,16016,16016,False,1.1408845111843076,100.72789379,76.62509176000002,291.3610655,2.8929756785,10.14403784,20.32505813050001,63.03298513,4.2917851780150915,16436.31211818182,16843.442632,,
AG/fast/ZHANG_HAO,lib170,AG,12520,12520,False,1.2046303780563687,109.82204478,80.008400474,215.01807760000003,3.0021623365,10.962502995000001,20.12011909089993,46.90539538,4.570262805080377,15877.06131454473,16324.9464737,344.48310000000004,436742.3198195014
AG/fast/ZHANG_QING_WANG,lib170,AG,13842,13842,False,1.1221205752314485,104.50316473000001,72.74761300000002,317.05505949999997,3.1382682065,13.264115995,22.322407709400007,50.96228022,5.329593638464311,16464.14846473053,16895.9263877,502.4182,436759.15186727844
AG/fast/ZHANG_XIU_WEN,lib170,AG,12861,12861,False,1.2171531516443954,86.93720947,73.74516466,252.70080180000002,3.015129697,7.551121071,12.095184055999995,27.83244796,3.6556602008765866,15532.03576210559,15812.606002,600.8869,436753.0342026868
AG/fast/ZHANG_XIU_ZHEN,lib170,AG,17202,17202,False,1.2352638037962582,122.21115307000001,60.883737999999994,259.43942749,2.049279661,6.0776659822,12.569751416400026,28.43228574,2.841542754909743,15461.145981092894,15814.0208969,624.2579,436749.2729632013
AG/slow/A_MIN_SE_HA_CHI,lib170,AG,12308,12308,False,1.2873308975333249,87.49028871,75.12832200000001,285.12720880000006,1.856272004,8.119383691600015,22.8244925826,53.37409077,3.4850279713223564,15731.009744422328,15975.6499017,590.6124000000001,436749.14268862864
AG/slow/CAO_FENG_CHI,lib170,AG,11986,11986,False,1.027734359106586,107.30429674999999,71.46274625000001,215.4131169,4.9782600200000005,12.686631765,22.925647789999974,40.11853716,6.170554362544911,16051.526903914566,16597.668180499997,336.2118,436748.41268993734
AG/slow/CHENG_GUANG_SEN,lib170,AG,10922,10922,False,1.2352496901905148,102.47764587,64.12978700000002,244.80705710000007,2.5720293835000003,5.5905744984,12.986041814599883,25.65273372,3.05281535045737,15182.86205993499,15450.6374827,412.62219999999996,436757.0740763191
AG/slow/CHENG_LU_LI,lib170,AG,11077,11077,False,1.250448945780326,84.62063880999999,62.973828639999994,256.3490603000001,2.82974116,9.1290888558,16.44551746319999,48.59479736,4.0753959305457155,15834.916967445159,16135.544332,459.4491,436748.199533755
AG/slow/DING_LIAN_ZHONG,lib170,AG,10957,10957,False,1.1951292648789114,91.57608416000001,76.91845399,244.3052461,3.968511377,12.292737839999997,22.091381121600026,51.49663606,5.603506385765219,15923.074181218399,16416.9902568,466.3757,436753.36148868623
AG/slow/GONG_HUI_XIA,lib170,AG,12800,12800,False,1.2336765530079439,95.22109982,67.28122309999999,261.8063382,2.3200170604999997,5.8417264763,9.250769759970002,16.07563095,2.9382316935077473,15296.627735714843,15513.9342567,404.0175,436750.7800830029
AG/slow/GUAN_TONG_XIANG,lib170,AG,12651,12651,False,1.3605930828018675,99.18050566,78.06059359999999,319.55564161999996,1.56263391,4.658621521,15.442525504999999,38.32235607,2.372491035226847,15126.158109381075,15326.848895,455.4667,436754.8767968032
AG/slow/KANG_XI_MING,lib170,AG,11378,11378,False,0.9946406291514162,94.53596909,72.12976559000002,226.9508523,4.52629512,17.084358784000003,26.637126740299998,44.80185947,7.360298011448243,16139.87193156706,16575.4538606,244.9206,436750.3374594466
AG/slow/LIU_FA_CHUN,lib170,AG,11398,11398,False,0.9292380042939774,99.84833889999999,64.630301013,250.70931109999992,5.4808025185,22.794088379,43.13905674440004,110.6372557,9.712891360139691,16561.214257587293,17393.6176289,395.4608,436747.22897046234
AG/slow/LIU_FENG,lib170,AG,13589,13589,False,1.00464848682501,101.77086048999999,84.34631318,261.77554480000003,4.255152962,16.276243464,30.076748159599983,83.42286388,6.827235529934664,16008.136675357275,16465.952744000002,480.71950000000004,436756.45421947265
AG/slow/LIU_JIN_LIANG,lib170,AG,13758,13758,False,1.0067462030360392,105.72908444000001,75.56255380000002,287.19144323,4.022220631,11.544396600000002,19.006300607700013,40.14039537,5.281036641064302,16141.20189135921,16552.2135627,405.9264,436756.4191726079
AG/slow/LIU_ZONG_YANG,lib170,AG,12137,12137,False,1.0185448970104911,92.16046362,54.389823100000015,223.83953688999998,3.372289535,22.785287695999997,52.40530704119982,124.2983718,8.095206011152765,17090.308462300407,17733.7591468,420.40349999999995,436750.1341043863
AG/slow/LI_BING_YI,lib170,AG,13909,13909,False,0.9035247050427184,91.15782875000001,62.570706340000015,258.41022021,3.695364016,11.878196162000002,22.051481333600005,61.27045629,5.429061385901048,15641.572748796461,16131.7450988,364.59090000000003,436753.40384251263
AG/slow/LI_CHONG_ZENG,lib170,AG,15082,15082,False,0.9102291491074619,89.66132894,54.06633989999999,248.14936310000007,5.855569894,13.561915824,22.432828159900016,42.99389471,6.817788648589234,15834.663280155153,16434.068420300002,396.1008,436744.8101067472
AG/slow/LI_GUI_YING,lib170,AG,14931,14931,False,0.8156510940318437,101.67273252999999,53.17131409999999,244.11088984,5.449680492,20.07578284,52.336699271,133.4330131,8.85414370193482,16129.026163749246,17002.480419,368.47159999999997,436751.1096452889
AG/slow/LU_ZHEN_QING,lib170,AG,12388,12388,False,1.0969285781997375,103.70036874,75.26678750800001,250.14749620000003,2.1448983215,18.538219953000002,32.742589179099966,46.21617221,6.062967342348273,16582.206357943174,16993.464637099998,575.8907,436750.9406074399
AG/slow/LV_FU_LONG,lib170,AG,13228,13228,False,1.213908158705562,105.46698874999998,68.81880919000001,265.104865,2.0295542314999997,11.788109600000002,24.206976126599983,54.36106946,4.386410733545702,16064.166786267766,16422.500397,344.3252,436751.3394643243
AG/slow/MI_DE_XI,lib170,AG,15379,15379,False,0.9037699343093618,124.39252056,56.559110299999986,219.50198875,3.490832152,26.31227614,43.38360242299987,63.52681346,8.626450605726875,17912.695108399766,18592.7438798,479.71439999999996,436751.0008441113
AG/slow/NI_YAN_BIN,lib170,AG,16976,16976,False,0.9502641822237168,76.52592831,65.144279078,275.6034975,3.839748135,19.073477750000002,42.7372373775,80.5371149,7.632481095264834,16662.80533411404,17523.644565,504.2022,436751.48675685946
AG/slow/QIN_SI_FU,lib170,AG,14111,14111,False,1.0118295213407689,103.598473,68.8633665,266.9384037,4.57085524,13.9646328,23.89679180399999,56.8629684,5.929980809216789,16342.53126490043,16854.524469,773.6008,436748.27769347926
AG/slow/QU_HE_PING,lib170,AG,14175,14175,False,0.9525115092894538,91.83325112,65.78045803,237.60823510000003,3.247611503,12.212968562,25.930728803600037,81.21394317,5.278181056913806,16150.19379876261,16590.9863072,380.0883,436749.97935277066
AG/slow/SHEN_ZHI_GANG,lib170,AG,13366,13366,False,1.065881920176057,89.11659146,70.57783230000001,245.55481619999998,2.654178061,17.129468600000003,41.664340821000046,113.3295873,6.275836157325886,16269.31266606988,16765.4842005,471.664,436751.4010851063
AG/slow/SUN_ZONG_GE,lib170,AG,11305,11305,False,1.1907410945175094,81.37691959,73.31756179,236.38566830000005,2.973157804,22.630837237999998,50.22882218399999,148.9932952,8.277728583029848,16681.637031402035,17929.891133600002,295.945,436751.5117292633
AG/slow/WANG_GUANG_CHAO,lib170,AG,9830,9830,False,1.105550782267318,75.63034432,67.19473955000001,184.84346951999999,3.260251292,10.115538561000001,19.276061503699914,70.58299393,4.6140623889011705,15583.350172581893,15908.1294707,318.77529999999996,436752.5940892607
AG/slow/WANG_GUI,lib170,AG,12030,12030,False,1.285447393040927,95.35551797,61.962545100000014,257.6604932,2.479085358,8.1565776702,17.115617309199994,34.99819637,3.682277164098988,15518.160102545304,15802.199995699999,432.9872,436750.97547080665
AG/slow/WANG_KE,lib170,AG,13107,13107,False,0.9861979222059948,113.09898358000001,70.122524,248.75504379999995,8.407183344,23.398055516,39.00761521640001,100.3604235,10.65439478213262,16705.684848863206,17955.759285,436.3309,436757.36371283216
AG/slow/WANG_YAN_LING,lib170,AG,11694,11694,False,1.019136379127961,98.9988247,55.828224230000004,178.89699579999998,3.8197912155,8.534086190700002,14.170610790399989,42.06922711,4.493412698352865,15352.199633535145,15670.0191482,300.6121,436751.3607568959
AG/slow/WANG_YONG_LI,lib170,AG,10354,10354,False,1.3863270103286287,106.04241987,64.48630150999999,258.7314438000001,2.1043741485,5.391030270000002,11.166497284499986,26.91385514,2.718297976770886,15195.192565641297,15413.6320331,383.8365,436749.26488308
AG/slow/WEI_BAO_XING,lib170,AG,9849,9849,False,1.458773183731686,104.70775099,59.951674479999994,241.193331,2.064009121,6.3512962608000025,20.186801228000018,55.2275882,3.0376855087697585,15370.893211808307,15594.70362,343.6896,436752.09692386445
AG/slow/WU_FENG_YAN,lib170,AG,13936,13936,False,1.1946234871225199,108.21762688,76.04323143600001,273.5955381,3.0425365985,8.6754363155,16.817777079999992,39.2153723,4.103681973721017,15672.618785494404,15998.722214,391.2688,436758.6326558493
AG/slow/WU_YI_FA,lib170,AG,21451,21451,False,0.8236088790798989,109.26874889,84.73540741999999,248.89257609999999,4.549081185,12.82782783,20.353921200000002,49.57089451,5.848454139562258,16358.70113881684,16827.062875,434.3582,436753.7135784917
AG/slow/XI_CHENG_JIANG,lib170,AG,12864,12864,False,1.2141995840119009,99.27062404,73.18835139999999,249.53752360000004,3.542713633,8.462463163800003,14.816146865199984,35.92791219,4.30325333659298,15473.454627313433,15835.9939775,449.1572,436743.3243056696
AG/slow/XU_YI_CAI,lib170,AG,10775,10775,False,1.3965899608580412,119.74553905,61.01554593,260.03618418,1.869330323,4.6191671863999995,10.228127684000011,36.41687877,2.409990349568761,14980.499092673783,15182.510031200001,521.7027,436753.3052472192
AG/slow/YANG_YOU_SHENG,lib170,AG,14910,14910,False,1.019910662943241,84.96866488,59.662822400000024,282.5112333,3.1972763410000002,9.2264118573,13.855181545799999,39.1360127,4.27974795522997,15642.345406275654,15989.1152601,487.358,436756.710836568
AG/slow/YIN_YU_RONG,lib170,AG,9871,9871,False,1.2599563364906285,110.55121761999999,48.369207311,218.2827889,4.410736445,9.216389247,16.664475064999998,45.48917671,5.060713069176679,15541.175476689292,16023.359116,289.4015,436750.4317476559
AG/slow/ZANG_YU_SHU,lib170,AG,15380,15380,False,1.310790417669846,128.71050287000003,86.51116383000003,289.069109,1.6780153015,4.6597712683,7.320004279389998,12.48217976,2.163071872825936,15244.111873973994,15392.565728399999,547.8792,436755.86254470336
AG/slow/ZHANG_JING_SHUN,lib170,AG,12229,12229,False,1.5498148304008752,122.26427319000001,71.21224796,266.8762757,2.191085305,7.230007213600003,17.16703868479999,45.47461439,3.3631808488346273,15577.411281547958,16034.6332916,524.2529,436751.4563767548
AG/slow/ZHANG_JUN_HUA,lib170,AG,13568,13568,False,1.1087569296584574,103.62304948,70.9030063,237.37657030000003,6.1499903074999995,18.664728899,30.0739569083,68.55237472,8.283929373643646,16533.596727194134,17444.9434831,407.1611,436754.450975632
AG/slow/ZHANG_LING_GUANG,lib170,AG,18123,18123,False,1.0188975705453034,121.53613358000001,87.55122462000003,287.87333305,2.474433958,7.8374867794000025,17.227643247,48.11534766,3.658677232412238,15522.535244460632,15829.64507,427.8517,436751.19480229466
AG/slow/ZHANG_QING_SHUI,lib170,AG,14222,14222,False,1.2510338373767258,107.19099585999999,79.90415910000002,280.8183872000001,3.1582486425,14.025986284,30.29142606879998,41.75410042,5.676065756384638,16646.273848245677,17273.7832371,555.6615,436749.3839658351
AG/slow/ZHANG_QUAN_YOU,lib170,AG,12408,12408,False,1.1813636767995213,116.08230696000001,60.1484409,264.93906254999996,4.480815149,11.765353045000003,21.5219499172,48.82282713,5.718015916088537,15734.84437785864,16371.8885464,401.1122,436752.8832322781
AG/slow/ZHANG_SONG_TIAN,lib170,AG,12467,12467,False,1.21305197504237,103.67524418999999,61.178811258,241.49197059999995,2.84974234,6.543410253999999,12.350687995800001,22.73811313,3.418194479096686,15315.770489709632,15570.0014342,467.7854,436748.06144567527
AG/slow/ZHANG_ZHI_JUN,lib170,AG,10094,10094,False,1.114537347950292,92.36032073000001,56.68777876,232.7484003,5.000680651,11.505420304000006,22.682372331499987,54.28161376,5.887913593894638,15891.687222080443,16487.3311252,343.9132,436747.17808911996
ILO/AN_GUANG_JIE-0/before,lib170,ILO/before,56948,56948,False,0.4745770468786137,91.08132762,76.80603665000002,289.93778199999997,2.5562479035,7.700520486700001,15.531582438299996,56.15196263,3.574320911050216,13491.822816237971,13817.0482648,568.0036,376151.33570312767
ILO/BAO_EN_YUN-0/before,lib170,ILO/before,89415,89415,False,0.40570918840641984,81.27351291000001,75.0959884,361.66576570999996,1.465821218,10.166064126000004,24.7781662734,72.06858931,3.7908687435408783,14057.892155406364,14313.4537794,511.8159,376148.88137108565
ILO/CUI_WEI_PING-0/before,lib170,ILO/before,55492,55492,False,0.47456905628067925,91.16792009999999,76.77241581,326.42894713,2.4850150959999997,8.3679105161,17.857537118599815,41.7962952,3.724467295947204,13504.33521982484,13844.8053613,488.2086,376152.82797444495
ILO/GAO_SHU_CAI-0/before,lib170,ILO/before,76061,76061,False,0.5086040831157728,108.11507109,124.46032998999999,414.73114339999995,1.415162114,5.383512036,17.23861577199985,75.20065412,2.4961364774111576,13255.068575744994,13513.362901999999,441.4506,376149.99166702136
ILO/GENG_CHUN_LAI-1/before,lib170,ILO/before,49137,49137,False,0.45049884159864373,119.04117817,104.13890396000001,357.8640004999999,4.42850038,13.078282950000006,29.532570313199976,88.98432736,6.006840549131757,14002.648451573767,14538.249037200001,467.2115,376148.2244325986
ILO/GONG_HAI_ZENG-1/before,lib170,ILO/before,81938,81938,False,0.4042630082232974,88.45384553000001,88.10987273100001,344.66986399999996,1.9660949104999998,13.488376342,43.34346665880002,132.6659884,5.495718651667913,14278.71032150077,14996.5304776,489.26099999999997,376147.7881159667
ILO/GUO_QING_SHAN-0/before,lib170,ILO/before,51145,51145,False,0.45500935177548096,88.61797124,78.95264020000002,306.30974893,3.380921546,10.490463197999999,27.146740567199963,57.74010604,5.034838679135707,13516.118973721575,13989.7396104,417.1553,376149.6429489635
ILO/GUO_YU_SHU-0/before,lib170,ILO/before,50045,50045,False,0.47174404049440877,95.13963419000001,85.72265937000002,261.45774570000003,2.612527741,11.957430361999997,31.082810936799955,86.78698697,4.920847199933521,14402.527072413828,14760.1237948,581.225,376148.11328716355
ILO/HOU_SHI_GUO-0/before,lib170,ILO/before,78644,78644,False,0.41413023498700563,111.96354333,98.59643688,404.5280922,2.7582655815,20.317703759999972,45.57414776229998,145.5245779,7.218127852375912,15775.864021550657,16706.947146299997,444.6068,376142.73504854174
ILO/LIN_CHUN_YANG-1/before,lib170,ILO/before,77819,77819,False,0.438196356649175,86.35612062000001,66.35120133449999,323.0495779,2.518509833,11.939509095999998,34.048164924599824,111.1772376,4.898852962859964,13894.838190141481,14846.997962200001,295.4284,376153.936359166
ILO/LIU_BAO_JUN-0/before,lib170,ILO/before,96849,96849,False,0.4081742162888032,108.83479623,80.38743321999999,259.599696,1.043608163,4.2834363246,12.960932216000014,35.94006097,1.9001843308373851,13108.187245715393,13234.1721932,644.9977,376143.8470688697
ILO/LIU_LIAN_YOU-0/before,lib170,ILO/before,108455,108455,False,0.3281244969381854,86.69594492,76.51797624,295.00721009999995,1.522186179,8.668343668000004,23.516811875599974,121.1604365,3.3404565907750214,13896.56632586068,14107.6463688,461.55159999999995,376146.1959057223
ILO/LIU_YUE_DONG-0/before,lib170,ILO/before,62997,62997,False,0.42142616244365966,98.15290687000001,84.53475463999997,303.76640779,2.294742598,6.932451223000001,14.195242160000006,44.21838892,3.3080796263220633,13423.846467335901,13657.6847056,417.4228,376148.7736758323
ILO/LI_SHENG_WEN-0/before,lib170,ILO/before,52855,52855,False,0.46225719734111126,112.81036497,80.23610273999999,318.10409630000004,1.988464983,9.869605199799999,23.577063038,92.45943172,3.9641957342106826,13576.206128494372,13961.5594742,467.34560000000005,376151.0801954826
ILO/LV_JIAN_HUA-0/before,lib170,ILO/before,104510,104510,False,0.42234892886895237,137.66696468,73.66577670000002,315.52090981,1.5204316935,7.363101747000001,14.104835670800009,36.40026055,2.847530549701506,13668.356845332695,13941.730273500001,478.1681,376149.4841217147
ILO/PAN_YIN_GEN-1/before,lib170,ILO/before,57085,57085,False,0.4655194667048051,97.77750981,74.90441716000001,278.7227077,1.685134717,8.1575818342,17.05342594479993,51.63305118,3.1754325516545334,13463.9318886662,13687.320312400001,540.5355999999999,376142.81486381596
ILO/SUN_DE_QI-1/before,lib170,ILO/before,70087,70087,False,0.44244984978243473,111.05938262000001,77.4980867,293.80728769999996,1.89038558,9.8353267246,30.43420146259998,68.67804456,4.056331150957847,13833.896921013169,14142.8071796,408.2296,376146.8881183671
ILO/SUN_YU_SHENG-0/before,lib170,ILO/before,65814,65814,False,0.45526322043530043,94.98156207,67.75875640000002,310.6002314,1.7986858745,6.8047254083,15.618795921300025,52.7244343,2.97356496676824,13404.253203482238,13599.2588533,553.2688,376154.10526617494
ILO/WAGN_LI_JUN-1/before,lib170,ILO/before,74330,74330,False,0.44959187731065253,89.79850361000001,70.19023478099999,272.22881430000007,1.4413782505000001,11.979237303,33.4217123851,109.653492,4.189871210851502,14693.456006648594,15014.295975699999,489.82910000000004,376145.59722576325
ILO/WANG_JIN_MING-0/before,lib170,ILO/before,65271,65271,False,0.451451432410283,86.75510449999999,77.24520638899999,352.82996799999995,2.634048444,27.72328626,106.86902721,294.81272,10.39138918268001,17767.82938305255,19305.319889000002,323.8531,376146.5113617878
ILO/WANG_SHU_SHENG-0/before,lib170,ILO/before,63751,63751,False,0.4609130017012586,101.89644141,87.8736714,375.0404854,2.5337713,9.794217247,27.029071445,64.1189194,4.36555973417075,13755.772608421987,14270.149280000001,460.4083,376146.33232611004
ILO/WANG_TIAN_QING-1/before,lib170,ILO/before,82168,82168,False,0.4620984496436369,122.78874581,92.41420136999999,272.9306633,0.97318230655,11.110376988000002,32.600215722000016,120.2303836,3.569136882908063,14440.006714464876,14699.4219508,477.1465,376151.8281733921
ILO/WANG_XIAO_LIN-0/before,lib170,ILO/before,65759,65759,False,0.45743305874815854,89.14493512000001,101.35566343,331.859791,2.552191395,16.360093936000013,46.220541210999954,181.8673336,6.224869069737387,14526.74747781353,15248.581788200001,669.6849,376148.5465843932
ILO/WENG_ZHAO_GUANG-0/before,lib170,ILO/before,77412,77412,False,0.48839213596287767,123.70430664,103.56639199,391.58596850000004,1.6946969645,5.514290448,12.409601732599997,28.77367594,2.558573824642046,13249.485562043998,13507.2465202,530.3258,376146.91345162544
ILO/WU_JUN-0/before,lib170,ILO/before,65810,65810,False,0.4635698525160178,99.03082489,90.72813414,351.7493604,1.8318780239999999,4.5939604561000005,9.398951663839972,39.66082717,2.371132600741942,13119.306544749585,13333.8118297,504.08699999999993,376147.2509112944
ILO/XIE_ZHI_FU-0/before,lib170,ILO/before,77361,77361,False,0.4125655302361962,122.01274622,76.02131921,248.24452549999998,1.395554717,7.32445587,18.62644508799998,84.86315587,2.912763536329931,13342.239732727989,13530.982808,538.3441,376143.50114181166
ILO/YANG_WANG_QI-1/before,lib170,ILO/before,65447,65447,False,0.49172334077485974,110.42365311,79.62762539,370.29133943,1.44775233,23.633387424000006,63.638633544200005,162.5375624,6.949103231537298,17220.639406774946,17879.5067728,517.0659,376145.8078782153
ILO/YANG_YU_QING-1/before,lib170,ILO/before,64452,64452,False,0.44556416985515235,88.976419,84.18023642,289.11810220000007,2.0505327425,22.321491828000003,48.619507214399995,240.9558711,6.983080736296769,15798.032680454757,16425.473116,443.57689999999997,376149.08660364884
ILO/YAO_GUO_CHEN-0/before,lib170,ILO/before,48897,48897,False,0.4970629649644285,92.06355948000001,103.495931494,383.8827009,2.285687677,12.427214974000002,34.04380735240002,150.6829775,5.287404980404483,13970.887150091006,14365.0019332,583.471,376148.1696623833
ILO/ZHANG_JIAN_JUN-1/before,lib170,ILO/before,67766,67766,False,0.5017445562147048,112.91170826999999,94.11101854,368.4728459999999,1.2381568535,7.130043927,13.301471024000007,43.20193916,2.589477989261623,13511.486271109554,13689.453806,452.46959999999996,376150.6711146051
ILO/ZHANG_YAN_SHAN-0/before,lib170,ILO/before,56576,56576,False,0.4451091557510988,93.53962273,85.33861309,273.16320503,2.37443317,21.123734395,39.4765215125,119.0763378,7.073802324196768,14469.336476161448,15104.185375,386.1059,376150.7021336561
ILO/ZHAO_CHANG_SHAN-0/before,lib170,ILO/before,52806,52806,False,0.4471026646008208,86.78799661,75.28808279999998,273.18970000000013,4.4866871239999995,28.546142275,75.45756241699915,196.678357,10.634349977098953,16105.742960572283,17837.6498915,435.5359,376151.0638258036
AAA/ruputer/KANG_YONG,lib170,AAA,16447,16447,False,1.13588658409198,108.34185865,130.83010195,276.94649785,1.523459233,3.5424685451999998,5.8434892385799895,8.640339609,1.7751063774770048,12956.421456953243,13060.040522000001,508.6871,376152.0862933198
AAA/ruputer/LI_ZHEN_HUA,lib170,AAA,12598,12598,False,1.0763664279112253,98.532613,116.66884546000001,292.94444779,3.6345488125000003,14.446110887000001,26.258693784500014,43.2328351,6.016892072408643,14186.083775187333,14654.715917399999,473.2211,376147.8580404974
AAA/ruputer/WANG_FU_SHUN,lib170,AAA,95286,95286,False,0.35775582853908794,114.05899292000001,84.32398376999998,255.49869320000005,2.1576677415,12.104616505,40.50597680049986,184.4837922,5.024803103613888,14022.364682411164,14498.290563,268.1391,376146.5468325552
AAA/ruputer/YU_TIAN_HAI,lib170,AAA,54653,54653,False,0.4291973270100339,96.30142439,92.64915962,259.1312517,3.740425777,13.338439036,29.772289837199995,95.21417647,5.806347904868025,13872.59291407425,14429.448958,490.5256,376148.9955646237
AAA/unruputer/GAO_DIAN_WEN,lib170,AAA,14692,14692,False,1.1905358961400032,108.88401894,73.01177135,270.7997325,1.854121837,6.959612639999998,14.973755197400004,44.26993239,3.134720381323297,13327.370070659543,13555.7384752,612.9323,376148.58623828314
AAA/unruputer/LIU_KANG_WEN,lib170,AAA,14114,14114,False,1.2235859369037123,115.12080581000001,91.22958895000001,301.4477843,2.548683447,12.362423513,20.446109286099972,27.90477555,4.81264504865887,13963.863104805867,14377.0138914,581.0776000000001,376145.64650528727
AAA/unruputer/MA_JIN_HE,lib170,AAA,76728,76728,False,0.4243284830217321,95.84074729,102.07654570000003,259.5391066000001,1.4007695335,9.722544543500002,31.759319702699994,290.8420357,3.7142349281317184,14109.044716252085,14444.3300141,440.44780000000003,376148.7220645254
AAA/unruputer/SUN_SHU_MING,lib170,AAA,14957,14957,False,1.467553035211583,147.32056526,104.21476259,299.941455,1.161214645,2.701198556,6.484069381720011,13.89028723,1.4501978367132706,12904.796847292237,13039.254874,581.1113,376144.90918286063
AAA/unruputer/WANG_MAN_TIAN,lib170,AAA,72501,72501,False,0.5010555418473059,97.34809644,102.90088857999999,250.20263480000003,0.7163891625,12.45654698,43.92426202,152.1098362,3.961998395093536,15077.746960615026,15474.72304,404.0038,376148.6592987351
AAA/unruputer/ZHANG_YONG_ZHI,lib170,AAA,57530,57530,False,0.442567705857129,93.07870067,84.64692685,242.0617275,2.425938927,20.559347687,54.16467664999998,282.9965665,7.2974526766876995,14036.48247290353,14806.973966599999,457.43249999999995,376151.4118906075
AG/fast/FAN_JIAN_MING,lib170,AG,10626,10626,False,1.3958029592822747,107.56322103,72.842836831,195.92765249999997,2.2679409585,6.0263895265,14.941556414999999,24.70243983,3.0115939247956525,15161.358751653492,15390.994305,553.0965000000001,436749.46935045195
AG/fast/LOU_YANG,lib170,AG,10805,10805,False,1.1461412175134547,94.69490585,67.96865676,247.501829786,3.762467648,12.562478048000001,18.858320219599985,36.08889011,5.33277387312964,16120.302436695047,16511.292606000003,434.618,436744.7684943494
AG/fast/RAN_QING_BO,lib170,AG,17681,17681,False,1.230905049313146,98.32242276,72.33334310000001,301.1976886000001,1.119114543,13.61399802,27.877066636000002,51.29953697,4.130089820413884,16948.061534503708,17196.447050000002,524.3611999999999,436750.27583446493
AG/fast/SUN_ZHI_YU,lib170,AG,11695,11695,False,1.2243958353301898,83.8068202,67.14335375,221.73015089999996,2.224039891,5.0957380698,9.983674302119985,23.9725396,2.6227293292704137,15099.691267796496,15277.0898954,393.8917,436758.1862083645
AG/fast/YAO_CUN_HONG,lib170,AG,9703,9703,False,1.208755443054202,111.16334486,71.418268867,251.2303808,5.243987091,16.400955732000007,28.708350375399963,90.21668955,7.474755273113452,16169.65505152633,16858.855708199997,411.6579,436757.4081786472
AG/fast/ZHANG_CHUN,lib170,AG,13849,13849,False,1.2101391132566646,74.36912372,84.49627207000002,323.64487875,3.000864936,21.679930210000002,49.71067904080004,121.8309753,8.132223564970754,17390.957848352227,18451.9767532,426.9651,436744.7064899142
AG/fast/ZHANG_LIANG,lib170,AG,14398,14398,False,1.2225321296540304,108.01234353,81.84093583999999,287.50998029999994,2.504225103,9.920305479600001,16.155095177600035,46.81154057,4.137252971573108,15890.13742349493,16191.0495428,475.1819,436750.87717843906
AG/slow/BAI_WEN_JIE,lib170,AG,10594,10594,False,1.2153638981727246,80.13552826,64.49501464999997,225.57176870000004,2.810650032,8.706872356300002,14.811577987699994,41.84790018,3.899445089181854,15751.087636692466,15966.3957873,354.3959,436747.1124104887
AG/slow/CHEN_JING_RU,lib170,AG,12476,12476,False,1.220745948571099,112.89090709999999,74.43683419999998,254.9213881,3.2675502695,8.534843631000001,12.6698616175,25.13194081,4.145078165784963,15423.396480761461,15728.868297500001,528.4809,436748.7771677208
AG/slow/GUO_XI_JIANG,lib170,AG,10235,10235,False,1.2480103296904899,92.54845338000001,73.94755954200001,256.47736769999995,3.31323212,12.69899716,23.681424269999972,84.57976089,5.34102157726471,16321.885778146558,16750.7463898,446.65770000000003,436755.5866467766
AG/slow/HE_SHU_ZHEN,lib170,AG,10243,10243,False,1.2011144746862044,96.73138925,62.48689250000001,206.8241592,3.721766867,9.221520227200005,16.016710692599997,44.58583893,4.458975613429495,15226.313239417164,15746.8699554,233.56289999999998,436752.31710933696
AG/slow/LI_HUAN_GE,lib170,AG,12690,12690,False,0.8599391597313053,118.36597294999999,59.97600812,226.35764740000002,5.190309169000001,15.866264365000001,33.11807454680009,76.35157865,7.342374306525949,16106.421498890464,16644.2995815,331.5073,436747.16258031956
AG/slow/MA_TIAN_YI,lib170,AG,12635,12635,False,0.8405699469835595,63.097196757000006,52.960860744,224.6142115,6.314138392,33.794849428000006,69.29394891899997,125.1194403,13.210074841617356,17943.09665336209,18954.106276,367.6733,436754.81636483094
AG/slow/MA_YU,lib170,AG,17281,17281,False,1.1246105899358039,96.369946,85.43364088,261.48674877,2.185130317,9.926203117,18.070158654000014,35.73534601,3.977455133268132,16368.036376203923,16695.61422,426.463,436750.72657833947
AG/slow/ZHANG_WEI_XIAN,lib170,AG,18550,18550,False,0.7838490908555416,83.35769113,46.461196,198.2922363,5.278490914000001,13.017149616000012,27.092663455699878,51.26815819,6.510457294079144,15724.409820987063,16326.5676475,255.6957,436750.138243655
ILO/LI_YOU_ZHI-0/before,lib170,ILO/before,67759,67759,False,0.516066546966206,112.87905169999999,76.55154639000003,296.56367116,1.01909913,4.0068681158000015,10.870380891199993,26.67350721,1.7784525603401597,13068.229197396802,13184.966798399999,705.3635,376151.2167356927
ILO/LU_FU_SHAN-0/before,lib170,ILO/before,79579,79579,False,0.40812142883232755,97.43938612,78.36276151000001,308.46729130000006,2.567606199,11.494351483999997,23.191941699200015,54.95414794,4.729995231829867,14117.378522653968,14534.6726536,307.60290000000003,376149.2746970242
ILO/SUN_DONG_XIN-0/before,lib170,ILO/before,41618,41618,False,0.5544589836712256,100.98709991,66.04486209999999,267.00555633,1.750041666,4.7305709944,13.232593816400039,53.24018187,2.4919466739725973,13016.663088299054,13334.4198698,431.3825,376146.0043399631
ILO/SUN_XU_XIA-1/before,lib170,ILO/before,60281,60281,False,0.41272330668419843,123.11201531,75.04811941999999,345.67222460000005,4.358490827,32.75806359,84.35911684799996,253.2210133,12.192137777185255,17077.617109568353,18694.817302,381.4265,376150.03469397774
ILO/YANG_WEN_TAI-0/before,lib170,ILO/before,81867,81867,False,0.5523934022733455,138.08456472,120.53234016000002,362.27315510000005,0.8800712309,7.558356511400005,15.753934361799978,37.1037802,2.459276004943885,13646.725253843793,13861.8681182,666.1738,376147.78166888613
ILO/YU_XIANG_SHENG-1/before,lib170,ILO/before,57230,57230,False,0.45630290359808867,94.36513470999999,66.2333298,303.02536540000006,2.429143936,10.140064204999995,21.654039437099986,100.6391953,4.283170289348509,14117.068874842567,14528.6742819,482.163,376146.92987130967
ILO/ZHANG_HE_PING-0/before,lib170,ILO/before,85233,85233,False,0.41935693538104685,91.03574385,88.68566233000001,319.6605578,1.584553002,6.525682946800002,12.603092586399999,50.04182886,2.7601904055451247,13413.972589784944,13726.58021,514.4707,376141.66888594604
ILO/ZHANG_JIN_CHUN-1/before,lib170,ILO/before,74402,74402,False,0.44291841784835373,113.08200046000002,77.01564558,288.51189510000006,1.2883363970000001,19.97783018900001,52.98874228630008,143.715945,6.021090631108222,15444.688482604499,15864.6325426,522.6784,376147.81026940554
ILO/ZHANG_YONG_SHENG-0/before,lib170,ILO/before,60328,60328,False,0.49201723364171956,84.43697308,86.434020548,351.7569166,1.445706003,5.220424425100004,12.169871612799941,41.88185939,2.3388877677840254,13320.366486533947,13464.6735607,501.00399999999996,376147.10260764696
AAA/ruputer/CHEN_FU,new95,AAA,54242,54242,False,0.49077578054391435,112.58277308,71.50783122000001,263.16991669999993,1.4592529235,7.7281850672,15.1093059021,43.17961851,2.9917475316834117,13472.461737886877,13694.7289047,546.2318,376144.67314262135
AAA/ruputer/LV_GUO_YOU,new95,AAA,11668,11668,False,1.1383006068813302,96.67243177,113.49871569999998,260.7647218999999,3.2848948184999998,11.426595292000004,23.640896701899997,47.25138846,4.870609273637474,13607.29470014827,14026.4894714,566.3992999999999,376153.91132022603
AAA/ruputer/SU_KAI_LI,new95,AAA,69524,69524,False,0.5610895046217105,107.79371660999999,128.64765634,241.2257851,0.2977930649,5.539983247700014,20.978464646900022,46.07552188,1.872604542195693,14111.164799295639,14186.873877,1215.525,376148.7574841788
AAA/unruputer/CAO_DIAN_HE,new95,AAA,76320,76320,False,0.4647677600496194,120.13806813,116.66877054,253.57910150000004,0.7684511132,3.4245479961000003,9.117615439329994,39.14377915,1.4151881287487444,13059.234471689468,13118.2776222,748.5102,376150.5716571279
AAA/unruputer/GUO_YU_YING,new95,AAA,77366,77366,False,0.4716346434295453,153.94526997999998,105.54975859999999,237.3298127,0.9756658810000001,5.9735724795,14.082040995000167,28.60342769,2.2257751793091893,13360.445442412041,13563.036537,719.1134,376148.7809936312
AAA/unruputer/ZHANG_GUI_HUA,new95,AAA,55144,55144,False,0.4756250777209883,89.71042373,93.20648561,259.9437219,1.653244151,6.851301782200001,11.376302415199998,33.37319246,2.78961270798651,13289.942071918433,13445.4531883,467.5544,376149.8235142726
AG/fast/PENG_JI_MING,new95,AG,14712,14712,False,1.1145353114157697,96.34441760000001,64.046975,299.82269066,2.5210617615000004,10.632534096999999,23.922015131699983,48.11001086,4.496388966180152,15744.50393622213,16197.1827729,458.4124,436752.76851960475
AG/slow/LIN_SHU_TIAN,new95,AG,15087,15087,False,0.886371588922567,98.87490765000001,65.22364649999999,261.4347525,5.228887333,14.696256263999999,29.305228638599996,64.70227365,6.839583312562773,15657.425934228144,16286.741946,453.4565,436751.5117292633
AG/slow/LIU_XI_QUAN,new95,AG,13909,13909,False,0.9035247050427184,91.15782875000001,62.570706340000015,258.41022021,3.740299676,11.682988088,21.321087324800008,60.8709075,5.406281980799248,15822.076838848228,16313.713564,364.59090000000003,436753.40384251263
AG/slow/NIE_QUAN_ZHONG,new95,AG,8198,8198,False,1.1721704111836195,89.29412106999999,54.959898179999996,141.80707538,3.960997438,17.011971743000004,35.40283541139999,47.37221834,6.971073733859404,16035.671300791659,16599.2103924,308.06829999999997,436758.63620709174
AG/slow/SUN_WEN_QING,new95,AG,11571,11571,False,1.1794248756884904,97.65083324,72.4754088,191.00577192999998,2.394661789,4.808485575,8.192076316299982,23.17216427,2.6890890001684546,14954.758026231093,15134.977961,319.54740000000004,436762.0213505726
AG/slow/TE_JIN_WANG,new95,AG,10516,10516,False,1.0789143356251576,73.60259109,51.28215890000001,203.6392343,3.419003048,12.170375645,25.84563330850003,70.47197717,5.286043166502499,15997.150077371625,16348.417615999999,252.31009999999998,436754.67058023915
AG/slow/WANG_BAO_SHAN,new95,AG,346289,28245,True,1.1068148911639422,147.96795972,111.094641,488.0023165,1.437501235,7.980525459200001,15.88805807640004,47.36568266,3.3946714452920563,15964.27656694884,16305.1537796,497.4142,436751.0107007371
AG/slow/WANG_DENG_FENG,new95,AG,12626,12626,False,1.0792768946945879,82.42112042,48.014213100000035,223.1863854,4.332033233000001,12.250315364999999,36.0180595175,126.7448804,6.441360086076701,15956.4238277681,17020.10359,386.3462,436751.95094521955
AG/slow/WEI_JUN_WEN,new95,AG,11464,11464,False,1.3795029859463863,112.76038633,79.98081649000001,259.3209822,2.1594256339999998,5.116905534400001,9.535608775580004,25.53890835,2.6268593410993284,15120.145713102756,15293.8234937,456.762,436751.2060204137
AG/slow/ZHANG_HUAN_LI,new95,AG,309621,25355,True,1.1979051136506824,159.23783112,93.80153050999999,479.50301704000003,1.228947542,10.996943046,22.883083498399994,50.98418531,4.107801164277858,16154.873437249851,16587.549128000002,471.30899999999997,436751.17723727436
AG/slow/ZHAO_XIU_XUAN,new95,AG,13441,13441,False,1.113917985489525,88.75229125,69.81634356,248.92464440000006,2.989352349,9.36491395,16.446533180000024,44.70512092,4.091736409302285,15814.566669148873,16114.067306,333.71639999999996,436749.8248316137
ILO/AN_GUANG_JIE-0/after,new95,ILO/after,70635,70635,False,0.42620960184550805,108.02054623000001,69.935988721,287.5767187,1.949068103,17.761216534,43.44353018200003,174.9830025,6.147507059617394,15561.566755299214,16788.0972514,518.7502,376149.6978651974
ILO/BAO_EN_YUN-0/after,new95,ILO/after,125617,125617,False,0.35669958407211755,86.76443352000001,101.35817575000002,444.4274142,1.341346525,5.8040629918,20.555572015199974,127.735964,2.679139116593088,13882.975348099142,14112.450385600001,412.1751,376150.0628061219
ILO/CUI_WEI_PING-0/after,new95,ILO/after,83387,83387,False,0.423099600307162,86.43629374,76.8604473,331.96792534,1.63619674,5.627236048800001,12.407675314599999,40.98577737,2.533291033064824,13267.511127384965,13456.181665,454.764,376145.70108350273
ILO/DONG_JIA_JU-1/after,new95,ILO/after,93065,93065,False,0.40182049661501995,111.13670513,79.04256014,249.1065752,1.522837348,5.926428125200001,14.069775237200007,46.10576963,2.4986417608860068,13590.75215062666,13777.5795084,427.0008,376148.0598272992
ILO/DONG_JIA_JU-1/before,new95,ILO/before,1692858,102025,True,0.4445690716070154,159.17355411,122.800474129,476.52930294,1.661401383,6.754998082400002,17.96955724759999,57.44447671,3.2017308612950988,13754.636012589071,14316.4380964,472.0371,376149.11112300557
ILO/DONG_KE_QIN-0/after,new95,ILO/after,115705,115705,False,0.3919120193130277,106.49211426,85.57252208,287.72704605,1.312638575,5.293347158000003,14.03340968519998,48.69964363,2.2923764385571936,13263.840781201241,13425.35397,454.9934,376147.55334897555
ILO/DONG_KE_QIN-0/before,new95,ILO/before,89024,89024,False,0.457465986990229,117.97235957999999,110.29812827,323.62906169999997,1.1038365815,5.3769116131,12.442663516,46.78247591,2.095329099574145,13228.865022063379,13444.6860689,483.5668,376147.1312180722
ILO/GAO_SHU_CAI-0/after,new95,ILO/after,113032,113032,False,0.36343279600129436,120.67158131,87.52484792,413.49019749999997,1.8994452165,6.527686961800005,23.8682781665,79.36352243,3.1604182010318027,13598.762965484642,13925.8296543,449.24260000000004,376147.126033488
ILO/GENG_CHUN_LAI-1/after,new95,ILO/after,74154,74154,False,0.4206997230414301,123.75776703,93.43222214,333.4825217,2.0396725835,7.321234505799999,17.312900421900007,94.55456544,3.3296641223352883,13609.121072386655,13870.9224501,447.94399999999996,376145.01504212664
ILO/GONG_HAI_ZENG-1/after,new95,ILO/after,69226,69226,False,0.43896854361867804,87.58398335999999,59.38630119999998,305.1707576,1.9033393105,7.4897472625,24.2883371,67.48406649,3.4626588205231843,13553.646592968538,13863.762737500001,486.7645,376148.52901406534
ILO/GUO_AI_JUN-0/after,new95,ILO/after,110470,110470,False,0.42142229798404685,108.06132915,91.27607103,326.7899234,1.2588372955,8.731691341900003,39.397143026399995,105.6182388,3.7302265868215123,15143.615832297364,15418.9186594,679.7618,376150.2281476818
ILO/GUO_AI_JUN-0/before,new95,ILO/before,98703,98703,False,0.4371050048445798,106.4074779,93.90617623,283.9819373000001,0.7804371774,8.261421139600001,31.504607126799876,75.47008711,3.005930443197475,14386.979900811019,14671.3140062,669.8865999999999,376146.97308653226
ILO/GUO_QING_SHAN-0/after,new95,ILO/after,72703,72703,False,0.421933780755254,90.65898155000001,76.51535600000001,294.4270874,2.003056066,9.878274699800002,27.47383099179996,110.3642366,4.028019227737113,13933.258725127025,14294.344694200001,404.25870000000003,376147.5211701619
ILO/GUO_YU_SHU-0/after,new95,ILO/after,85609,85609,False,0.43489905151136804,95.79664934,90.24924249999998,289.57082221999997,1.351195269,5.916105527199999,15.676759419999993,71.07825067,2.5346282626428294,13390.791718326347,13570.6954356,667.9936,376143.4961838437
ILO/HOU_SHI_GUO-0/after,new95,ILO/after,106270,106270,False,0.4337235316865072,109.35427177,105.56017255,424.39707787000003,1.5406358029999998,7.090436331100002,16.317474680999986,64.6441207,2.8271481775604146,13956.446431307992,14214.7528868,465.9306,376149.9391691356
ILO/LIN_CHUN_YANG-1/after,new95,ILO/after,108756,108756,False,0.4401664305472799,101.615945,81.41553497899999,400.3935128,1.406850988,4.320671423,11.028038685999991,33.35853337,2.054661027594675,13227.756003132608,13416.60906,411.6185,376148.55765382224
ILO/LIU_BAO_JUN-0/after,new95,ILO/after,87157,87157,False,0.47558323449928275,105.98005205999999,88.02932255,285.92163407,1.085541825,6.751815133600005,31.703407077600108,134.9237215,2.9507024837208795,14010.832678297784,14319.0934372,678.0020000000001,376151.9958640917
ILO/LIU_CHUN_YANG-1/after,new95,ILO/after,2522162,151977,True,0.4210540654824945,229.9865031,127.12286490999999,475.09965095999996,1.907593946,5.112391054799998,12.366233049199987,31.29445715,2.6097560255478083,13258.831236188109,13564.0368256,337.8602,376148.0577440832
ILO/LIU_CHUN_YANG-1/before,new95,ILO/before,42556,42556,False,0.7746267990964402,88.70474249,61.70236657,315.36030769999996,1.9457849,11.85377874,29.494393126499958,83.21719611,4.4338770673995365,13869.131548999672,14524.3892445,351.29699999999997,376148.95610577555
ILO/LIU_LIAN_YOU-0/after,new95,ILO/after,88662,88662,False,0.42891085481755187,113.19772535,75.22282365999999,315.26023899999996,1.6573476535,6.946648524100008,15.595153304999998,74.95830782,2.891206256523603,13593.482162622544,13808.333212200001,460.1932,376147.0390789869
ILO/LIU_YUE_DONG-0/after,new95,ILO/after,92273,92273,False,0.420087449410928,104.48531128000002,78.80907093000002,303.73970242999997,1.687496121,6.2031861248,15.172160744799987,54.10603886,2.7823671375513896,13420.97255138318,13649.8008216,410.3922,376151.41869727324
ILO/LIU_YUN_ZHANG-0/after,new95,ILO/after,62589,62589,False,0.5271246841051429,102.52519577,97.8746356,296.4312692,1.210534859,9.005608034000003,19.014405460800006,66.7732493,3.0662388340861693,13924.04078200195,14120.9685176,737.0675,376148.03167940956
ILO/LIU_YUN_ZHANG-0/before,new95,ILO/before,72661,72661,False,0.48016207795483523,93.36816568,113.32899020999999,299.4661733,0.8517058057,8.541819444,18.608051921999934,73.65396775,2.919974327342433,13563.118857554533,13758.580183999999,831.0713,376153.53045593837
ILO/LI_BO_JUN-1/after,new95,ILO/after,99659,99659,False,0.4236093483604168,109.12751894,89.26018343,288.93468640000003,1.310205581,6.3548962326,16.60747761379999,52.89974244,2.559902519171365,13525.500640829932,13690.6690118,550.9399999999999,376149.029356125
ILO/LI_BO_JUN-1/before,new95,ILO/before,1894279,112655,True,0.4452288733327182,165.20462050000003,136.42221755,469.9785877999999,1.479750144,12.287615656000002,34.365717491399955,88.22026086,4.676836091663854,14684.539624764811,15312.275783199999,559.3249000000001,376149.7702909665
ILO/LI_FA_XIANG-1/after,new95,ILO/after,96907,96907,False,0.4232482814830495,88.58309064,92.24600849,348.4995885000001,1.362138711,7.8610550888000015,21.117202434200024,180.4874464,3.094369054225447,13953.394822300766,14234.3153208,539.4283,376148.5196373063
ILO/LI_SHENG_WEN-0/after,new95,ILO/after,71195,71195,False,0.4280498148194144,114.8329157,65.41159112,310.69956020000006,1.789142844,7.486000997199999,17.873412381599998,58.46806324,3.1307740731556977,13677.49015339729,13943.0374386,446.52389999999997,376147.5797044193
ILO/LI_YOU_ZHI-0/after,new95,ILO/after,84107,84107,False,0.5317649984862018,129.15488269,73.1260489,321.667152,0.9020570195,2.8353430330000005,5.657068778380004,24.10902194,1.3131282853530202,11671.2807195111,11783.661934,777.5714,376146.3876126712
ILO/LI_YU_GANG-0/after,new95,ILO/after,167056,167056,False,0.34287349336932266,118.09087381,107.3497783,441.14732792,1.21313011,6.378290510999999,36.419446813500144,200.6411084,3.039688371261974,14837.18285161371,15134.783402,596.479,376150.1861993841
ILO/LI_YU_GANG-0/before,new95,ILO/before,70223,70223,False,0.622569891905617,115.58704868999999,157.32848402000002,447.915755,0.9368006292,5.399067575200001,16.646406974599984,29.55862178,2.079718635812785,13462.102082682452,13652.989758599999,678.6329,376146.82461059355
ILO/LU_FU_SHAN-0/after,new95,ILO/after,109701,109701,False,0.42298241762832656,117.76314577,76.258446121,318.78448089999995,1.48871891,5.845936303,17.21986491,57.61074608,2.6050763042085388,13518.812708369112,13712.71311,354.92,376145.9146576383
ILO/LV_JIAN_HUA-0/after,new95,ILO/after,50668,50668,False,0.4877796988190843,105.46429272,74.2711632,293.25581999999997,1.9653069754999999,9.768641159300001,17.845942173300035,55.73810327,3.872720731929292,13620.850768499646,13881.3486166,494.5765,376150.211859684
ILO/PAN_YIN_GEN-1/after,new95,ILO/after,82913,82913,False,0.4433693817748863,132.60080935,66.60606864,313.36792978000005,2.070080374,9.737925365400004,16.388431688000008,43.36597336,3.757756122249042,13828.230271536428,14176.2533232,542.0637,376148.1453451669
ILO/SHEN_CHUN_WANG-0/after,new95,ILO/after,109045,109045,False,0.4216298029819159,91.74776659999999,93.52568638000001,317.4511762,1.3898637,5.463131126000003,11.8034512196,41.59734037,2.3141972647643545,13283.989099169423,13464.0690096,523.0692,376143.5024213021
ILO/SHEN_CHUN_WANG-0/before,new95,ILO/before,63954,63954,False,0.43087783875757546,99.67207947,73.062714446,272.8037597,1.6762163785,11.673888777,26.88480235140002,70.60926365,4.3075716247716,13988.241078585075,14316.7155107,586.0721,376152.558173332
ILO/SUN_CHUN_PU-0/after,new95,ILO/after,91687,91687,False,0.36071365714237613,82.82256299,76.971752511,340.52388099999996,1.812132649,7.280146918000004,17.891650137999996,82.32333325,3.1520327944514848,13893.804885243493,14137.3878114,522.5732,376148.114625891
ILO/SUN_CHUN_PU-0/before,new95,ILO/before,85217,85217,False,0.3714600174575953,82.09534797,84.99513476999999,322.44819220000005,1.805427616,11.019937018000006,24.187690601999996,94.05589912,4.088321376558492,14179.700195662486,14485.8244304,554.0301,376147.5486840043
ILO/SUN_DE_QI-1/after,new95,ILO/after,91290,91290,False,0.40990446765366245,111.75917086,67.10496715,293.43242007000003,1.8973718115,9.3810932593,30.460072785600005,98.90837469,3.974313834379304,14054.884148217989,14370.360764,407.7364,376146.7317838953
ILO/SUN_DONG_XIN-0/after,new95,ILO/after,1617628,99598,True,0.4911213770668964,121.02798838000001,113.52362903199999,434.84775700000006,2.0537480735,4.751909646900001,11.281704505799995,27.18288695,2.5877408278799385,13151.294723682704,13423.2807474,412.1483,376151.3958902699
ILO/SUN_XU_XIA-1/after,new95,ILO/after,1781876,109722,True,0.4235811327933616,136.36324409,67.841562,489.84391571000003,1.7217894145,20.065678474000077,60.75015297289987,153.1981683,6.821874193491053,17039.15454852883,18001.534201000002,418.3621,376148.11683527695
ILO/SUN_YU_SHENG-0/after,new95,ILO/after,87176,87176,False,0.42739362466804875,89.919386,59.166642000000024,296.561886981,1.5941068465,5.86878075,13.5326107325,59.29530376,2.561421046830707,13702.356790656257,13891.4655425,446.36060000000003,376148.7587153918
ILO/WAGN_LI_JUN-1/after,new95,ILO/after,86677,86677,False,0.49527504296280556,84.470759,75.2618902,302.93986440000003,1.193960225,5.243878775000006,14.831224060800023,72.34775548,2.2154864253893085,13298.00293125339,13478.9690792,526.0658,376145.2779426449
ILO/WANG_CAI-0/after,new95,ILO/after,133884,133884,False,0.44360471170138605,129.52563302000001,116.24663726999998,426.0621325999999,1.225087211,6.8835246383,36.6231631235006,170.1435238,3.3589914109283185,15097.092821967826,15585.1526889,562.8469,376149.900215998
ILO/WANG_CAI-0/before,new95,ILO/before,133884,133884,False,0.44360471170138605,129.52563302000001,116.24663726999998,426.0621325999999,1.225087211,6.8835246383,36.6231631235006,170.1435238,3.3589914109283185,15097.092821967826,15585.1526889,562.8469,376149.900215998
ILO/WANG_JIN_MING-0/after,new95,ILO/after,81090,81090,False,0.4272161350868492,87.65761825999999,66.98745630000002,347.47984089999994,1.9009116905,6.2431645851000015,12.504060854600002,59.88642204,2.8686652549709075,13336.6837791084,13587.5735961,365.1669,376147.75846151426
ILO/WANG_LI_MIN-0/after,new95,ILO/after,61730,61730,False,0.5394661591601166,99.2136579,70.58610019999999,320.30522799999994,1.436776508,3.5736917893999998,7.539395507129994,35.90112733,1.8898316061103688,13008.828065934555,13173.0134856,454.6797,376145.0990425077
ILO/WANG_LI_MIN-0/before,new95,ILO/before,54986,54986,False,0.5393568567261999,98.92190582999999,76.6690075,243.353564,1.5640424025000002,4.034219575,9.201379983100011,31.68431178,2.082312861614885,12792.83525385589,13053.020066000001,454.6797,376145.0990425077
ILO/WANG_SHU_SHENG-0/after,new95,ILO/after,82692,82692,False,0.4192441211474929,105.86919897,83.37903709999999,337.06906180000004,2.3971991365000003,9.953883906300012,29.576562602000003,115.8924127,4.390973571980684,14283.785438745828,14739.056817499999,451.2257,376146.9266048977
ILO/WANG_TIAN_QING-1/after,new95,ILO/after,93064,93064,False,0.4026884471419349,111.13670513,79.04256014,249.1065752,1.53233583,5.9101717332999995,13.98924453469998,46.03754974,2.5003823085368926,13583.765859432006,13770.7507269,427.0009,376149.05738347565
ILO/WANG_XIAO_LIN-0/after,new95,ILO/after,126606,126606,False,0.3708202850238323,92.57698302,131.91775085,386.06548954,1.3009645179999998,4.962474042,17.023355658499998,53.37139041,2.3514388934600774,13499.915714570245,13680.2769535,679.0477000000001,376150.0448987647
ILO/WEI_QING_FENG-1/after,new95,ILO/after,100157,100157,False,0.4144354988475283,100.68084021,74.983275727,298.92245189999994,1.477056134,8.2694905042,20.151237400000007,124.864267,3.2154492729319126,13718.167752027914,13971.2570488,604.1495,376145.2869626932
ILO/WEI_QING_FENG-1/before,new95,ILO/before,86156,86156,False,0.34723148466927867,97.22889608,76.79283992,269.26889816999994,2.7854855675000003,14.230408935,31.00744815699998,76.57472791,5.695362285779302,14004.577998449673,14518.191829,376.0826,376148.16455096105
ILO/WENG_ZHAO_GUANG-0/after,new95,ILO/after,169166,169166,False,0.3288141193215084,125.58805781000001,82.8547945387,421.35547149,1.381158222,4.665759334,12.790502407000004,53.11561337,2.149921599593336,13448.75974335558,13723.035205,500.55841999999996,376147.8594695274
ILO/WU_JUN-0/after,new95,ILO/after,74161,74161,False,0.4350504917440083,103.16298398,75.40305702999999,404.16285930000004,1.631073307,4.939184056,9.900737896199974,36.75032533,2.3609579764317323,13109.823314289182,13322.991148,578.4053,376147.8702834798
ILO/XIE_ZHI_FU-0/after,new95,ILO/after,86504,86504,False,0.4182558394506819,118.15562759999999,70.077226332,240.81591649999996,1.9160653564999999,7.1047088826,17.016430116900022,74.71725139,3.1665085825523485,13497.249669868215,13739.9338145,372.7675,376146.8868213604
ILO/XIONG_DONG_SUO-0/after,new95,ILO/after,76745,76745,False,0.4632489440581426,115.40035033000001,73.08043249999999,331.4105380000001,1.264431252,8.112970638200002,34.16920774919992,131.8525714,3.4481683238806973,14331.207903888853,14581.184545600001,528.408,376147.5134612404
ILO/XIONG_DONG_SUO-0/before,new95,ILO/before,1409780,87866,True,0.5542476449671749,190.63435549000002,169.83507591,443.726222,1.345772515,4.0866874755,15.617710053500018,70.38649355,2.3136203925446126,13241.241992876086,13542.95905,572.542,376145.0873365872
ILO/XUE_YOU_TANG-0/after,new95,ILO/after,55115,55115,False,0.4508964438902414,87.25458703999999,93.69752338,309.71428050000003,2.625103282,32.116037068,82.10170925020002,307.2086242,10.837370030618057,16942.876561118752,18083.3405278,333.5824,376148.37565716775
ILO/XUE_YOU_TANG-0/before,new95,ILO/before,55115,55115,False,0.4508964438902414,87.25458703999999,93.69752338,309.71428050000003,2.610283352,32.13156536999998,90.77487742240002,356.3928126,11.335755378089052,17969.29708852653,19172.5875316,333.5824,376148.37565716775
ILO/YANG_QING_REN-1/after,new95,ILO/after,69643,69643,False,0.4177581089509139,100.77584039000001,62.04325493,263.39784910000003,2.590637587,23.674677092000003,70.2434299744,175.8067475,8.286590350817628,17587.19861979409,18262.00272,447.5899,376149.8841286318
ILO/YANG_QING_REN-1/before,new95,ILO/before,64698,64698,False,0.42706547221097146,99.66666516999999,79.12038387999999,278.3415218,2.8539260545,22.488953613000007,53.67237491339997,122.3857674,8.243009193039248,15100.924034642187,15889.296116900001,427.9144,376152.9114488246
ILO/YANG_WANG_QI-1/after,new95,ILO/after,103096,103096,False,0.42484660408284464,111.73989388,80.14917441,375.79925054,1.3654422885,7.1780235165,26.084707564000006,86.02547569,3.053234257578576,14058.49033105824,14339.637983,490.5132,376147.80368354847
ILO/YANG_WEN_TAI-0/after,new95,ILO/after,115162,115162,False,0.42551148780674386,114.83008081,82.79057365,366.9051865,0.9446414268000001,4.133269336500003,11.7195933908,28.37565908,1.770333898804211,13520.531468981519,13663.2938676,643.0487999999999,376146.3539976435
ILO/YANG_YU_QING-1/after,new95,ILO/after,88856,88856,False,0.42133071026399227,93.12383368,76.02603570000001,311.65797172,1.8426481905,12.26525747,30.287788009999993,136.6062822,4.482977929816016,14800.980012590146,15169.73815,459.2901,376148.0918360742
ILO/YAO_GUO_CHEN-0/after,new95,ILO/after,98680,98680,False,0.4295860011195789,113.45516451,64.608941165,405.5600894000001,1.689485898,9.103624001600004,19.18307146529997,43.3781606,3.4464559996124144,14307.857558843838,14569.5394984,514.0699,376150.0977672616
ILO/YU_XIANG_SHENG-1/after,new95,ILO/after,78138,78138,False,0.4153235722862214,95.27204268,58.651478,265.88065968,2.1913352525,8.0577570868,17.14292920070001,108.4235744,3.583462459142605,13777.186778699992,14092.7825196,450.6531,376146.92987130967
ILO/ZHANG_HE_PING-0/after,new95,ILO/after,85433,85433,False,0.42582032728701225,90.35731621,67.53089630000001,303.5038429,1.964741914,7.2101356052000005,16.865946352399945,68.84967409,3.2481823794683935,13597.471706277316,13882.4796048,543.6872,376145.555941082
ILO/ZHANG_JIAN_JUN-1/after,new95,ILO/after,113222,113222,False,0.4283726597784526,117.71043645,90.47390574999999,366.96219149999996,1.130147747,3.9814371419000016,10.098293451999973,28.17203747,1.7846518699629093,13505.310540593347,13651.7219106,505.1941,376148.4053519645
ILO/ZHANG_JIN_CHUN-1/after,new95,ILO/after,112193,112193,False,0.3994325692321859,122.93762196,76.68606613000001,299.22950720000006,1.228467994,6.639651987800001,28.70230993400007,132.9164526,2.9572247098625914,14077.524558503472,14282.3165324,496.91540000000003,376149.5588935536
ILO/ZHANG_MAO_JIN-0/after,new95,ILO/after,95059,95059,False,0.44565755479910063,95.24924922,78.03229129999998,347.6001140000001,1.01047113,4.906534845399999,13.3361667622,43.02441673,2.0011079448596045,13634.124057033105,13823.5917316,654.7131,376148.28747143684
ILO/ZHANG_MAO_JIN-0/before,new95,ILO/before,80482,80482,False,0.42633246359750454,91.53027778,78.21772369999998,282.020033,1.3844795235,11.90917716,31.338416694400035,59.45101992,3.9946521871251095,14742.115172941774,15270.7035127,542.1948,376147.32431320706
ILO/ZHANG_WAN_ZENG-1/after,new95,ILO/after,154649,154649,False,0.3771477472481272,179.05569995,77.17686463,502.60795701,1.46069041,11.100268288000002,36.94488335999971,211.6273434,4.226811832088527,12249.67035567723,12944.2863808,543.5864,376145.1253789285
ILO/ZHANG_WAN_ZENG-1/before,new95,ILO/before,145529,145529,False,0.4156724617164614,190.03710705,118.83153954,533.7398038400001,1.717817737,22.460178404,76.41386236400002,286.3605826,7.849929223297535,18938.96977542909,20768.5546224,543.5864,376142.8284305485
ILO/ZHANG_YAN_SHAN-0/after,new95,ILO/after,87659,87659,False,0.4318958785843763,90.85877386,71.431792891,345.7870291,1.766207987,11.654458063999995,27.9326133776,109.9437996,4.1380921186047255,14915.607192943107,15231.8617702,365.5228,376149.0924333265
ILO/ZHANG_YONG_SHENG-0/after,new95,ILO/after,87915,87915,False,0.43172950718265507,86.27663737,79.27328118799998,354.6048335,1.251914166,3.971183757000001,8.19519757038,27.99196331,1.8193795589531974,13270.65112892681,13452.0818492,495.08539999999994,376148.2515510214
ILO/ZHAO_CHANG_SHAN-0/after,new95,ILO/after,88079,88079,False,0.39449591595088607,88.41513863,88.54547538000001,328.5892489999999,2.093762861,11.521986773999998,34.956585538800006,97.44875537,4.610999877280915,14545.835683928179,14894.5627522,428.8254,376148.0503283354
ILO/ZHAO_JIAN_PING-0/after,new95,ILO/after,111165,111165,False,0.3501043389767202,105.65682191,78.2140662,308.530309,1.688357681,11.170114806000013,38.985634860400005,92.1408449,4.244861395993284,14788.684657166823,15051.9453864,428.4501,376147.7668777053
ILO/ZHAO_JIAN_PING-0/before,new95,ILO/before,56375,56375,False,0.46858984877865684,99.48684782999999,76.41846829999997,264.2085089999998,1.709427653,18.831093954,40.54535946400001,130.9535715,6.1082992595732355,15152.68830565038,15594.8753474,398.019,376148.07689021924
