尝试	全周期R² ↑	谷底R² ↑	峰值R² ↑	TAWSS R² ↑	全周期MAE（Pa）↓
T-null：峰值预测＋训练折时间统计	0.4616	0.2218	0.7130	约0.6960	—
T0：几何＋相位查询，端到端	0.5166	0.3218	0.6967	0.7164	0.513
TB8：8维时间基系数	0.4497	0.2682	0.6094	0.5953	0.547
TB16：16维时间基系数	0.4490	0.2696	0.6040	0.5932	0.546
P-mlp：冻结隐藏特征＋时间MLP	0.4334	0.2241	0.7130	0.6747	—
P-mlp-qx：去掉病例级向量	0.4830	0.2736	0.7130	0.6820	—
C-raw：原始几何＋峰值锚定MLP	0.5109	0.3108	0.7130	0.6958	—
TL-warm：峰值权重初始化＋部分解冻	0.4987	0.2956	0.7130	0.6922	—
TL-random：随机初始化对照	0.4680	0.2621	0.7130	0.6791	—
TT-warm：隐藏特征＋跨帧注意力	0.4989	0.2857	0.7130	0.6873	—
TT-warm-noattn：隐藏特征＋对角注意力	0.5005	0.2877	0.7130	0.6852	—
TT-raw：原始几何＋跨帧注意力	0.5016	0.2923	0.7130	0.6930	—
TT-raw-noattn：原始几何＋对角注意力	0.4999	0.2914	0.7130	0.6851	—
