arm	phase	mae_pa	truth_mean_pa	r2cb_pa	pearson_r2	spearman	lin_ccc	approx_disparity	nmae_case
X5D_v51 峰值冻结	峰值窗	1.526	4.31	0.699	0.71	0.891	0.828	0.483	0.027
X5D_v51 峰值冻结	谷底	3.485	0.55	-113	0.29	0.405	0.085	7.707	0.902
X5D_v51 峰值冻结	全周期	2.975	1.4	-76.797	0.496	0.619	0.3	5.535	0.577
T-null	峰值窗	1.445	4.31	0.7	0.707	0.891	0.816	0.484	0.024
T-null	谷底	0.305	0.55	0.222	0.263	0.405	0.429	0.706	0.067
T-null	全周期	0.567	1.4	0.462	0.478	0.619	0.624	0.598	0.046
T0	峰值窗	1.463	4.31	0.684	0.697	0.897	0.816	0.495	0.025
T0	谷底	0.239	0.55	0.322	0.372	0.613	0.429	0.661	0.049
T0	全周期	0.513	1.4	0.517	0.546	0.752	0.643	0.568	0.038
TB8	峰值窗	1.598	4.31	0.604	0.644	0.883	0.723	0.547	0.027
TB8	谷底	0.243	0.55	0.268	0.301	0.609	0.388	0.686	0.05
TB8	全周期	0.547	1.4	0.45	0.483	0.742	0.578	0.608	0.039
TB16	峰值窗	1.605	4.31	0.601	0.633	0.885	0.724	0.548	0.027
TB16	谷底	0.243	0.55	0.27	0.302	0.608	0.39	0.686	0.05
TB16	全周期	0.546	1.4	0.449	0.478	0.743	0.581	0.608	0.039
