arm	protocol	full_cycle_r2_pa	trough_r2_pa	peak_r2_pa	tawss_r2_pa	full_cycle_mae_pa	tawss_mae_pa	full_cycle_ln_r2	status	notes
T-null (B_scale)	X5D_v51 peak prediction × training-fold μ(t)/σ(t)	0.4616	0.2218	0.713	0.696		0.4407160507621602		baseline	Synchronous standard baseline for v5.1 temporal-adapter/Transformer comparison (adapter Tnull runs mean 0.461566/0.221725/~0.696054/peak ≈0.713). TAWSS MAE 0.440716 is persisted in Tnull adapter metrics; full-cycle MAE not persisted under this exact baseline contract.
T0	31D phase query (q_norm,dq_norm,sin,cos), frame_stats, random_frame	0.5166	0.3218	0.6967	0.7164	0.513	0.3911678415361148	0.659	main reference	Three-fold mean; passed T-null +0.05, but fold2 peak dropped 0.0333 so did not pass strict peak-retention gate.
TB8	K*=8 time-basis coefficient head; no time input	0.4497	0.2682	0.6094	0.5953	0.547	0.4455093779575658		No-Go	Below T-null on full cycle; peak −0.1036 vs X5D fold base; full-cycle MAE from frame suite.
TB16	K=16 (2K*) time-basis coefficient head; no time input	0.449	0.2696	0.604	0.5932	0.546	0.446368733301247		No-Go	No gain over TB8 (cycle Δ−0.0007); full-cycle MAE from frame suite.
P-lin	Frozen X5D hidden feature + ridge/linear anchored residual	0.4095436221479722	0.20467650954422426	0.713	0.638480409848696		0.4318640826038043	0.5771115486932605	No-Go	Frozen representation linear probe; TAWSS MAE arithmetic mean from three existing metrics.json files.
P-mlp	Frozen X5D hidden feature + anchored residual MLP	0.4334	0.2241	0.713	0.6747		0.42154109917012167		No-Go	Frozen representation probe; three gates failed.
C-scalar	Anchored residual head with peak scalar only	0.4456955932775653	0.23214240062705901	0.713	0.6679229396840545		0.4369543529973911	0.5216433819559606	No-Go	Scalar-only anchored reference; TAWSS MAE arithmetic mean from three existing metrics.json files.
P-mlp-qx	Frozen hidden feature, remove patch_context/case vector	0.483	0.2736	0.713	0.682		0.40691209979358467	0.6183	reference	Improves over P-mlp but below C-raw/T0; TAWSS MAE arithmetic mean from three existing metrics.json files.
C-raw	Anchored residual MLP with raw 27D geometry + peak scalar	0.5109	0.3108	0.713	0.6958		0.4021423250299514	0.6246	reference	Historical low-cost anchored raw-geometry reference; different training budget from TT.
TL-warm	Anchored residual adapter; fp+local_wall_branch initialized from X5D then partially unfrozen	0.4987	0.2956	0.713	0.6922		0.3971698711402527	0.6476	No-Go / close reference	Pretraining beats TL-random by +0.031 cycle (three-fold same direction), but below C-raw and T0 in Pa R².
TL-random	Same anchored adapter schedule; geometry branch random initialized	0.468	0.2621	0.713	0.6791		0.4115306396569758	0.6096	reference	Random partially-unfrozen adapter control; TAWSS MAE arithmetic mean from three existing metrics.json files.
TT-warm	Temporal Transformer, query_x hidden + raw geometry, full attention, anchored residual	0.4989453799722954	0.28567572442326383	0.7130106543526207	0.687322456366028		0.3964597152535197	0.6517195765202382	developmental	V5.1 cv3, seed1234, last; full-cycle MAE not persisted, TAWSS MAE is persisted.
TT-warm-noattn	Same Transformer and parameters, strict diagonal attention mask	0.5004750542316738	0.2877045140073285	0.7130106543526207	0.685210000818972		0.397769553166251	0.6554791972998938	developmental control	Cross-frame attention delta vs TT-warm = −0.0015 cycle mean.
TT-raw	Temporal Transformer, raw geometry branch (query_x zeroed), full attention, anchored residual	0.5016204144594347	0.2922828436117657	0.7130106543526207	0.6930436799355523		0.39712991423595007	0.6491208870027069	developmental	Raw attention delta vs diagonal = +0.0017 cycle; TAWSS +0.0080 (three folds positive).
TT-raw-noattn	Same raw Transformer with strict diagonal attention mask	0.4999442447302162	0.2913880208725143	0.7130106543526207	0.6850916177354005		0.39933821074956916	0.6512362444562655	developmental control	Pa cycle baseline for TT-raw attention comparison.
