model,case_id,r2_case_mean,r2_seed_sample_sd,seed_values,representative_role,display_lane,negative,metric_source_field
C_V4_speed,AG/fast/SUN_ZHI_YU,-1.2184710723477927,0.0,[-1.2184710723477927],,-0.42000000000000004,True,cases[].metrics.speed.r2
C_V4_speed,AG/slow/HE_SHU_ZHEN,-1.1130880932725926,0.0,[-1.1130880932725926],,0.28,True,cases[].metrics.speed.r2
C_V4_speed,AAA/ruputer/KANG_YONG,-1.0876959300414235,0.0,[-1.0876959300414235],,0.0,True,cases[].metrics.speed.r2
C_V4_speed,AG/fast/FAN_JIAN_MING,-0.9709380905144109,0.0,[-0.9709380905144109],,-0.28,True,cases[].metrics.speed.r2
C_V4_speed,AG/slow/ZHANG_WEI_XIAN,-0.9486179965095154,0.0,[-0.9486179965095154],,0.42000000000000004,True,cases[].metrics.speed.r2
C_V4_speed,ILO/SUN_DONG_XIN-0/before,-0.9093643435970244,0.0,[-0.9093643435970244],,0.14,True,cases[].metrics.speed.r2
C_V4_speed,AG/slow/CHEN_JING_RU,-0.903738684421598,0.0,[-0.903738684421598],,-0.14,True,cases[].metrics.speed.r2
C_V4_speed,ILO/ZHANG_YONG_SHENG-0/before,-0.8265132508152961,0.0,[-0.8265132508152961],,-0.42000000000000004,True,cases[].metrics.speed.r2
C_V4_speed,AG/slow/BAI_WEN_JIE,-0.6726842107890023,0.0,[-0.6726842107890023],,0.28,True,cases[].metrics.speed.r2
C_V4_speed,ILO/YU_XIANG_SHENG-1/before,-0.6553589612498563,0.0,[-0.6553589612498563],,0.0,True,cases[].metrics.speed.r2
C_V4_speed,AAA/unruputer/ZHANG_YONG_ZHI,-0.6149177632561098,0.0,[-0.6149177632561098],,-0.28,True,cases[].metrics.speed.r2
C_V4_speed,ILO/LI_YOU_ZHI-0/before,-0.6142683497147212,0.0,[-0.6142683497147212],,0.42000000000000004,True,cases[].metrics.speed.r2
C_V4_speed,AAA/unruputer/GAO_DIAN_WEN,-0.5864921096023934,0.0,[-0.5864921096023934],,0.14,True,cases[].metrics.speed.r2
C_V4_speed,AAA/ruputer/YANG_BAO_KUI,-0.5791016041425026,0.0,[-0.5791016041425026],,-0.14,True,cases[].metrics.speed.r2
C_V4_speed,AAA/unruputer/SUN_SHU_MING,-0.5754017139354515,0.0,[-0.5754017139354515],,-0.42000000000000004,True,cases[].metrics.speed.r2
C_V4_speed,ILO/ZHANG_HE_PING-0/before,-0.5392665211966008,0.0,[-0.5392665211966008],,0.28,True,cases[].metrics.speed.r2
C_V4_speed,AAA/ruputer/LI_ZHEN_HUA,-0.5050847575828841,0.0,[-0.5050847575828841],,0.0,True,cases[].metrics.speed.r2
C_V4_speed,AAA/unruputer/LIU_KANG_WEN,-0.47359065466819383,0.0,[-0.47359065466819383],,-0.28,True,cases[].metrics.speed.r2
C_V4_speed,AG/slow/LI_HUAN_GE,-0.47146837388352725,0.0,[-0.47146837388352725],,0.42000000000000004,True,cases[].metrics.speed.r2
C_V4_speed,AAA/ruputer/YU_TIAN_HAI,-0.46567758517318936,0.0,[-0.46567758517318936],,0.14,True,cases[].metrics.speed.r2
C_V4_speed,AG/fast/ZHANG_CHUN,-0.4396849002792893,0.0,[-0.4396849002792893],,-0.14,True,cases[].metrics.speed.r2
C_V4_speed,ILO/SUN_XU_XIA-1/before,-0.4030617666679257,0.0,[-0.4030617666679257],,-0.42000000000000004,True,cases[].metrics.speed.r2
C_V4_speed,AG/slow/GUO_XI_JIANG,-0.37920894203352074,0.0,[-0.37920894203352074],,0.28,True,cases[].metrics.speed.r2
C_V4_speed,AG/slow/MA_TIAN_YI,-0.34817394932400236,0.0,[-0.34817394932400236],,0.0,True,cases[].metrics.speed.r2
C_V4_speed,AG/fast/ZHANG_LIANG,-0.31433571130282356,0.0,[-0.31433571130282356],,-0.28,True,cases[].metrics.speed.r2
C_V4_speed,AG/slow/MA_YU,-0.28641893352328296,0.0,[-0.28641893352328296],,0.42000000000000004,True,cases[].metrics.speed.r2
C_V4_speed,AG/fast/YAO_CUN_HONG,-0.22595738170259305,0.0,[-0.22595738170259305],,0.14,True,cases[].metrics.speed.r2
C_V4_speed,AAA/unruputer/MA_JIN_HE,-0.20865247463778624,0.0,[-0.20865247463778624],,-0.14,True,cases[].metrics.speed.r2
C_V4_speed,ILO/YANG_WEN_TAI-0/before,-0.17714088542484285,0.0,[-0.17714088542484285],,-0.42000000000000004,True,cases[].metrics.speed.r2
C_V4_speed,AG/fast/RAN_QING_BO,-0.1695194908649218,0.0,[-0.1695194908649218],,0.28,True,cases[].metrics.speed.r2
C_V4_speed,ILO/LU_FU_SHAN-0/before,-0.12062433406891482,0.0,[-0.12062433406891482],,0.0,True,cases[].metrics.speed.r2
C_V4_speed,ILO/ZHANG_JIN_CHUN-1/before,-0.07531230657760446,0.0,[-0.07531230657760446],,-0.28,True,cases[].metrics.speed.r2
C_V4_speed,AAA/unruputer/WANG_MAN_TIAN,-0.06584457026161639,0.0,[-0.06584457026161639],,0.42000000000000004,True,cases[].metrics.speed.r2
C_V4_speed,AG/fast/LOU_YANG,-0.05001352023185346,0.0,[-0.05001352023185346],,0.14,True,cases[].metrics.speed.r2
C_V4_speed,AAA/ruputer/WANG_FU_SHUN,0.025208458859937055,0.0,[0.025208458859937055],,-0.14,False,cases[].metrics.speed.r2
C_V4_pressure,AAA/ruputer/WANG_FU_SHUN,-1.170807511765135,0.0,[-1.170807511765135],,-0.42000000000000004,True,cases[].metrics.pressure.r2
C_V4_pressure,AAA/unruputer/ZHANG_YONG_ZHI,0.0015795914384533205,0.0,[0.0015795914384533205],,0.28,False,cases[].metrics.pressure.r2
C_V4_pressure,AAA/ruputer/YANG_BAO_KUI,0.00986675810887816,0.0,[0.00986675810887816],,0.0,False,cases[].metrics.pressure.r2
C_V4_pressure,ILO/LI_YOU_ZHI-0/before,0.010842031154579046,0.0,[0.010842031154579046],,-0.28,False,cases[].metrics.pressure.r2
C_V4_pressure,ILO/YANG_WEN_TAI-0/before,0.016195778378969017,0.0,[0.016195778378969017],,0.42000000000000004,False,cases[].metrics.pressure.r2
C_V4_pressure,ILO/ZHANG_HE_PING-0/before,0.017234206585053924,0.0,[0.017234206585053924],,0.14,False,cases[].metrics.pressure.r2
C_V4_pressure,AAA/unruputer/SUN_SHU_MING,0.025668405369724923,0.0,[0.025668405369724923],,-0.14,False,cases[].metrics.pressure.r2
C_V4_pressure,AG/slow/CHEN_JING_RU,0.028522221440427042,0.0,[0.028522221440427042],,-0.42000000000000004,False,cases[].metrics.pressure.r2
C_V4_pressure,ILO/ZHANG_YONG_SHENG-0/before,0.02900166089662093,0.0,[0.02900166089662093],,0.28,False,cases[].metrics.pressure.r2
C_V4_pressure,AAA/unruputer/LIU_KANG_WEN,0.029440748067154132,0.0,[0.029440748067154132],,0.0,False,cases[].metrics.pressure.r2
C_V4_pressure,ILO/ZHANG_JIN_CHUN-1/before,0.032530289254061984,0.0,[0.032530289254061984],,-0.28,False,cases[].metrics.pressure.r2
C_V4_pressure,ILO/YU_XIANG_SHENG-1/before,0.03981558414798447,0.0,[0.03981558414798447],,0.42000000000000004,False,cases[].metrics.pressure.r2
C_V4_pressure,AAA/ruputer/KANG_YONG,0.042170335874790243,0.0,[0.042170335874790243],,0.14,False,cases[].metrics.pressure.r2
C_V4_pressure,AG/fast/FAN_JIAN_MING,0.05185667516587922,0.0,[0.05185667516587922],,-0.14,False,cases[].metrics.pressure.r2
C_V4_pressure,AAA/unruputer/MA_JIN_HE,0.05287451018105316,0.0,[0.05287451018105316],,-0.42000000000000004,False,cases[].metrics.pressure.r2
C_V4_pressure,AAA/unruputer/WANG_MAN_TIAN,0.07185602105867228,0.0,[0.07185602105867228],,0.28,False,cases[].metrics.pressure.r2
C_V4_pressure,AAA/unruputer/GAO_DIAN_WEN,0.07826468376906393,0.0,[0.07826468376906393],,0.0,False,cases[].metrics.pressure.r2
C_V4_pressure,AG/fast/ZHANG_LIANG,0.07848697853955378,0.0,[0.07848697853955378],,-0.28,False,cases[].metrics.pressure.r2
C_V4_pressure,ILO/SUN_DONG_XIN-0/before,0.0850646247283281,0.0,[0.0850646247283281],,0.42000000000000004,False,cases[].metrics.pressure.r2
C_V4_pressure,ILO/SUN_XU_XIA-1/before,0.09289922476448076,0.0,[0.09289922476448076],,0.14,False,cases[].metrics.pressure.r2
C_V4_pressure,AG/fast/SUN_ZHI_YU,0.11087156051392688,0.0,[0.11087156051392688],,-0.14,False,cases[].metrics.pressure.r2
C_V4_pressure,AAA/ruputer/YU_TIAN_HAI,0.1298297761722783,0.0,[0.1298297761722783],,-0.42000000000000004,False,cases[].metrics.pressure.r2
C_V4_pressure,AAA/ruputer/LI_ZHEN_HUA,0.13318480985221404,0.0,[0.13318480985221404],,0.28,False,cases[].metrics.pressure.r2
C_V4_pressure,AG/fast/RAN_QING_BO,0.1446023999132765,0.0,[0.1446023999132765],,0.0,False,cases[].metrics.pressure.r2
C_V4_pressure,AG/slow/GUO_XI_JIANG,0.1459400906329148,0.0,[0.1459400906329148],,-0.28,False,cases[].metrics.pressure.r2
C_V4_pressure,AG/slow/MA_YU,0.1525982798953437,0.0,[0.1525982798953437],,0.42000000000000004,False,cases[].metrics.pressure.r2
C_V4_pressure,AG/fast/ZHANG_CHUN,0.1600604345926604,0.0,[0.1600604345926604],,0.14,False,cases[].metrics.pressure.r2
C_V4_pressure,AG/fast/LOU_YANG,0.2556203678950687,0.0,[0.2556203678950687],,-0.14,False,cases[].metrics.pressure.r2
C_V4_pressure,AG/slow/MA_TIAN_YI,0.25792843004548505,0.0,[0.25792843004548505],,-0.42000000000000004,False,cases[].metrics.pressure.r2
C_V4_pressure,AG/slow/LI_HUAN_GE,0.32534223027889375,0.0,[0.32534223027889375],,0.28,False,cases[].metrics.pressure.r2
C_V4_pressure,AG/fast/YAO_CUN_HONG,0.353482705483981,0.0,[0.353482705483981],,0.0,False,cases[].metrics.pressure.r2
C_V4_pressure,AG/slow/HE_SHU_ZHEN,0.3557046572789062,0.0,[0.3557046572789062],,-0.28,False,cases[].metrics.pressure.r2
C_V4_pressure,AG/slow/BAI_WEN_JIE,0.39211711769123003,0.0,[0.39211711769123003],,0.42000000000000004,False,cases[].metrics.pressure.r2
C_V4_pressure,AG/slow/ZHANG_WEI_XIAN,0.6254770174090213,0.0,[0.6254770174090213],,0.14,False,cases[].metrics.pressure.r2
C_V4_pressure,ILO/LU_FU_SHAN-0/before,0.7194547784994123,0.0,[0.7194547784994123],,-0.14,False,cases[].metrics.pressure.r2
C_V4_wss,AG/fast/LOU_YANG,-0.8892651028000789,0.0,[-0.8892651028000789],,-0.42000000000000004,True,cases[].wss_r2
C_V4_wss,AAA/ruputer/WANG_FU_SHUN,-0.7644475363604561,0.0,[-0.7644475363604561],,0.28,True,cases[].wss_r2
C_V4_wss,AG/slow/MA_YU,-0.5109859128512719,0.0,[-0.5109859128512719],,0.0,True,cases[].wss_r2
C_V4_wss,AG/fast/SUN_ZHI_YU,-0.4509405580746575,0.0,[-0.4509405580746575],,-0.28,True,cases[].wss_r2
C_V4_wss,AG/slow/HE_SHU_ZHEN,-0.4235641703439439,0.0,[-0.4235641703439439],,0.42000000000000004,True,cases[].wss_r2
C_V4_wss,ILO/LU_FU_SHAN-0/before,-0.3847142782136339,0.0,[-0.3847142782136339],,0.14,True,cases[].wss_r2
C_V4_wss,AG/slow/ZHANG_WEI_XIAN,-0.32820321806604724,0.0,[-0.32820321806604724],,-0.14,True,cases[].wss_r2
C_V4_wss,ILO/ZHANG_YONG_SHENG-0/before,-0.31542963559101556,0.0,[-0.31542963559101556],,-0.42000000000000004,True,cases[].wss_r2
C_V4_wss,ILO/SUN_DONG_XIN-0/before,-0.29798627457141547,0.0,[-0.29798627457141547],,0.28,True,cases[].wss_r2
C_V4_wss,ILO/YU_XIANG_SHENG-1/before,-0.20382766640977912,0.0,[-0.20382766640977912],,0.0,True,cases[].wss_r2
C_V4_wss,AG/fast/FAN_JIAN_MING,-0.20114222165616646,0.0,[-0.20114222165616646],,-0.28,True,cases[].wss_r2
C_V4_wss,AAA/ruputer/KANG_YONG,-0.12315364453463329,0.0,[-0.12315364453463329],,0.42000000000000004,True,cases[].wss_r2
C_V4_wss,AAA/unruputer/ZHANG_YONG_ZHI,-0.10626316945875791,0.0,[-0.10626316945875791],,0.14,True,cases[].wss_r2
C_V4_wss,AG/slow/CHEN_JING_RU,-0.10397875484971753,0.0,[-0.10397875484971753],,-0.14,True,cases[].wss_r2
C_V4_wss,AG/slow/LI_HUAN_GE,-0.07327309148626782,0.0,[-0.07327309148626782],,-0.42000000000000004,True,cases[].wss_r2
C_V4_wss,AAA/ruputer/YANG_BAO_KUI,-0.05716330549280291,0.0,[-0.05716330549280291],,0.28,True,cases[].wss_r2
C_V4_wss,AG/fast/ZHANG_CHUN,-0.05568281051604074,0.0,[-0.05568281051604074],,0.0,True,cases[].wss_r2
C_V4_wss,ILO/LI_YOU_ZHI-0/before,-0.04027212297224936,0.0,[-0.04027212297224936],,-0.28,True,cases[].wss_r2
C_V4_wss,ILO/ZHANG_HE_PING-0/before,-0.036604929570943856,0.0,[-0.036604929570943856],,0.42000000000000004,True,cases[].wss_r2
C_V4_wss,AAA/ruputer/LI_ZHEN_HUA,-0.031108966224329127,0.0,[-0.031108966224329127],,0.14,True,cases[].wss_r2
C_V4_wss,ILO/SUN_XU_XIA-1/before,0.006929932051637722,0.0,[0.006929932051637722],,-0.14,False,cases[].wss_r2
C_V4_wss,AG/slow/MA_TIAN_YI,0.016501399966412866,0.0,[0.016501399966412866],,-0.42000000000000004,False,cases[].wss_r2
C_V4_wss,AAA/unruputer/MA_JIN_HE,0.027033381368760434,0.0,[0.027033381368760434],,0.28,False,cases[].wss_r2
C_V4_wss,AG/slow/GUO_XI_JIANG,0.056729280672678795,0.0,[0.056729280672678795],,0.0,False,cases[].wss_r2
C_V4_wss,AAA/unruputer/SUN_SHU_MING,0.08666852260397251,0.0,[0.08666852260397251],,-0.28,False,cases[].wss_r2
C_V4_wss,AG/fast/ZHANG_LIANG,0.08796751236153821,0.0,[0.08796751236153821],,0.42000000000000004,False,cases[].wss_r2
C_V4_wss,AAA/unruputer/GAO_DIAN_WEN,0.09322398218042682,0.0,[0.09322398218042682],,0.14,False,cases[].wss_r2
C_V4_wss,ILO/ZHANG_JIN_CHUN-1/before,0.1018860111841956,0.0,[0.1018860111841956],,-0.14,False,cases[].wss_r2
C_V4_wss,AAA/ruputer/YU_TIAN_HAI,0.10469800622958891,0.0,[0.10469800622958891],,-0.42000000000000004,False,cases[].wss_r2
C_V4_wss,AAA/unruputer/WANG_MAN_TIAN,0.10908011431214071,0.0,[0.10908011431214071],,0.28,False,cases[].wss_r2
C_V4_wss,AG/fast/YAO_CUN_HONG,0.16253777362145194,0.0,[0.16253777362145194],,0.0,False,cases[].wss_r2
C_V4_wss,ILO/YANG_WEN_TAI-0/before,0.19631044088398897,0.0,[0.19631044088398897],,-0.28,False,cases[].wss_r2
C_V4_wss,AG/slow/BAI_WEN_JIE,0.19958946950955725,0.0,[0.19958946950955725],,0.42000000000000004,False,cases[].wss_r2
C_V4_wss,AAA/unruputer/LIU_KANG_WEN,0.2103045488251658,0.0,[0.2103045488251658],,0.14,False,cases[].wss_r2
C_V4_wss,AG/fast/RAN_QING_BO,0.2599162777733912,0.0,[0.2599162777733912],,-0.14,False,cases[].wss_r2
