case,A1,A1_source,outlet,udf_block,area_mesh_m2,R1,R2,C,d_new,d_udf,R1_udf,R2_udf,C_udf,changed,mis_entered,side_dev
AAA/ruputer/LIU_YONG_LAN,0.03300,udf-implied,out-le,pressure_outle,4.711910e-05,1.5274E+05,9.5123E+05,1.6214E-06,0.681,0.575,2.6179E+05,1.0470E+06,1.3677E-06,True,True,0.107
AAA/ruputer/LIU_YONG_LAN,0.03300,udf-implied,out-li,pressure_outli,2.838100e-05,2.7361E+05,2.0880E+06,7.5795E-07,0.319,0.575,3.2987E+05,1.4395E+06,1.0117E-06,True,False,0.107
AAA/ruputer/LIU_YONG_LAN,0.03300,udf-implied,out-re,pressure_outre,4.965750e-05,1.4379E+05,9.3445E+05,1.6601E-06,0.698,0.417,1.8988E+05,1.6152E+06,9.9163E-07,True,False,0.281
AAA/ruputer/LIU_YONG_LAN,0.03300,udf-implied,out-ri,pressure_outri,2.843260e-05,2.7304E+05,2.2156E+06,7.1926E-07,0.302,0.417,1.4675E+05,1.1431E+06,1.3878E-06,True,True,0.281
AAA/ruputer/MENG_GUANG_QIN,0.03300,udf-implied,out-le,pressure_outle,9.362580e-05,6.9344E+04,8.0369E+05,2.0503E-06,0.862,0.138,2.8193E+05,5.1575E+06,3.2908E-07,True,True,0.723
AAA/ruputer/MENG_GUANG_QIN,0.03300,udf-implied,out-li,pressure_outli,2.765130e-05,2.8193E+05,5.1575E+06,3.2908E-07,0.138,0.138,6.9344E+04,8.0370E+05,2.0503E-06,True,True,0.723
AAA/ruputer/MENG_GUANG_QIN,0.03300,udf-implied,out-re,pressure_outre,2.674070e-05,2.9300E+05,1.6403E+06,9.2588E-07,0.389,0.384,2.9300E+05,1.6645E+06,9.1442E-07,False,False,0.005
AAA/ruputer/MENG_GUANG_QIN,0.03300,udf-implied,out-ri,pressure_outri,3.612020e-05,2.0735E+05,1.0241E+06,1.4535E-06,0.611,0.384,2.0415E+05,1.0177E+06,1.4650E-06,False,False,0.005
AAA/ruputer/WANG_KUI_WU,0.03300,udf-implied,out-le,pressure_outle,3.469000e-05,2.1721E+05,1.1581E+06,1.3015E-06,0.547,0.663,2.1721E+05,9.1807E+05,1.5767E-06,True,False,0.116
AAA/ruputer/WANG_KUI_WU,0.03300,udf-implied,out-li,pressure_outli,3.059350e-05,2.5098E+05,1.4097E+06,1.0779E-06,0.453,0.663,3.6448E+05,1.8655E+06,8.0268E-07,True,False,0.116
AAA/ruputer/WANG_KUI_WU,0.03300,udf-implied,out-re,pressure_outre,3.087190e-05,2.4838E+05,9.6011E+05,1.4812E-06,0.623,0.503,2.4838E+05,1.2461E+06,1.1978E-06,True,False,0.119
AAA/ruputer/WANG_KUI_WU,0.03300,udf-implied,out-ri,pressure_outri,2.211740e-05,3.6448E+05,1.6284E+06,8.9819E-07,0.377,0.503,2.5098E+05,1.2639E+06,1.1816E-06,True,False,0.119
AAA/ruputer/WU_GUANG_CUN,0.03300,udf-implied,out-le,pressure_outle,6.637740e-06,1.4548E+06,1.2504E+06,6.6169E-07,0.278,0.924,1.0299E+05,7.1106E+05,2.1989E-06,True,True,0.646
AAA/ruputer/WU_GUANG_CUN,0.03300,udf-implied,out-li,pressure_outli,1.253740e-05,7.0013E+05,3.4199E+05,1.7177E-06,0.722,0.924,7.0013E+05,9.2167E+06,1.8050E-07,True,False,0.646
AAA/ruputer/WU_GUANG_CUN,0.03300,udf-implied,out-re,pressure_outre,1.828350e-05,4.5368E+05,1.1360E+06,1.1260E-06,0.473,0.473,4.5368E+05,1.1360E+06,1.1260E-06,False,False,0.000
AAA/ruputer/WU_GUANG_CUN,0.03300,udf-implied,out-ri,pressure_outri,1.963690e-05,4.1791E+05,1.0103E+06,1.2533E-06,0.527,0.473,4.1791E+05,1.0103E+06,1.2533E-06,False,False,0.000
AAA/ruputer/ZHOU_KE_XUN,0.03300,udf-implied,out-le,pressure_outle,7.147760e-06,1.3360E+06,4.5769E+06,3.0273E-07,0.127,0.851,1.8911E+05,6.9502E+05,2.0246E-06,True,True,0.724
AAA/ruputer/ZHOU_KE_XUN,0.03300,udf-implied,out-li,pressure_outli,2.580540e-05,3.0524E+05,5.5672E+05,2.0767E-06,0.873,0.851,7.1879E+05,4.3266E+06,3.5478E-07,True,True,0.724
AAA/ruputer/ZHOU_KE_XUN,0.03300,udf-implied,out-re,pressure_outre,1.719530e-05,4.8685E+05,1.4801E+06,9.1003E-07,0.382,0.342,4.1943E+05,1.7831E+06,8.1268E-07,True,False,0.041
AAA/ruputer/ZHOU_KE_XUN,0.03300,udf-implied,out-ri,pressure_outri,2.366580e-05,3.3719E+05,8.8104E+05,1.4693E-06,0.618,0.342,2.5358E+05,8.8895E+05,1.5667E-06,True,False,0.041
AAA/ruputer/ZOU_LI_SHUN,0.03300,udf-implied,out-le,pressure_outle,3.153090e-05,2.4242E+05,9.6698E+05,1.4801E-06,0.622,0.622,2.4242E+05,9.6697E+05,1.4801E-06,False,False,0.000
AAA/ruputer/ZOU_LI_SHUN,0.03300,udf-implied,out-li,pressure_outli,2.261930e-05,3.5519E+05,1.6353E+06,8.9929E-07,0.378,0.622,3.5519E+05,1.6353E+06,8.9929E-07,False,False,0.000
AAA/ruputer/ZOU_LI_SHUN,0.03300,udf-implied,out-re,pressure_outre,2.543700e-05,3.1033E+05,1.1625E+06,1.2153E-06,0.511,0.032,3.1033E+05,2.3228E+07,7.6046E-08,True,False,0.479
AAA/ruputer/ZOU_LI_SHUN,0.03300,udf-implied,out-ri,pressure_outri,2.471640e-05,3.2076E+05,1.2170E+06,1.1640E-06,0.489,0.032,2.2708E+04,7.5443E+05,2.3033E-06,True,True,0.479
AAA/ruputer/ZUO_DAO_SHENG,0.03300,udf-implied,out-le,pressure_outle,3.913170e-05,1.8911E+05,6.9502E+05,2.0246E-06,0.851,0.821,9.4584E+04,8.2137E+05,1.9543E-06,True,True,0.030
AAA/ruputer/ZUO_DAO_SHENG,0.03300,udf-implied,out-li,pressure_outli,1.225390e-05,7.1879E+05,4.3266E+06,3.5478E-07,0.149,0.821,3.0458E+05,3.9059E+06,4.2513E-07,True,True,0.030
AAA/ruputer/ZUO_DAO_SHENG,0.03300,udf-implied,out-re,pressure_outre,1.957490e-05,4.1943E+05,1.7831E+06,8.1268E-07,0.342,0.382,4.8685E+05,1.4801E+06,9.1003E-07,True,False,0.041
AAA/ruputer/ZUO_DAO_SHENG,0.03300,udf-implied,out-ri,pressure_outri,3.032090e-05,2.5358E+05,8.8895E+05,1.5667E-06,0.658,0.382,3.3719E+05,8.8103E+05,1.4694E-06,True,False,0.041
AAA/unruputer/GUO_BAO_CHUN,0.03300,udf-implied,out-le,pressure_outle,9.467270e-05,6.8463E+04,3.7237E+06,4.7203E-07,0.198,0.887,6.8463E+04,7.7996E+05,2.1098E-06,True,False,0.688
AAA/unruputer/GUO_BAO_CHUN,0.03300,udf-implied,out-li,pressure_outli,2.401790e-04,2.3469E+04,9.1500E+05,1.9074E-06,0.802,0.887,3.3151E+05,6.3082E+06,2.6959E-07,True,True,0.688
AAA/unruputer/GUO_BAO_CHUN,0.03300,udf-implied,out-re,pressure_outre,9.440150e-05,6.8689E+04,3.4552E+06,5.0797E-07,0.213,0.896,6.8689E+04,7.7125E+05,2.1311E-06,True,False,0.682
AAA/unruputer/GUO_BAO_CHUN,0.03300,udf-implied,out-ri,pressure_outri,2.251830e-04,2.5275E+04,9.3122E+05,1.8714E-06,0.787,0.896,3.5703E+05,6.8526E+06,2.4828E-07,True,True,0.682
AAA/unruputer/LIU_XING_GUO,0.03300,udf-implied,out-le,pressure_outle,3.567240e-05,2.1035E+05,1.0887E+06,1.3780E-06,0.579,0.584,1.1218E+05,1.1764E+06,1.3891E-06,True,True,0.005
AAA/unruputer/LIU_XING_GUO,0.03300,udf-implied,out-li,pressure_outli,2.883550e-05,2.6866E+05,1.5188E+06,1.0014E-06,0.421,0.584,1.4541E+05,1.6622E+06,9.9027E-07,True,True,0.005
AAA/unruputer/LIU_XING_GUO,0.03300,udf-implied,out-re,pressure_outre,5.442640e-05,1.2940E+05,9.7752E+05,1.6171E-06,0.680,0.428,1.3560E+05,1.6207E+06,1.0192E-06,True,False,0.251
AAA/unruputer/LIU_XING_GUO,0.03300,udf-implied,out-ri,pressure_outri,3.296610e-05,2.3032E+05,2.1178E+06,7.6230E-07,0.320,0.428,1.0868E+05,1.2073E+06,1.3602E-06,True,True,0.251
AAA/unruputer/QIAO_XIU_YUN,0.03300,udf-implied,out-le,pressure_outle,5.769140e-05,1.2101E+05,8.4819E+05,1.8469E-06,0.776,0.646,1.2101E+05,1.0440E+06,1.5364E-06,True,False,0.130
AAA/unruputer/QIAO_XIU_YUN,0.03300,udf-implied,out-li,pressure_outli,2.518060e-05,3.1397E+05,3.0471E+06,5.3256E-07,0.224,0.646,1.9174E+05,1.9317E+06,8.4297E-07,True,True,0.130
AAA/unruputer/QIAO_XIU_YUN,0.03300,udf-implied,out-re,pressure_outre,6.320670e-05,1.0895E+05,9.8506E+05,1.6362E-06,0.688,0.688,1.0895E+05,9.8509E+05,1.6361E-06,False,False,0.000
AAA/unruputer/QIAO_XIU_YUN,0.03300,udf-implied,out-ri,pressure_outri,3.735150e-05,1.9951E+05,2.2088E+06,7.4327E-07,0.312,0.688,1.9951E+05,2.2088E+06,7.4325E-07,False,False,0.000
AAA/unruputer/SUN_SHU_MING,0.03300,udf-implied,out-le,pressure_outle,9.927180e-05,6.4828E+04,1.0111E+06,1.6636E-06,0.699,0.699,6.4828E+04,1.0111E+06,1.6636E-06,False,False,0.000
AAA/unruputer/SUN_SHU_MING,0.03300,udf-implied,out-li,pressure_outli,5.657480e-05,1.2377E+05,2.3771E+06,7.1574E-07,0.301,0.699,1.2377E+05,2.3771E+06,7.1574E-07,False,False,0.000
AAA/unruputer/SUN_SHU_MING,0.03300,udf-implied,out-re,pressure_outre,1.026370e-04,6.2390E+04,1.0431E+06,1.6192E-06,0.681,0.063,8.8129E+05,1.1040E+07,1.5016E-07,True,True,0.617
AAA/unruputer/SUN_SHU_MING,0.03300,udf-implied,out-ri,pressure_outri,6.199750e-05,1.1140E+05,2.2433E+06,7.6017E-07,0.319,0.063,1.1140E+05,6.9157E+05,2.2292E-06,True,False,0.617
AAA/unruputer/YANG_BEN_RUI,0.03300,udf-implied,out-le,pressure_outle,6.645150e-05,1.0286E+05,1.2478E+06,1.3253E-06,0.557,0.557,1.0286E+05,1.2478E+06,1.3253E-06,False,False,0.000
AAA/unruputer/YANG_BEN_RUI,0.03300,udf-implied,out-li,pressure_outli,5.704490e-05,1.2259E+05,1.5756E+06,1.0541E-06,0.443,0.557,1.2259E+05,1.5756E+06,1.0541E-06,False,False,0.000
AAA/unruputer/YANG_BEN_RUI,0.03300,udf-implied,out-re,pressure_outre,8.777600e-05,7.4685E+04,1.2995E+06,1.3026E-06,0.547,0.451,1.0055E+05,1.5684E+06,1.0726E-06,True,False,0.097
AAA/unruputer/YANG_BEN_RUI,0.03300,udf-implied,out-ri,pressure_outri,7.731650e-05,8.6418E+04,1.5759E+06,1.0768E-06,0.453,0.451,8.6418E+04,1.2833E+06,1.3068E-06,True,False,0.097
AG/fast/LIU_JUN_FENG,0.02842,udf-implied,out-le,pressure_outle,8.108820e-05,8.1811E+04,1.0335E+06,1.6049E-06,0.783,0.528,7.8445E+03,1.6450E+06,1.0830E-06,True,True,0.255
AG/fast/LIU_JUN_FENG,0.02842,udf-implied,out-li,pressure_outli,3.444530e-05,2.1899E+05,3.8096E+06,4.4433E-07,0.217,0.528,8.5612E+03,1.8440E+06,9.6625E-07,True,True,0.255
AG/fast/LIU_JUN_FENG,0.02842,udf-implied,out-re,pressure_outre,6.838510e-05,9.9520E+04,8.7900E+05,1.8293E-06,0.893,0.467,8.8824E+03,1.8612E+06,9.5719E-07,True,True,0.426
AG/fast/LIU_JUN_FENG,0.02842,udf-implied,out-ri,pressure_outri,1.665800e-05,5.0495E+05,7.6342E+06,2.1993E-07,0.107,0.467,8.0287E+03,1.6311E+06,1.0920E-06,True,True,0.426
AG/fast/LIU_LI_QUN,0.02842,udf-implied,out-le,pressure_outle,4.100040e-05,1.7923E+05,1.3779E+06,1.1495E-06,0.561,0.561,1.7628E+05,1.3805E+06,1.1498E-06,False,False,0.000
AG/fast/LIU_LI_QUN,0.02842,udf-implied,out-li,pressure_outli,3.482270e-05,2.1626E+05,1.7732E+06,8.9976E-07,0.439,0.561,2.1280E+05,1.7773E+06,8.9945E-07,False,False,0.000
AG/fast/LIU_LI_QUN,0.02842,udf-implied,out-re,pressure_outre,5.062260e-05,1.4064E+05,1.1099E+06,1.4314E-06,0.699,0.414,1.3846E+05,1.9714E+06,8.4839E-07,True,False,0.285
AG/fast/LIU_LI_QUN,0.02842,udf-implied,out-ri,pressure_outri,2.891250e-05,2.6783E+05,2.6293E+06,6.1785E-07,0.301,0.414,1.0608E+05,1.3845E+06,1.2008E-06,True,True,0.285
AG/fast/LIU_YI_BING,0.02842,udf-implied,out-le,pressure_outle,1.792100e-05,4.6425E+05,2.4756E+06,6.0887E-07,0.297,0.307,4.3595E+05,2.4113E+06,6.2868E-07,False,False,0.010
AG/fast/LIU_YI_BING,0.02842,udf-implied,out-li,pressure_outli,3.181740e-05,2.3991E+05,1.0028E+06,1.4404E-06,0.703,0.307,2.3336E+05,1.0267E+06,1.4205E-06,False,False,0.010
AG/fast/LIU_YI_BING,0.02842,udf-implied,out-re,pressure_outre,1.639850e-05,5.1415E+05,2.1417E+06,6.7397E-07,0.329,0.668,2.8731E+05,1.0198E+06,1.3694E-06,True,True,0.339
AG/fast/LIU_YI_BING,0.02842,udf-implied,out-ri,pressure_outri,2.638160e-05,2.9759E+05,1.0040E+06,1.3753E-06,0.671,0.668,4.9153E+05,2.1416E+06,6.7979E-07,True,True,0.339
AG/fast/WANG_CHUN_MING,0.02842,udf-implied,out-le,pressure_outle,5.013810e-05,1.4221E+05,1.1302E+06,1.4068E-06,0.686,0.534,1.1275E+04,1.6235E+06,1.0950E-06,True,True,0.152
AG/fast/WANG_CHUN_MING,0.02842,udf-implied,out-li,pressure_outli,2.973360e-05,2.5935E+05,2.5269E+06,6.4245E-07,0.314,0.534,1.2529E+04,1.8633E+06,9.5424E-07,True,True,0.152
AG/fast/WANG_CHUN_MING,0.02842,udf-implied,out-re,pressure_outre,4.469290e-05,1.6231E+05,1.2540E+06,1.2639E-06,0.617,0.505,1.2257E+04,1.7175E+06,1.0348E-06,True,True,0.112
AG/fast/WANG_CHUN_MING,0.02842,udf-implied,out-ri,pressure_outri,3.254430e-05,2.3376E+05,2.0455E+06,7.8533E-07,0.383,0.505,1.2446E+04,1.7522E+06,1.0144E-06,True,True,0.112
AG/fast/ZHANG_QING_WANG,0.02842,udf-implied,out-le,pressure_outle,2.174990e-05,3.7157E+05,2.1429E+06,7.1188E-07,0.347,0.360,3.4727E+05,2.0790E+06,7.3776E-07,False,False,0.013
AG/fast/ZHANG_QING_WANG,0.02842,udf-implied,out-li,pressure_outli,3.311380e-05,2.2914E+05,1.1094E+06,1.3373E-06,0.653,0.360,2.2342E+05,1.1415E+06,1.3115E-06,False,False,0.013
AG/fast/ZHANG_QING_WANG,0.02842,udf-implied,out-re,pressure_outre,2.646300e-05,2.9654E+05,1.0680E+06,1.3118E-06,0.640,0.388,2.8658E+05,1.9624E+06,7.9593E-07,True,False,0.252
AG/fast/ZHANG_QING_WANG,0.02842,udf-implied,out-ri,pressure_outri,1.802370e-05,4.6121E+05,1.9663E+06,7.3737E-07,0.360,0.388,2.0234E+05,1.2259E+06,1.2533E-06,True,True,0.252
AG/slow/CHENG_GUANG_SEN,0.02842,udf-implied,out-le,pressure_outle,6.764360e-05,1.0078E+05,1.1122E+06,1.4757E-06,0.720,0.719,9.9171E+04,1.1157E+06,1.4734E-06,False,False,0.001
AG/slow/CHENG_GUANG_SEN,0.02842,udf-implied,out-li,pressure_outli,3.602550e-05,2.0798E+05,2.9130E+06,5.7354E-07,0.280,0.719,2.0381E+05,2.9049E+06,5.7580E-07,False,False,0.001
AG/slow/CHENG_GUANG_SEN,0.02842,udf-implied,out-re,pressure_outre,6.846280e-05,9.9390E+04,1.0666E+06,1.5352E-06,0.749,0.254,2.2410E+05,3.2183E+06,5.1998E-07,True,True,0.495
AG/slow/CHENG_GUANG_SEN,0.02842,udf-implied,out-ri,pressure_outri,3.301040e-05,2.2997E+05,3.2525E+06,5.1400E-07,0.251,0.254,9.8010E+04,1.0725E+06,1.5292E-06,True,True,0.495
AG/slow/LIU_ZONG_YANG,0.02842,udf-implied,out-le,pressure_outle,5.069570e-05,1.4041E+05,9.6927E+05,1.6131E-06,0.787,0.780,1.3988E+05,9.7948E+05,1.5991E-06,False,False,0.007
AG/slow/LIU_ZONG_YANG,0.02842,udf-implied,out-li,pressure_outli,2.119750e-05,3.8273E+05,3.7215E+06,4.3614E-07,0.213,0.780,3.6971E+05,3.6073E+06,4.5009E-07,False,False,0.007
AG/slow/LIU_ZONG_YANG,0.02842,udf-implied,out-re,pressure_outre,1.583050e-05,5.3542E+05,1.8971E+06,7.3585E-07,0.359,0.640,3.2928E+05,1.0346E+06,1.3124E-06,True,False,0.281
AG/slow/LIU_ZONG_YANG,0.02842,udf-implied,out-ri,pressure_outri,2.329300e-05,3.4340E+05,1.0195E+06,1.3134E-06,0.641,0.640,5.1260E+05,1.9168E+06,7.3681E-07,True,False,0.281
ILO/HOU_SHI_GUO-0/before,0.03300,udf-implied,out-le,pressure_outle,2.535610e-05,3.1147E+05,9.1611E+05,1.4582E-06,0.613,0.613,3.1147E+05,9.1611E+05,1.4581E-06,False,False,0.000
ILO/HOU_SHI_GUO-0/before,0.03300,udf-implied,out-li,pressure_outli,1.866930e-05,4.4291E+05,1.5001E+06,9.2124E-07,0.387,0.613,4.4291E+05,1.5001E+06,9.2123E-07,False,False,0.000
ILO/HOU_SHI_GUO-0/before,0.03300,udf-implied,out-re,pressure_outre,3.010770e-05,2.5564E+05,6.2421E+05,2.0344E-06,0.855,0.157,2.5564E+05,4.5305E+06,3.7400E-07,True,False,0.698
ILO/HOU_SHI_GUO-0/before,0.03300,udf-implied,out-ri,pressure_outri,9.223550e-06,9.9651E+05,4.1925E+06,3.4496E-07,0.145,0.157,7.0548E+04,8.2205E+05,2.0054E-06,True,True,0.698
ILO/LIU_BAO_JUN-0/before,0.03300,udf-implied,out-le,pressure_outle,6.111330e-05,1.1326E+05,1.4300E+06,1.1599E-06,0.487,0.487,1.1326E+05,1.4300E+06,1.1599E-06,False,False,0.000
ILO/LIU_BAO_JUN-0/before,0.03300,udf-implied,out-li,pressure_outli,6.319150e-05,1.0898E+05,1.3588E+06,1.2195E-06,0.513,0.487,1.0898E+05,1.3588E+06,1.2195E-06,False,False,0.000
ILO/LIU_BAO_JUN-0/before,0.03300,udf-implied,out-re,pressure_outre,6.575000e-05,1.0412E+05,2.5866E+06,6.6525E-07,0.280,0.925,1.0412E+05,7.0947E+05,2.2001E-06,True,False,0.645
ILO/LIU_BAO_JUN-0/before,0.03300,udf-implied,out-ri,pressure_outri,1.235770e-04,5.0395E+04,9.9386E+05,1.7141E-06,0.720,0.925,7.1185E+05,9.2731E+06,1.7927E-07,True,True,0.645
ILO/LIU_LIAN_YOU-0/before,0.03300,udf-implied,out-le,pressure_outle,4.451400e-05,1.6306E+05,9.8633E+05,1.5573E-06,0.655,0.748,1.7753E+05,8.2830E+05,1.7796E-06,True,False,0.093
ILO/LIU_LIAN_YOU-0/before,0.03300,udf-implied,out-li,pressure_outli,2.907390e-05,2.6613E+05,1.9114E+06,8.2204E-07,0.345,0.748,4.0870E+05,2.5758E+06,5.9977E-07,True,False,0.093
ILO/LIU_LIAN_YOU-0/before,0.03300,udf-implied,out-re,pressure_outre,4.089830e-05,1.7974E+05,7.0603E+05,2.0208E-06,0.849,0.806,1.2277E+05,8.1032E+05,1.9184E-06,True,False,0.043
ILO/LIU_LIAN_YOU-0/before,0.03300,udf-implied,out-ri,pressure_outri,1.291410e-05,6.7669E+05,4.3154E+06,3.5856E-07,0.151,0.806,3.6627E+05,3.5164E+06,4.6102E-07,True,True,0.043
ILO/SUN_XU_XIA-1/before,0.03300,udf-implied,out-le,pressure_outle,9.524360e-06,9.6040E+05,2.6771E+06,4.9210E-07,0.207,0.892,6.7991E+04,7.7554E+05,2.1220E-06,True,True,0.685
ILO/SUN_XU_XIA-1/before,0.03300,udf-implied,out-li,pressure_outli,2.333610e-05,3.4268E+05,6.0578E+05,1.8873E-06,0.793,0.892,3.4268E+05,6.6126E+06,2.5736E-07,True,False,0.685
ILO/SUN_XU_XIA-1/before,0.03300,udf-implied,out-re,pressure_outre,1.042250e-05,8.6586E+05,1.8384E+06,6.6193E-07,0.278,0.278,8.6586E+05,1.8384E+06,6.6193E-07,False,False,0.000
ILO/SUN_XU_XIA-1/before,0.03300,udf-implied,out-ri,pressure_outri,1.967990e-05,4.1686E+05,6.2538E+05,1.7175E-06,0.722,0.278,4.1686E+05,6.2538E+05,1.7175E-06,False,False,0.000
ILO/YANG_WANG_QI-1/before,0.03300,udf-implied,out-le,pressure_outle,2.045030e-05,3.9885E+05,9.3180E+05,1.3452E-06,0.565,0.565,3.9885E+05,9.3180E+05,1.3452E-06,False,False,0.000
ILO/YANG_WANG_QI-1/before,0.03300,udf-implied,out-li,pressure_outli,1.716210e-05,4.8793E+05,1.2429E+06,1.0342E-06,0.435,0.565,4.8793E+05,1.2429E+06,1.0342E-06,False,False,0.000
ILO/YANG_WANG_QI-1/before,0.03300,udf-implied,out-re,pressure_outre,1.830790e-05,4.5298E+05,5.1637E+05,1.8466E-06,0.776,0.099,4.5298E+05,7.1633E+06,2.3502E-07,True,False,0.677
ILO/YANG_WANG_QI-1/before,0.03300,udf-implied,out-ri,pressure_outri,7.993980e-06,1.1747E+06,2.1849E+06,5.3279E-07,0.224,0.099,8.3164E+04,7.5158E+05,2.1444E-06,True,True,0.677
ILO/ZHANG_JIN_CHUN-1/before,0.03300,udf-implied,out-le,pressure_outle,4.445930e-05,1.6329E+05,8.8149E+05,1.7133E-06,0.720,0.720,1.6329E+05,8.8150E+05,1.7133E-06,False,False,0.000
ILO/ZHANG_JIN_CHUN-1/before,0.03300,udf-implied,out-li,pressure_outli,2.368330e-05,3.3690E+05,2.3503E+06,6.6611E-07,0.280,0.720,3.3690E+05,2.3503E+06,6.6611E-07,False,False,0.000
ILO/ZHANG_JIN_CHUN-1/before,0.03300,udf-implied,out-re,pressure_outre,2.478370e-05,3.1976E+05,5.7525E+05,2.0000E-06,0.841,0.143,3.1976E+05,4.9456E+06,3.3996E-07,True,False,0.698
ILO/ZHANG_JIN_CHUN-1/before,0.03300,udf-implied,out-ri,pressure_outri,8.182480e-06,1.1437E+06,3.5742E+06,3.7941E-07,0.159,0.143,8.0965E+04,7.9673E+05,2.0394E-06,True,True,0.698
ILO/ZHANG_YONG_SHENG-0/before,0.03300,udf-implied,out-le,pressure_outle,4.428100e-05,1.6405E+05,2.2009E+06,7.5690E-07,0.318,0.682,9.1430E+04,1.0118E+06,1.6225E-06,True,True,0.364
ILO/ZHANG_YONG_SHENG-0/before,0.03300,udf-implied,out-li,pressure_outli,7.361710e-05,9.1430E+04,1.0118E+06,1.6225E-06,0.682,0.682,1.6405E+05,2.2009E+06,7.5690E-07,True,True,0.364
ILO/ZHANG_YONG_SHENG-0/before,0.03300,udf-implied,out-re,pressure_outre,5.805030e-05,1.2015E+05,8.8205E+05,1.7861E-06,0.751,0.751,1.2015E+05,8.8206E+05,1.7860E-06,False,False,0.000
ILO/ZHANG_YONG_SHENG-0/before,0.03300,udf-implied,out-ri,pressure_outri,2.784460e-05,2.7968E+05,2.7372E+06,5.9334E-07,0.249,0.751,2.7968E+05,2.7372E+06,5.9333E-07,False,False,0.000
