rank,case_id,r2,r2_sd,seed_values,mae,nmae,nmae_definition,point_count,representative
1,AAA/unruputer/SUN_SHU_MING,0.4812790945710115,0.0607162132754494,"[0.4376894162206607, 0.4555196120656647, 0.550628255426709]",0.07442904172211645,0.09390482992757554,MAE / within-case truth range,463947,worst
2,ILO/ZHANG_JIN_CHUN-1/before,0.49803386684415213,0.02367883639298066,"[0.4949480077381522, 0.5231043419153097, 0.4760492508789943]",0.1414756844332723,0.05293718106983767,MAE / within-case truth range,473754,
3,AAA/ruputer/WANG_FU_SHUN,0.5780673863188154,0.0596608404133827,"[0.5761974411558795, 0.5193635011174014, 0.6386412166831654]",0.10805865500829914,0.05160746561077099,MAE / within-case truth range,612696,
4,AAA/unruputer/ZHANG_YONG_ZHI,0.6371187824414243,0.021687380226858417,"[0.617587073219175, 0.66045765117055, 0.6333116229345477]",0.13384582067483863,0.06327295953694174,MAE / within-case truth range,443344,
5,AAA/unruputer/WANG_MAN_TIAN,0.6432303322709251,0.01583248264630812,"[0.6256200844038131, 0.6562871481370893, 0.6477837642718729]",0.08672700105123098,0.03687949754827049,MAE / within-case truth range,468733,
6,ILO/SUN_XU_XIA-1/before,0.6496538118040668,0.02012575087995694,"[0.6720799253352229, 0.6331636419642919, 0.6437178681126854]",0.2122482702060654,0.05730851629136058,MAE / within-case truth range,373931,
7,AG/fast/FAN_JIAN_MING,0.7029304217593091,0.030538849552410804,"[0.6732554641253378, 0.701270355333099, 0.7342654458194904]",0.07461385482341339,0.06588119838233678,MAE / within-case truth range,307034,
8,AAA/unruputer/MA_JIN_HE,0.7179022562865539,0.02799298263081171,"[0.7112576222472741, 0.7486197134852833, 0.6938294331271045]",0.08371777191435852,0.03947461864289739,MAE / within-case truth range,493643,
9,ILO/SUN_DONG_XIN-0/before,0.7224111789077566,0.029971243501713575,"[0.6880494736212053, 0.736024070734382, 0.7431599923676825]",0.05838564527055585,0.057511542365322084,MAE / within-case truth range,260668,
10,AG/slow/ZHANG_WEI_XIAN,0.7358861910729589,0.014093840031224802,"[0.7215327894031798, 0.7364205111445047, 0.7497052726711924]",0.12688465386394393,0.09963692136667988,MAE / within-case truth range,559568,
11,AG/fast/ZHANG_CHUN,0.7419109581836967,0.016704400973729713,"[0.7603523823373659, 0.7277940824781125, 0.7375864097356114]",0.14113424781102402,0.051024335303984314,MAE / within-case truth range,407395,
12,AG/slow/MA_YU,0.7494635381480558,0.012227984180011496,"[0.760928905690918, 0.7508675628221843, 0.736594145931065]",0.08415547935295109,0.06472936710383075,MAE / within-case truth range,421247,
13,AAA/ruputer/KANG_YONG,0.7646884226461168,0.03620880370186693,"[0.7305200243207151, 0.7609047545860312, 0.8026404890316041]",0.051635532852924854,0.09332548165093472,MAE / within-case truth range,512189,
14,AG/slow/HE_SHU_ZHEN,0.7718344853382296,0.014892727583256514,"[0.7877413509961527, 0.7582222493164825, 0.7695398557020539]",0.08853019435716265,0.07823544473657888,MAE / within-case truth range,296040,
15,ILO/LI_YOU_ZHI-0/before,0.7891271164313437,0.044480353188921455,"[0.8252437181314636, 0.7394429538374929, 0.8026946773250743]",0.04126910527765407,0.05033710290381329,MAE / within-case truth range,434853,
16,AG/slow/MA_TIAN_YI,0.7916849797820428,0.004669565271599273,"[0.7863077968823649, 0.794028219420992, 0.7947189230427714]",0.15587526377152952,0.05116364158738106,MAE / within-case truth range,367483,
17,AG/slow/LI_HUAN_GE,0.7996790670872551,0.02488578307485399,"[0.771183035816835, 0.8171340050204194, 0.8107201604245111]",0.1112393068756944,0.06346974705617042,MAE / within-case truth range,367250,
18,AG/fast/SUN_ZHI_YU,0.8076402450484977,0.010739029752065985,"[0.7953086914962286, 0.8149357785490631, 0.8126762651002017]",0.05674988487018318,0.06950680911081904,MAE / within-case truth range,346815,
19,AG/slow/CHEN_JING_RU,0.8120849900884913,0.022039049938452432,"[0.8102676376236776, 0.7910108856800517, 0.8349764469617448]",0.06746605525050263,0.06737282578346374,MAE / within-case truth range,360390,
20,ILO/YANG_WEN_TAI-0/before,0.8121622125618245,0.015763699002269947,"[0.7985900595664016, 0.8084439231321804, 0.8294526549868917]",0.050695206187727715,0.04521274117607865,MAE / within-case truth range,620218,
21,AAA/ruputer/YU_TIAN_HAI,0.8192548260518465,0.0036224258319408394,"[0.8152252154210656, 0.8202982161464711, 0.8222410465880028]",0.09373356846956798,0.05951573773485729,MAE / within-case truth range,406400,
22,ILO/LU_FU_SHAN-0/before,0.8202050481009989,0.010357219141701506,"[0.8188257283046454, 0.8106066034106829, 0.8311828125876687]",0.07738268241802188,0.058579637930723565,MAE / within-case truth range,503357,
23,ILO/ZHANG_HE_PING-0/before,0.8217034134125352,0.009773337580721405,"[0.8169339709182862, 0.8152305141446861, 0.8329457551746332]",0.057440230096180774,0.05698979853435656,MAE / within-case truth range,546441,
24,AAA/unruputer/GAO_DIAN_WEN,0.8285031564344533,0.03186566670003413,"[0.8300892218679998, 0.7958740747861928, 0.8595461726491671]",0.05969761348989733,0.04785412929614428,MAE / within-case truth range,390226,
25,ILO/YU_XIANG_SHENG-1/before,0.8425724971542423,0.008293538779356598,"[0.8332210670005479, 0.8490359065688112, 0.845460517893368]",0.07409111720116424,0.045087999697537344,MAE / within-case truth range,359001,
26,ILO/ZHANG_YONG_SHENG-0/before,0.8435897689740693,0.03178090352396564,"[0.8802199298246959, 0.8271980491084359, 0.8233513279890763]",0.04053557914366612,0.04691094841565687,MAE / within-case truth range,381906,most_frequent
27,AG/fast/YAO_CUN_HONG,0.877345751727742,0.010224508564420493,"[0.8814918409301673, 0.8656994091771256, 0.884846005075933]",0.0970941231903635,0.05356072695623045,MAE / within-case truth range,273558,
28,AG/slow/GUO_XI_JIANG,0.8869905117305464,0.012595551180331744,"[0.8733773194342472, 0.8982309161925883, 0.8893632995648042]",0.07250448656160406,0.034930905988058085,MAE / within-case truth range,295383,
29,AG/slow/BAI_WEN_JIE,0.8889837805382251,0.007512650170673277,"[0.8879215571592448, 0.8820587756978603, 0.8969710087575704]",0.05338750417968622,0.04209316811180256,MAE / within-case truth range,314462,
30,AG/fast/RAN_QING_BO,0.8939126968102751,0.012801923613105178,"[0.9053223459496644, 0.8800682052889905, 0.8963475391921701]",0.057803122373295455,0.031766632620544834,MAE / within-case truth range,540680,
31,AAA/unruputer/LIU_KANG_WEN,0.9089148880428831,0.01775924210367433,"[0.8894533423306045, 0.9130486207023126, 0.9242427010957323]",0.06834442936181366,0.048270765144939165,MAE / within-case truth range,418491,
32,AG/fast/LOU_YANG,0.9136961627458747,0.005617162098433955,"[0.9197671087945838, 0.9086832619490514, 0.9126381174939893]",0.06531945156145345,0.046180762781809104,MAE / within-case truth range,310133,
33,AAA/ruputer/LI_ZHEN_HUA,0.9156307312395319,0.0177252719211684,"[0.9113166460278391, 0.900460720827942, 0.9351148268628148]",0.08080255582127054,0.05171290916206888,MAE / within-case truth range,365126,
34,AG/fast/ZHANG_LIANG,0.916770543993211,0.007523215660738181,"[0.9163681618454015, 0.9094565943276938, 0.9244868758065377]",0.055409334598108095,0.04150355296878497,MAE / within-case truth range,426057,best
